Analysis & Synthesis report for lab8
Wed Apr 16 02:32:47 2025
Quartus II Version 9.1 Build 222 10/21/2009 SJ Web Edition


---------------------
; Table of Contents ;
---------------------
  1. Legal Notice
  2. Analysis & Synthesis Summary
  3. Analysis & Synthesis Settings
  4. Parallel Compilation
  5. Analysis & Synthesis Source Files Read
  6. Analysis & Synthesis Resource Usage Summary
  7. Analysis & Synthesis Resource Utilization by Entity
  8. Analysis & Synthesis RAM Summary
  9. Registers Removed During Synthesis
 10. General Register Statistics
 11. Multiplexer Restructuring Statistics (Restructuring Performed)
 12. Source assignments for CACHE:inst1|cache_control:inst1|lpm_counter1:inst43|lpm_counter:lpm_counter_component
 13. Source assignments for CACHE:inst1|cache_control:inst1|lpm_counter6:inst97|lpm_counter:lpm_counter_component
 14. Source assignments for CACHE:inst1|cache_control:inst1|lpm_counter5:inst69|lpm_counter:lpm_counter_component
 15. Source assignments for CACHE:inst1|cache_control:inst1|lpm_counter5:inst81|lpm_counter:lpm_counter_component
 16. Source assignments for CACHE:inst1|cache_control:inst1|lpm_counter5:inst80|lpm_counter:lpm_counter_component
 17. Source assignments for CACHE:inst1|cache_control:inst1|lpm_counter5:inst79|lpm_counter:lpm_counter_component
 18. Source assignments for CACHE:inst1|cache_control:inst1|lpm_counter5:inst78|lpm_counter:lpm_counter_component
 19. Source assignments for CACHE:inst1|cache_control:inst1|lpm_counter5:inst77|lpm_counter:lpm_counter_component
 20. Source assignments for CACHE:inst1|cache_control:inst1|lpm_counter5:inst76|lpm_counter:lpm_counter_component
 21. Source assignments for CACHE:inst1|cache_control:inst1|lpm_counter5:inst75|lpm_counter:lpm_counter_component
 22. Source assignments for CACHE:inst1|LINE:inst26|lpm_counter0:inst3|lpm_counter:lpm_counter_component
 23. Source assignments for CACHE:inst1|LINE:inst28|lpm_counter0:inst3|lpm_counter:lpm_counter_component
 24. Source assignments for CACHE:inst1|LINE:inst30|lpm_counter0:inst3|lpm_counter:lpm_counter_component
 25. Source assignments for CACHE:inst1|LINE:inst32|lpm_counter0:inst3|lpm_counter:lpm_counter_component
 26. Source assignments for CACHE:inst1|LINE:inst42|lpm_counter0:inst3|lpm_counter:lpm_counter_component
 27. Source assignments for CACHE:inst1|LINE:inst36|lpm_counter0:inst3|lpm_counter:lpm_counter_component
 28. Source assignments for CACHE:inst1|LINE:inst38|lpm_counter0:inst3|lpm_counter:lpm_counter_component
 29. Source assignments for CACHE:inst1|LINE:inst40|lpm_counter0:inst3|lpm_counter:lpm_counter_component
 30. Source assignments for RAM:inst|lpm_ram_dq0:inst|altsyncram:altsyncram_component|altsyncram_etd1:auto_generated
 31. Parameter Settings for User Entity Instance: CACHE:inst1|cache_control:inst1|lpm_compare0:inst1|lpm_compare:lpm_compare_component
 32. Parameter Settings for User Entity Instance: CACHE:inst1|cache_control:inst1|lpm_compare0:inst32|lpm_compare:lpm_compare_component
 33. Parameter Settings for User Entity Instance: CACHE:inst1|cache_control:inst1|lpm_compare0:inst3|lpm_compare:lpm_compare_component
 34. Parameter Settings for User Entity Instance: CACHE:inst1|cache_control:inst1|lpm_compare0:inst5|lpm_compare:lpm_compare_component
 35. Parameter Settings for User Entity Instance: CACHE:inst1|cache_control:inst1|lpm_compare0:inst12|lpm_compare:lpm_compare_component
 36. Parameter Settings for User Entity Instance: CACHE:inst1|cache_control:inst1|lpm_compare0:inst7|lpm_compare:lpm_compare_component
 37. Parameter Settings for User Entity Instance: CACHE:inst1|cache_control:inst1|lpm_compare0:inst34|lpm_compare:lpm_compare_component
 38. Parameter Settings for User Entity Instance: CACHE:inst1|cache_control:inst1|lpm_compare0:inst20|lpm_compare:lpm_compare_component
 39. Parameter Settings for User Entity Instance: CACHE:inst1|cache_control:inst1|lpm_counter1:inst43|lpm_counter:lpm_counter_component
 40. Parameter Settings for User Entity Instance: CACHE:inst1|cache_control:inst1|lpm_constant0:inst42|lpm_constant:lpm_constant_component
 41. Parameter Settings for User Entity Instance: CACHE:inst1|cache_control:inst1|lpm_bustri0:inst47|lpm_bustri:lpm_bustri_component
 42. Parameter Settings for User Entity Instance: CACHE:inst1|cache_control:inst1|lpm_dff0:inst|lpm_ff:lpm_ff_component
 43. Parameter Settings for User Entity Instance: CACHE:inst1|cache_control:inst1|lpm_bustri0:inst48|lpm_bustri:lpm_bustri_component
 44. Parameter Settings for User Entity Instance: CACHE:inst1|cache_control:inst1|lpm_bustri0:inst44|lpm_bustri:lpm_bustri_component
 45. Parameter Settings for User Entity Instance: CACHE:inst1|cache_control:inst1|lpm_add_sub0:inst40|lpm_add_sub:lpm_add_sub_component
 46. Parameter Settings for User Entity Instance: CACHE:inst1|cache_control:inst1|lpm_bustri3:inst15|lpm_bustri:lpm_bustri_component
 47. Parameter Settings for User Entity Instance: CACHE:inst1|cache_control:inst1|lpm_constant1:inst51|lpm_constant:lpm_constant_component
 48. Parameter Settings for User Entity Instance: CACHE:inst1|cache_control:inst1|lpm_bustri3:inst28|lpm_bustri:lpm_bustri_component
 49. Parameter Settings for User Entity Instance: CACHE:inst1|cache_control:inst1|lpm_constant2:inst9|lpm_constant:lpm_constant_component
 50. Parameter Settings for User Entity Instance: CACHE:inst1|cache_control:inst1|lpm_bustri3:inst18|lpm_bustri:lpm_bustri_component
 51. Parameter Settings for User Entity Instance: CACHE:inst1|cache_control:inst1|lpm_bustri0:inst71|lpm_bustri:lpm_bustri_component
 52. Parameter Settings for User Entity Instance: CACHE:inst1|cache_control:inst1|lpm_compare4:inst99|lpm_compare:lpm_compare_component
 53. Parameter Settings for User Entity Instance: CACHE:inst1|cache_control:inst1|lpm_counter6:inst97|lpm_counter:lpm_counter_component
 54. Parameter Settings for User Entity Instance: CACHE:inst1|cache_control:inst1|lpm_bustri0:inst73|lpm_bustri:lpm_bustri_component
 55. Parameter Settings for User Entity Instance: CACHE:inst1|cache_control:inst1|lpm_compare3:inst95|lpm_compare:lpm_compare_component
 56. Parameter Settings for User Entity Instance: CACHE:inst1|cache_control:inst1|lpm_mux2:inst91|lpm_mux:lpm_mux_component
 57. Parameter Settings for User Entity Instance: CACHE:inst1|cache_control:inst1|lpm_compare3:inst93|lpm_compare:lpm_compare_component
 58. Parameter Settings for User Entity Instance: CACHE:inst1|cache_control:inst1|lpm_mux2:inst87|lpm_mux:lpm_mux_component
 59. Parameter Settings for User Entity Instance: CACHE:inst1|cache_control:inst1|lpm_compare3:inst83|lpm_compare:lpm_compare_component
 60. Parameter Settings for User Entity Instance: CACHE:inst1|cache_control:inst1|lpm_counter5:inst69|lpm_counter:lpm_counter_component
 61. Parameter Settings for User Entity Instance: CACHE:inst1|cache_control:inst1|lpm_decode2:inst100|lpm_decode:lpm_decode_component
 62. Parameter Settings for User Entity Instance: CACHE:inst1|cache_control:inst1|lpm_counter5:inst81|lpm_counter:lpm_counter_component
 63. Parameter Settings for User Entity Instance: CACHE:inst1|cache_control:inst1|lpm_mux2:inst88|lpm_mux:lpm_mux_component
 64. Parameter Settings for User Entity Instance: CACHE:inst1|cache_control:inst1|lpm_compare3:inst84|lpm_compare:lpm_compare_component
 65. Parameter Settings for User Entity Instance: CACHE:inst1|cache_control:inst1|lpm_counter5:inst80|lpm_counter:lpm_counter_component
 66. Parameter Settings for User Entity Instance: CACHE:inst1|cache_control:inst1|lpm_counter5:inst79|lpm_counter:lpm_counter_component
 67. Parameter Settings for User Entity Instance: CACHE:inst1|cache_control:inst1|lpm_mux2:inst92|lpm_mux:lpm_mux_component
 68. Parameter Settings for User Entity Instance: CACHE:inst1|cache_control:inst1|lpm_compare3:inst94|lpm_compare:lpm_compare_component
 69. Parameter Settings for User Entity Instance: CACHE:inst1|cache_control:inst1|lpm_mux2:inst89|lpm_mux:lpm_mux_component
 70. Parameter Settings for User Entity Instance: CACHE:inst1|cache_control:inst1|lpm_compare3:inst85|lpm_compare:lpm_compare_component
 71. Parameter Settings for User Entity Instance: CACHE:inst1|cache_control:inst1|lpm_counter5:inst78|lpm_counter:lpm_counter_component
 72. Parameter Settings for User Entity Instance: CACHE:inst1|cache_control:inst1|lpm_counter5:inst77|lpm_counter:lpm_counter_component
 73. Parameter Settings for User Entity Instance: CACHE:inst1|cache_control:inst1|lpm_mux2:inst90|lpm_mux:lpm_mux_component
 74. Parameter Settings for User Entity Instance: CACHE:inst1|cache_control:inst1|lpm_compare3:inst86|lpm_compare:lpm_compare_component
 75. Parameter Settings for User Entity Instance: CACHE:inst1|cache_control:inst1|lpm_counter5:inst76|lpm_counter:lpm_counter_component
 76. Parameter Settings for User Entity Instance: CACHE:inst1|cache_control:inst1|lpm_counter5:inst75|lpm_counter:lpm_counter_component
 77. Parameter Settings for User Entity Instance: CACHE:inst1|cache_control:inst1|lpm_bustri3:inst13|lpm_bustri:lpm_bustri_component
 78. Parameter Settings for User Entity Instance: CACHE:inst1|cache_control:inst1|lpm_bustri3:inst14|lpm_bustri:lpm_bustri_component
 79. Parameter Settings for User Entity Instance: CACHE:inst1|cache_control:inst1|lpm_dff3:inst70|lpm_ff:lpm_ff_component
 80. Parameter Settings for User Entity Instance: CACHE:inst1|LINE:inst26|lpm_decode1:inst4|lpm_decode:lpm_decode_component
 81. Parameter Settings for User Entity Instance: CACHE:inst1|LINE:inst26|lpm_counter0:inst3|lpm_counter:lpm_counter_component
 82. Parameter Settings for User Entity Instance: CACHE:inst1|LINE:inst26|lpm_dff2:inst8|lpm_ff:lpm_ff_component
 83. Parameter Settings for User Entity Instance: CACHE:inst1|LINE:inst26|lpm_decode3:inst2|lpm_decode:lpm_decode_component
 84. Parameter Settings for User Entity Instance: CACHE:inst1|LINE:inst26|lpm_dff2:inst9|lpm_ff:lpm_ff_component
 85. Parameter Settings for User Entity Instance: CACHE:inst1|LINE:inst26|lpm_dff2:inst10|lpm_ff:lpm_ff_component
 86. Parameter Settings for User Entity Instance: CACHE:inst1|LINE:inst26|lpm_dff2:inst11|lpm_ff:lpm_ff_component
 87. Parameter Settings for User Entity Instance: CACHE:inst1|LINE:inst26|lpm_dff2:inst15|lpm_ff:lpm_ff_component
 88. Parameter Settings for User Entity Instance: CACHE:inst1|LINE:inst26|lpm_dff2:inst12|lpm_ff:lpm_ff_component
 89. Parameter Settings for User Entity Instance: CACHE:inst1|LINE:inst26|lpm_dff2:inst13|lpm_ff:lpm_ff_component
 90. Parameter Settings for User Entity Instance: CACHE:inst1|LINE:inst26|lpm_dff2:inst14|lpm_ff:lpm_ff_component
 91. Parameter Settings for User Entity Instance: CACHE:inst1|LINE:inst26|lpm_bustri1:inst25|lpm_bustri:lpm_bustri_component
 92. Parameter Settings for User Entity Instance: CACHE:inst1|LINE:inst26|lpm_mux0:inst24|lpm_mux:lpm_mux_component
 93. Parameter Settings for User Entity Instance: CACHE:inst1|LINE:inst26|lpm_dff1:inst5|lpm_ff:lpm_ff_component
 94. Parameter Settings for User Entity Instance: CACHE:inst1|lpm_decode2:inst34|lpm_decode:lpm_decode_component
 95. Parameter Settings for User Entity Instance: CACHE:inst1|lpm_bustri1:inst6|lpm_bustri:lpm_bustri_component
 96. Parameter Settings for User Entity Instance: CACHE:inst1|lpm_bustri1:inst7|lpm_bustri:lpm_bustri_component
 97. Parameter Settings for User Entity Instance: CACHE:inst1|LINE:inst28|lpm_decode1:inst4|lpm_decode:lpm_decode_component
 98. Parameter Settings for User Entity Instance: CACHE:inst1|LINE:inst28|lpm_counter0:inst3|lpm_counter:lpm_counter_component
 99. Parameter Settings for User Entity Instance: CACHE:inst1|LINE:inst28|lpm_dff2:inst8|lpm_ff:lpm_ff_component
100. Parameter Settings for User Entity Instance: CACHE:inst1|LINE:inst28|lpm_decode3:inst2|lpm_decode:lpm_decode_component
101. Parameter Settings for User Entity Instance: CACHE:inst1|LINE:inst28|lpm_dff2:inst9|lpm_ff:lpm_ff_component
102. Parameter Settings for User Entity Instance: CACHE:inst1|LINE:inst28|lpm_dff2:inst10|lpm_ff:lpm_ff_component
103. Parameter Settings for User Entity Instance: CACHE:inst1|LINE:inst28|lpm_dff2:inst11|lpm_ff:lpm_ff_component
104. Parameter Settings for User Entity Instance: CACHE:inst1|LINE:inst28|lpm_dff2:inst15|lpm_ff:lpm_ff_component
105. Parameter Settings for User Entity Instance: CACHE:inst1|LINE:inst28|lpm_dff2:inst12|lpm_ff:lpm_ff_component
106. Parameter Settings for User Entity Instance: CACHE:inst1|LINE:inst28|lpm_dff2:inst13|lpm_ff:lpm_ff_component
107. Parameter Settings for User Entity Instance: CACHE:inst1|LINE:inst28|lpm_dff2:inst14|lpm_ff:lpm_ff_component
108. Parameter Settings for User Entity Instance: CACHE:inst1|LINE:inst28|lpm_bustri1:inst25|lpm_bustri:lpm_bustri_component
109. Parameter Settings for User Entity Instance: CACHE:inst1|LINE:inst28|lpm_mux0:inst24|lpm_mux:lpm_mux_component
110. Parameter Settings for User Entity Instance: CACHE:inst1|LINE:inst28|lpm_dff1:inst5|lpm_ff:lpm_ff_component
111. Parameter Settings for User Entity Instance: CACHE:inst1|LINE:inst30|lpm_decode1:inst4|lpm_decode:lpm_decode_component
112. Parameter Settings for User Entity Instance: CACHE:inst1|LINE:inst30|lpm_counter0:inst3|lpm_counter:lpm_counter_component
113. Parameter Settings for User Entity Instance: CACHE:inst1|LINE:inst30|lpm_dff2:inst8|lpm_ff:lpm_ff_component
114. Parameter Settings for User Entity Instance: CACHE:inst1|LINE:inst30|lpm_decode3:inst2|lpm_decode:lpm_decode_component
115. Parameter Settings for User Entity Instance: CACHE:inst1|LINE:inst30|lpm_dff2:inst9|lpm_ff:lpm_ff_component
116. Parameter Settings for User Entity Instance: CACHE:inst1|LINE:inst30|lpm_dff2:inst10|lpm_ff:lpm_ff_component
117. Parameter Settings for User Entity Instance: CACHE:inst1|LINE:inst30|lpm_dff2:inst11|lpm_ff:lpm_ff_component
118. Parameter Settings for User Entity Instance: CACHE:inst1|LINE:inst30|lpm_dff2:inst15|lpm_ff:lpm_ff_component
119. Parameter Settings for User Entity Instance: CACHE:inst1|LINE:inst30|lpm_dff2:inst12|lpm_ff:lpm_ff_component
120. Parameter Settings for User Entity Instance: CACHE:inst1|LINE:inst30|lpm_dff2:inst13|lpm_ff:lpm_ff_component
121. Parameter Settings for User Entity Instance: CACHE:inst1|LINE:inst30|lpm_dff2:inst14|lpm_ff:lpm_ff_component
122. Parameter Settings for User Entity Instance: CACHE:inst1|LINE:inst30|lpm_bustri1:inst25|lpm_bustri:lpm_bustri_component
123. Parameter Settings for User Entity Instance: CACHE:inst1|LINE:inst30|lpm_mux0:inst24|lpm_mux:lpm_mux_component
124. Parameter Settings for User Entity Instance: CACHE:inst1|LINE:inst30|lpm_dff1:inst5|lpm_ff:lpm_ff_component
125. Parameter Settings for User Entity Instance: CACHE:inst1|LINE:inst32|lpm_decode1:inst4|lpm_decode:lpm_decode_component
126. Parameter Settings for User Entity Instance: CACHE:inst1|LINE:inst32|lpm_counter0:inst3|lpm_counter:lpm_counter_component
127. Parameter Settings for User Entity Instance: CACHE:inst1|LINE:inst32|lpm_dff2:inst8|lpm_ff:lpm_ff_component
128. Parameter Settings for User Entity Instance: CACHE:inst1|LINE:inst32|lpm_decode3:inst2|lpm_decode:lpm_decode_component
129. Parameter Settings for User Entity Instance: CACHE:inst1|LINE:inst32|lpm_dff2:inst9|lpm_ff:lpm_ff_component
130. Parameter Settings for User Entity Instance: CACHE:inst1|LINE:inst32|lpm_dff2:inst10|lpm_ff:lpm_ff_component
131. Parameter Settings for User Entity Instance: CACHE:inst1|LINE:inst32|lpm_dff2:inst11|lpm_ff:lpm_ff_component
132. Parameter Settings for User Entity Instance: CACHE:inst1|LINE:inst32|lpm_dff2:inst15|lpm_ff:lpm_ff_component
133. Parameter Settings for User Entity Instance: CACHE:inst1|LINE:inst32|lpm_dff2:inst12|lpm_ff:lpm_ff_component
134. Parameter Settings for User Entity Instance: CACHE:inst1|LINE:inst32|lpm_dff2:inst13|lpm_ff:lpm_ff_component
135. Parameter Settings for User Entity Instance: CACHE:inst1|LINE:inst32|lpm_dff2:inst14|lpm_ff:lpm_ff_component
136. Parameter Settings for User Entity Instance: CACHE:inst1|LINE:inst32|lpm_bustri1:inst25|lpm_bustri:lpm_bustri_component
137. Parameter Settings for User Entity Instance: CACHE:inst1|LINE:inst32|lpm_mux0:inst24|lpm_mux:lpm_mux_component
138. Parameter Settings for User Entity Instance: CACHE:inst1|LINE:inst32|lpm_dff1:inst5|lpm_ff:lpm_ff_component
139. Parameter Settings for User Entity Instance: CACHE:inst1|LINE:inst42|lpm_decode1:inst4|lpm_decode:lpm_decode_component
140. Parameter Settings for User Entity Instance: CACHE:inst1|LINE:inst42|lpm_counter0:inst3|lpm_counter:lpm_counter_component
141. Parameter Settings for User Entity Instance: CACHE:inst1|LINE:inst42|lpm_dff2:inst8|lpm_ff:lpm_ff_component
142. Parameter Settings for User Entity Instance: CACHE:inst1|LINE:inst42|lpm_decode3:inst2|lpm_decode:lpm_decode_component
143. Parameter Settings for User Entity Instance: CACHE:inst1|LINE:inst42|lpm_dff2:inst9|lpm_ff:lpm_ff_component
144. Parameter Settings for User Entity Instance: CACHE:inst1|LINE:inst42|lpm_dff2:inst10|lpm_ff:lpm_ff_component
145. Parameter Settings for User Entity Instance: CACHE:inst1|LINE:inst42|lpm_dff2:inst11|lpm_ff:lpm_ff_component
146. Parameter Settings for User Entity Instance: CACHE:inst1|LINE:inst42|lpm_dff2:inst15|lpm_ff:lpm_ff_component
147. Parameter Settings for User Entity Instance: CACHE:inst1|LINE:inst42|lpm_dff2:inst12|lpm_ff:lpm_ff_component
148. Parameter Settings for User Entity Instance: CACHE:inst1|LINE:inst42|lpm_dff2:inst13|lpm_ff:lpm_ff_component
149. Parameter Settings for User Entity Instance: CACHE:inst1|LINE:inst42|lpm_dff2:inst14|lpm_ff:lpm_ff_component
150. Parameter Settings for User Entity Instance: CACHE:inst1|LINE:inst42|lpm_bustri1:inst25|lpm_bustri:lpm_bustri_component
151. Parameter Settings for User Entity Instance: CACHE:inst1|LINE:inst42|lpm_mux0:inst24|lpm_mux:lpm_mux_component
152. Parameter Settings for User Entity Instance: CACHE:inst1|LINE:inst42|lpm_dff1:inst5|lpm_ff:lpm_ff_component
153. Parameter Settings for User Entity Instance: CACHE:inst1|LINE:inst36|lpm_decode1:inst4|lpm_decode:lpm_decode_component
154. Parameter Settings for User Entity Instance: CACHE:inst1|LINE:inst36|lpm_counter0:inst3|lpm_counter:lpm_counter_component
155. Parameter Settings for User Entity Instance: CACHE:inst1|LINE:inst36|lpm_dff2:inst8|lpm_ff:lpm_ff_component
156. Parameter Settings for User Entity Instance: CACHE:inst1|LINE:inst36|lpm_decode3:inst2|lpm_decode:lpm_decode_component
157. Parameter Settings for User Entity Instance: CACHE:inst1|LINE:inst36|lpm_dff2:inst9|lpm_ff:lpm_ff_component
158. Parameter Settings for User Entity Instance: CACHE:inst1|LINE:inst36|lpm_dff2:inst10|lpm_ff:lpm_ff_component
159. Parameter Settings for User Entity Instance: CACHE:inst1|LINE:inst36|lpm_dff2:inst11|lpm_ff:lpm_ff_component
160. Parameter Settings for User Entity Instance: CACHE:inst1|LINE:inst36|lpm_dff2:inst15|lpm_ff:lpm_ff_component
161. Parameter Settings for User Entity Instance: CACHE:inst1|LINE:inst36|lpm_dff2:inst12|lpm_ff:lpm_ff_component
162. Parameter Settings for User Entity Instance: CACHE:inst1|LINE:inst36|lpm_dff2:inst13|lpm_ff:lpm_ff_component
163. Parameter Settings for User Entity Instance: CACHE:inst1|LINE:inst36|lpm_dff2:inst14|lpm_ff:lpm_ff_component
164. Parameter Settings for User Entity Instance: CACHE:inst1|LINE:inst36|lpm_bustri1:inst25|lpm_bustri:lpm_bustri_component
165. Parameter Settings for User Entity Instance: CACHE:inst1|LINE:inst36|lpm_mux0:inst24|lpm_mux:lpm_mux_component
166. Parameter Settings for User Entity Instance: CACHE:inst1|LINE:inst36|lpm_dff1:inst5|lpm_ff:lpm_ff_component
167. Parameter Settings for User Entity Instance: CACHE:inst1|LINE:inst38|lpm_decode1:inst4|lpm_decode:lpm_decode_component
168. Parameter Settings for User Entity Instance: CACHE:inst1|LINE:inst38|lpm_counter0:inst3|lpm_counter:lpm_counter_component
169. Parameter Settings for User Entity Instance: CACHE:inst1|LINE:inst38|lpm_dff2:inst8|lpm_ff:lpm_ff_component
170. Parameter Settings for User Entity Instance: CACHE:inst1|LINE:inst38|lpm_decode3:inst2|lpm_decode:lpm_decode_component
171. Parameter Settings for User Entity Instance: CACHE:inst1|LINE:inst38|lpm_dff2:inst9|lpm_ff:lpm_ff_component
172. Parameter Settings for User Entity Instance: CACHE:inst1|LINE:inst38|lpm_dff2:inst10|lpm_ff:lpm_ff_component
173. Parameter Settings for User Entity Instance: CACHE:inst1|LINE:inst38|lpm_dff2:inst11|lpm_ff:lpm_ff_component
174. Parameter Settings for User Entity Instance: CACHE:inst1|LINE:inst38|lpm_dff2:inst15|lpm_ff:lpm_ff_component
175. Parameter Settings for User Entity Instance: CACHE:inst1|LINE:inst38|lpm_dff2:inst12|lpm_ff:lpm_ff_component
176. Parameter Settings for User Entity Instance: CACHE:inst1|LINE:inst38|lpm_dff2:inst13|lpm_ff:lpm_ff_component
177. Parameter Settings for User Entity Instance: CACHE:inst1|LINE:inst38|lpm_dff2:inst14|lpm_ff:lpm_ff_component
178. Parameter Settings for User Entity Instance: CACHE:inst1|LINE:inst38|lpm_bustri1:inst25|lpm_bustri:lpm_bustri_component
179. Parameter Settings for User Entity Instance: CACHE:inst1|LINE:inst38|lpm_mux0:inst24|lpm_mux:lpm_mux_component
180. Parameter Settings for User Entity Instance: CACHE:inst1|LINE:inst38|lpm_dff1:inst5|lpm_ff:lpm_ff_component
181. Parameter Settings for User Entity Instance: CACHE:inst1|LINE:inst40|lpm_decode1:inst4|lpm_decode:lpm_decode_component
182. Parameter Settings for User Entity Instance: CACHE:inst1|LINE:inst40|lpm_counter0:inst3|lpm_counter:lpm_counter_component
183. Parameter Settings for User Entity Instance: CACHE:inst1|LINE:inst40|lpm_dff2:inst8|lpm_ff:lpm_ff_component
184. Parameter Settings for User Entity Instance: CACHE:inst1|LINE:inst40|lpm_decode3:inst2|lpm_decode:lpm_decode_component
185. Parameter Settings for User Entity Instance: CACHE:inst1|LINE:inst40|lpm_dff2:inst9|lpm_ff:lpm_ff_component
186. Parameter Settings for User Entity Instance: CACHE:inst1|LINE:inst40|lpm_dff2:inst10|lpm_ff:lpm_ff_component
187. Parameter Settings for User Entity Instance: CACHE:inst1|LINE:inst40|lpm_dff2:inst11|lpm_ff:lpm_ff_component
188. Parameter Settings for User Entity Instance: CACHE:inst1|LINE:inst40|lpm_dff2:inst15|lpm_ff:lpm_ff_component
189. Parameter Settings for User Entity Instance: CACHE:inst1|LINE:inst40|lpm_dff2:inst12|lpm_ff:lpm_ff_component
190. Parameter Settings for User Entity Instance: CACHE:inst1|LINE:inst40|lpm_dff2:inst13|lpm_ff:lpm_ff_component
191. Parameter Settings for User Entity Instance: CACHE:inst1|LINE:inst40|lpm_dff2:inst14|lpm_ff:lpm_ff_component
192. Parameter Settings for User Entity Instance: CACHE:inst1|LINE:inst40|lpm_bustri1:inst25|lpm_bustri:lpm_bustri_component
193. Parameter Settings for User Entity Instance: CACHE:inst1|LINE:inst40|lpm_mux0:inst24|lpm_mux:lpm_mux_component
194. Parameter Settings for User Entity Instance: CACHE:inst1|LINE:inst40|lpm_dff1:inst5|lpm_ff:lpm_ff_component
195. Parameter Settings for User Entity Instance: CACHE:inst1|lpm_bustri1:inst35|lpm_bustri:lpm_bustri_component
196. Parameter Settings for User Entity Instance: CACHE:inst1|lpm_bustri1:inst37|lpm_bustri:lpm_bustri_component
197. Parameter Settings for User Entity Instance: CACHE:inst1|lpm_bustri1:inst39|lpm_bustri:lpm_bustri_component
198. Parameter Settings for User Entity Instance: CACHE:inst1|lpm_bustri1:inst41|lpm_bustri:lpm_bustri_component
199. Parameter Settings for User Entity Instance: CACHE:inst1|lpm_bustri1:inst27|lpm_bustri:lpm_bustri_component
200. Parameter Settings for User Entity Instance: CACHE:inst1|lpm_bustri1:inst29|lpm_bustri:lpm_bustri_component
201. Parameter Settings for User Entity Instance: CACHE:inst1|lpm_bustri1:inst31|lpm_bustri:lpm_bustri_component
202. Parameter Settings for User Entity Instance: CACHE:inst1|lpm_bustri1:inst33|lpm_bustri:lpm_bustri_component
203. Parameter Settings for User Entity Instance: CACHE:inst1|lpm_dff4:inst|lpm_ff:lpm_ff_component
204. Parameter Settings for User Entity Instance: RAM:inst|lpm_bustri1:inst6|lpm_bustri:lpm_bustri_component
205. Parameter Settings for User Entity Instance: RAM:inst|lpm_compare1:inst4|lpm_compare:lpm_compare_component
206. Parameter Settings for User Entity Instance: RAM:inst|lpm_constant1:inst3|lpm_constant:lpm_constant_component
207. Parameter Settings for User Entity Instance: RAM:inst|lpm_ram_dq0:inst
208. Parameter Settings for User Entity Instance: RAM:inst|lpm_ram_dq0:inst|altsyncram:altsyncram_component
209. Parameter Settings for User Entity Instance: RAM:inst|lpm_compare1:inst7|lpm_compare:lpm_compare_component
210. Parameter Settings for User Entity Instance: RAM:inst|lpm_constant2:inst5|lpm_constant:lpm_constant_component
211. altsyncram Parameter Settings by Entity Instance
212. Analysis & Synthesis Messages



----------------
; Legal Notice ;
----------------
Copyright (C) 1991-2009 Altera Corporation
Your use of Altera Corporation's design tools, logic functions 
and other software and tools, and its AMPP partner logic 
functions, and any output files from any of the foregoing 
(including device programming or simulation files), and any 
associated documentation or information are expressly subject 
to the terms and conditions of the Altera Program License 
Subscription Agreement, Altera MegaCore Function License 
Agreement, or other applicable license agreement, including, 
without limitation, that your use is for the sole purpose of 
programming logic devices manufactured by Altera and sold by 
Altera or its authorized distributors.  Please refer to the 
applicable agreement for further details.



+-------------------------------------------------------------------------+
; Analysis & Synthesis Summary                                            ;
+-------------------------------+-----------------------------------------+
; Analysis & Synthesis Status   ; Successful - Wed Apr 16 02:32:47 2025   ;
; Quartus II Version            ; 9.1 Build 222 10/21/2009 SJ Web Edition ;
; Revision Name                 ; lab8                                    ;
; Top-level Entity Name         ; lab8                                    ;
; Family                        ; Stratix II                              ;
; Logic utilization             ; N/A                                     ;
;     Combinational ALUTs       ; 767                                     ;
;     Dedicated logic registers ; 669                                     ;
; Total registers               ; 669                                     ;
; Total pins                    ; 515                                     ;
; Total virtual pins            ; 0                                       ;
; Total block memory bits       ; 1,792                                   ;
; DSP block 9-bit elements      ; 0                                       ;
; Total PLLs                    ; 0                                       ;
; Total DLLs                    ; 0                                       ;
+-------------------------------+-----------------------------------------+


+----------------------------------------------------------------------------------------------------------------------+
; Analysis & Synthesis Settings                                                                                        ;
+----------------------------------------------------------------------------+--------------------+--------------------+
; Option                                                                     ; Setting            ; Default Value      ;
+----------------------------------------------------------------------------+--------------------+--------------------+
; Top-level entity name                                                      ; lab8               ; lab8               ;
; Family name                                                                ; Stratix II         ; Stratix II         ;
; Use Generated Physical Constraints File                                    ; Off                ;                    ;
; Use smart compilation                                                      ; Off                ; Off                ;
; Enable parallel Assembler and TimeQuest Timing Analyzer during compilation ; On                 ; On                 ;
; Enable compact report table                                                ; Off                ; Off                ;
; Restructure Multiplexers                                                   ; Auto               ; Auto               ;
; Create Debugging Nodes for IP Cores                                        ; Off                ; Off                ;
; Preserve fewer node names                                                  ; On                 ; On                 ;
; Disable OpenCore Plus hardware evaluation                                  ; Off                ; Off                ;
; Verilog Version                                                            ; Verilog_2001       ; Verilog_2001       ;
; VHDL Version                                                               ; VHDL_1993          ; VHDL_1993          ;
; State Machine Processing                                                   ; Auto               ; Auto               ;
; Safe State Machine                                                         ; Off                ; Off                ;
; Extract Verilog State Machines                                             ; On                 ; On                 ;
; Extract VHDL State Machines                                                ; On                 ; On                 ;
; Ignore Verilog initial constructs                                          ; Off                ; Off                ;
; Iteration limit for constant Verilog loops                                 ; 5000               ; 5000               ;
; Iteration limit for non-constant Verilog loops                             ; 250                ; 250                ;
; Add Pass-Through Logic to Inferred RAMs                                    ; On                 ; On                 ;
; Parallel Synthesis                                                         ; On                 ; On                 ;
; DSP Block Balancing                                                        ; Auto               ; Auto               ;
; NOT Gate Push-Back                                                         ; On                 ; On                 ;
; Power-Up Don't Care                                                        ; On                 ; On                 ;
; Remove Redundant Logic Cells                                               ; Off                ; Off                ;
; Remove Duplicate Registers                                                 ; On                 ; On                 ;
; Ignore CARRY Buffers                                                       ; Off                ; Off                ;
; Ignore CASCADE Buffers                                                     ; Off                ; Off                ;
; Ignore GLOBAL Buffers                                                      ; Off                ; Off                ;
; Ignore ROW GLOBAL Buffers                                                  ; Off                ; Off                ;
; Ignore LCELL Buffers                                                       ; Off                ; Off                ;
; Ignore SOFT Buffers                                                        ; On                 ; On                 ;
; Limit AHDL Integers to 32 Bits                                             ; Off                ; Off                ;
; Optimization Technique                                                     ; Balanced           ; Balanced           ;
; Carry Chain Length                                                         ; 70                 ; 70                 ;
; Auto Carry Chains                                                          ; On                 ; On                 ;
; Auto Open-Drain Pins                                                       ; On                 ; On                 ;
; Perform WYSIWYG Primitive Resynthesis                                      ; Off                ; Off                ;
; Auto ROM Replacement                                                       ; On                 ; On                 ;
; Auto RAM Replacement                                                       ; On                 ; On                 ;
; Auto DSP Block Replacement                                                 ; On                 ; On                 ;
; Auto Shift Register Replacement                                            ; Auto               ; Auto               ;
; Auto Clock Enable Replacement                                              ; On                 ; On                 ;
; Strict RAM Replacement                                                     ; Off                ; Off                ;
; Allow Synchronous Control Signals                                          ; On                 ; On                 ;
; Force Use of Synchronous Clear Signals                                     ; Off                ; Off                ;
; Auto RAM Block Balancing                                                   ; On                 ; On                 ;
; Auto RAM to Logic Cell Conversion                                          ; Off                ; Off                ;
; Auto Resource Sharing                                                      ; Off                ; Off                ;
; Allow Any RAM Size For Recognition                                         ; Off                ; Off                ;
; Allow Any ROM Size For Recognition                                         ; Off                ; Off                ;
; Allow Any Shift Register Size For Recognition                              ; Off                ; Off                ;
; Use LogicLock Constraints during Resource Balancing                        ; On                 ; On                 ;
; Ignore translate_off and synthesis_off directives                          ; Off                ; Off                ;
; Timing-Driven Synthesis                                                    ; Off                ; Off                ;
; Show Parameter Settings Tables in Synthesis Report                         ; On                 ; On                 ;
; Ignore Maximum Fan-Out Assignments                                         ; Off                ; Off                ;
; Synchronization Register Chain Length                                      ; 2                  ; 2                  ;
; PowerPlay Power Optimization                                               ; Normal compilation ; Normal compilation ;
; HDL message level                                                          ; Level2             ; Level2             ;
; Suppress Register Optimization Related Messages                            ; Off                ; Off                ;
; Number of Removed Registers Reported in Synthesis Report                   ; 100                ; 100                ;
; Number of Inverted Registers Reported in Synthesis Report                  ; 100                ; 100                ;
; Clock MUX Protection                                                       ; On                 ; On                 ;
; Auto Gated Clock Conversion                                                ; Off                ; Off                ;
; Block Design Naming                                                        ; Auto               ; Auto               ;
; SDC constraint protection                                                  ; Off                ; Off                ;
; Synthesis Effort                                                           ; Auto               ; Auto               ;
; Shift Register Replacement - Allow Asynchronous Clear Signal               ; On                 ; On                 ;
; Analysis & Synthesis Message Level                                         ; Medium             ; Medium             ;
; Disable Register Merging Across Hierarchies                                ; Auto               ; Auto               ;
; Resource Aware Inference For Block RAM                                     ; On                 ; On                 ;
+----------------------------------------------------------------------------+--------------------+--------------------+


Parallel compilation was disabled, but you have multiple processors available. Enable parallel compilation to reduce compilation time.
+-------------------------------------+
; Parallel Compilation                ;
+----------------------------+--------+
; Processors                 ; Number ;
+----------------------------+--------+
; Number detected on machine ; 16     ;
; Maximum allowed            ; 1      ;
+----------------------------+--------+


+--------------------------------------------------------------------------------------------------------------------------------------------------------------+
; Analysis & Synthesis Source Files Read                                                                                                                       ;
+----------------------------------+-----------------+------------------------------------+--------------------------------------------------------------------+
; File Name with User-Entered Path ; Used in Netlist ; File Type                          ; File Name with Absolute Path                                       ;
+----------------------------------+-----------------+------------------------------------+--------------------------------------------------------------------+
; lab8.bdf                         ; yes             ; User Block Diagram/Schematic File  ; C:/Users/Alexsandr/Desktop/sifo/lab8-9 snit/lab8.bdf               ;
; RAM.bdf                          ; yes             ; User Block Diagram/Schematic File  ; C:/Users/Alexsandr/Desktop/sifo/lab8-9 snit/RAM.bdf                ;
; ram_data.mif                     ; yes             ; User Memory Initialization File    ; C:/Users/Alexsandr/Desktop/sifo/lab8-9 snit/ram_data.mif           ;
; CACHE.bdf                        ; yes             ; User Block Diagram/Schematic File  ; C:/Users/Alexsandr/Desktop/sifo/lab8-9 snit/CACHE.bdf              ;
; LINE.bdf                         ; yes             ; User Block Diagram/Schematic File  ; C:/Users/Alexsandr/Desktop/sifo/lab8-9 snit/LINE.bdf               ;
; cache_control.bdf                ; yes             ; User Block Diagram/Schematic File  ; C:/Users/Alexsandr/Desktop/sifo/lab8-9 snit/cache_control.bdf      ;
; lpm_compare0.tdf                 ; yes             ; Auto-Found Wizard-Generated File   ; C:/Users/Alexsandr/Desktop/sifo/lab8-9 snit/lpm_compare0.tdf       ;
; lpm_compare.inc                  ; yes             ; Megafunction                       ; c:/altera/91/quartus/libraries/megafunctions/lpm_compare.inc       ;
; lpm_compare.tdf                  ; yes             ; Megafunction                       ; c:/altera/91/quartus/libraries/megafunctions/lpm_compare.tdf       ;
; db/cmpr_cig.tdf                  ; yes             ; Auto-Generated Megafunction        ; C:/Users/Alexsandr/Desktop/sifo/lab8-9 snit/db/cmpr_cig.tdf        ;
; lpm_counter1.tdf                 ; yes             ; Auto-Found Wizard-Generated File   ; C:/Users/Alexsandr/Desktop/sifo/lab8-9 snit/lpm_counter1.tdf       ;
; lpm_counter.inc                  ; yes             ; Megafunction                       ; c:/altera/91/quartus/libraries/megafunctions/lpm_counter.inc       ;
; lpm_counter.tdf                  ; yes             ; Megafunction                       ; c:/altera/91/quartus/libraries/megafunctions/lpm_counter.tdf       ;
; lpm_constant.inc                 ; yes             ; Megafunction                       ; c:/altera/91/quartus/libraries/megafunctions/lpm_constant.inc      ;
; lpm_decode.inc                   ; yes             ; Megafunction                       ; c:/altera/91/quartus/libraries/megafunctions/lpm_decode.inc        ;
; lpm_add_sub.inc                  ; yes             ; Megafunction                       ; c:/altera/91/quartus/libraries/megafunctions/lpm_add_sub.inc       ;
; db/cntr_coi.tdf                  ; yes             ; Auto-Generated Megafunction        ; C:/Users/Alexsandr/Desktop/sifo/lab8-9 snit/db/cntr_coi.tdf        ;
; lpm_constant0.tdf                ; yes             ; Auto-Found Wizard-Generated File   ; C:/Users/Alexsandr/Desktop/sifo/lab8-9 snit/lpm_constant0.tdf      ;
; lpm_constant.tdf                 ; yes             ; Megafunction                       ; c:/altera/91/quartus/libraries/megafunctions/lpm_constant.tdf      ;
; lpm_bustri0.tdf                  ; yes             ; Auto-Found Wizard-Generated File   ; C:/Users/Alexsandr/Desktop/sifo/lab8-9 snit/lpm_bustri0.tdf        ;
; lpm_bustri.inc                   ; yes             ; Auto-Found AHDL File               ; c:/altera/91/quartus/libraries/megafunctions/lpm_bustri.inc        ;
; lpm_bustri.tdf                   ; yes             ; Megafunction                       ; c:/altera/91/quartus/libraries/megafunctions/lpm_bustri.tdf        ;
; lpm_dff0.tdf                     ; yes             ; Auto-Found Wizard-Generated File   ; C:/Users/Alexsandr/Desktop/sifo/lab8-9 snit/lpm_dff0.tdf           ;
; lpm_ff.inc                       ; yes             ; Auto-Found AHDL File               ; c:/altera/91/quartus/libraries/megafunctions/lpm_ff.inc            ;
; lpm_ff.tdf                       ; yes             ; Megafunction                       ; c:/altera/91/quartus/libraries/megafunctions/lpm_ff.tdf            ;
; lpm_add_sub0.tdf                 ; yes             ; Auto-Found Wizard-Generated File   ; C:/Users/Alexsandr/Desktop/sifo/lab8-9 snit/lpm_add_sub0.tdf       ;
; lpm_add_sub.tdf                  ; yes             ; Megafunction                       ; c:/altera/91/quartus/libraries/megafunctions/lpm_add_sub.tdf       ;
; db/add_sub_elh.tdf               ; yes             ; Auto-Generated Megafunction        ; C:/Users/Alexsandr/Desktop/sifo/lab8-9 snit/db/add_sub_elh.tdf     ;
; lpm_bustri3.tdf                  ; yes             ; Auto-Found Wizard-Generated File   ; C:/Users/Alexsandr/Desktop/sifo/lab8-9 snit/lpm_bustri3.tdf        ;
; lpm_constant1.tdf                ; yes             ; Auto-Found Wizard-Generated File   ; C:/Users/Alexsandr/Desktop/sifo/lab8-9 snit/lpm_constant1.tdf      ;
; lpm_constant2.tdf                ; yes             ; Auto-Found Wizard-Generated File   ; C:/Users/Alexsandr/Desktop/sifo/lab8-9 snit/lpm_constant2.tdf      ;
; lpm_compare4.tdf                 ; yes             ; Auto-Found Wizard-Generated File   ; C:/Users/Alexsandr/Desktop/sifo/lab8-9 snit/lpm_compare4.tdf       ;
; db/cmpr_o8j.tdf                  ; yes             ; Auto-Generated Megafunction        ; C:/Users/Alexsandr/Desktop/sifo/lab8-9 snit/db/cmpr_o8j.tdf        ;
; lpm_counter6.tdf                 ; yes             ; Auto-Found Wizard-Generated File   ; C:/Users/Alexsandr/Desktop/sifo/lab8-9 snit/lpm_counter6.tdf       ;
; db/cntr_ulh.tdf                  ; yes             ; Auto-Generated Megafunction        ; C:/Users/Alexsandr/Desktop/sifo/lab8-9 snit/db/cntr_ulh.tdf        ;
; lpm_compare3.tdf                 ; yes             ; Auto-Found Wizard-Generated File   ; C:/Users/Alexsandr/Desktop/sifo/lab8-9 snit/lpm_compare3.tdf       ;
; db/cmpr_vjg.tdf                  ; yes             ; Auto-Generated Megafunction        ; C:/Users/Alexsandr/Desktop/sifo/lab8-9 snit/db/cmpr_vjg.tdf        ;
; lpm_mux2.tdf                     ; yes             ; Auto-Found Wizard-Generated File   ; C:/Users/Alexsandr/Desktop/sifo/lab8-9 snit/lpm_mux2.tdf           ;
; lpm_mux.inc                      ; yes             ; Megafunction                       ; c:/altera/91/quartus/libraries/megafunctions/lpm_mux.inc           ;
; lpm_mux.tdf                      ; yes             ; Megafunction                       ; c:/altera/91/quartus/libraries/megafunctions/lpm_mux.tdf           ;
; db/mux_7pc.tdf                   ; yes             ; Auto-Generated Megafunction        ; C:/Users/Alexsandr/Desktop/sifo/lab8-9 snit/db/mux_7pc.tdf         ;
; lpm_counter5.tdf                 ; yes             ; Auto-Found Wizard-Generated File   ; C:/Users/Alexsandr/Desktop/sifo/lab8-9 snit/lpm_counter5.tdf       ;
; db/cntr_95i.tdf                  ; yes             ; Auto-Generated Megafunction        ; C:/Users/Alexsandr/Desktop/sifo/lab8-9 snit/db/cntr_95i.tdf        ;
; lpm_decode2.tdf                  ; yes             ; Auto-Found Wizard-Generated File   ; C:/Users/Alexsandr/Desktop/sifo/lab8-9 snit/lpm_decode2.tdf        ;
; lpm_decode.tdf                   ; yes             ; Megafunction                       ; c:/altera/91/quartus/libraries/megafunctions/lpm_decode.tdf        ;
; db/decode_8bf.tdf                ; yes             ; Auto-Generated Megafunction        ; C:/Users/Alexsandr/Desktop/sifo/lab8-9 snit/db/decode_8bf.tdf      ;
; lpm_dff3.tdf                     ; yes             ; Auto-Found Wizard-Generated File   ; C:/Users/Alexsandr/Desktop/sifo/lab8-9 snit/lpm_dff3.tdf           ;
; lpm_decode1.tdf                  ; yes             ; Auto-Found Wizard-Generated File   ; C:/Users/Alexsandr/Desktop/sifo/lab8-9 snit/lpm_decode1.tdf        ;
; lpm_counter0.tdf                 ; yes             ; Auto-Found Wizard-Generated File   ; C:/Users/Alexsandr/Desktop/sifo/lab8-9 snit/lpm_counter0.tdf       ;
; lpm_dff2.tdf                     ; yes             ; Auto-Found Wizard-Generated File   ; C:/Users/Alexsandr/Desktop/sifo/lab8-9 snit/lpm_dff2.tdf           ;
; lpm_decode3.tdf                  ; yes             ; Auto-Found Wizard-Generated File   ; C:/Users/Alexsandr/Desktop/sifo/lab8-9 snit/lpm_decode3.tdf        ;
; db/decode_5sf.tdf                ; yes             ; Auto-Generated Megafunction        ; C:/Users/Alexsandr/Desktop/sifo/lab8-9 snit/db/decode_5sf.tdf      ;
; lpm_bustri1.tdf                  ; yes             ; Auto-Found Wizard-Generated File   ; C:/Users/Alexsandr/Desktop/sifo/lab8-9 snit/lpm_bustri1.tdf        ;
; lpm_mux0.tdf                     ; yes             ; Auto-Found Wizard-Generated File   ; C:/Users/Alexsandr/Desktop/sifo/lab8-9 snit/lpm_mux0.tdf           ;
; db/mux_5oc.tdf                   ; yes             ; Auto-Generated Megafunction        ; C:/Users/Alexsandr/Desktop/sifo/lab8-9 snit/db/mux_5oc.tdf         ;
; lpm_dff1.tdf                     ; yes             ; Auto-Found Wizard-Generated File   ; C:/Users/Alexsandr/Desktop/sifo/lab8-9 snit/lpm_dff1.tdf           ;
; lpm_dff4.tdf                     ; yes             ; Auto-Found Wizard-Generated File   ; C:/Users/Alexsandr/Desktop/sifo/lab8-9 snit/lpm_dff4.tdf           ;
; lpm_compare1.tdf                 ; yes             ; Auto-Found Wizard-Generated File   ; C:/Users/Alexsandr/Desktop/sifo/lab8-9 snit/lpm_compare1.tdf       ;
; db/cmpr_fig.tdf                  ; yes             ; Auto-Generated Megafunction        ; C:/Users/Alexsandr/Desktop/sifo/lab8-9 snit/db/cmpr_fig.tdf        ;
; lpm_ram_dq0.tdf                  ; yes             ; Auto-Found Wizard-Generated File   ; C:/Users/Alexsandr/Desktop/sifo/lab8-9 snit/lpm_ram_dq0.tdf        ;
; altsyncram.inc                   ; yes             ; Auto-Found AHDL File               ; c:/altera/91/quartus/libraries/megafunctions/altsyncram.inc        ;
; altsyncram.tdf                   ; yes             ; Megafunction                       ; c:/altera/91/quartus/libraries/megafunctions/altsyncram.tdf        ;
; db/altsyncram_etd1.tdf           ; yes             ; Auto-Generated Megafunction        ; C:/Users/Alexsandr/Desktop/sifo/lab8-9 snit/db/altsyncram_etd1.tdf ;
+----------------------------------+-----------------+------------------------------------+--------------------------------------------------------------------+


+-------------------------------------------------------+
; Analysis & Synthesis Resource Usage Summary           ;
+-----------------------------------------------+-------+
; Resource                                      ; Usage ;
+-----------------------------------------------+-------+
; Estimated ALUTs Used                          ; 767   ;
; Dedicated logic registers                     ; 669   ;
;                                               ;       ;
; Estimated ALUTs Unavailable                   ; 0     ;
;                                               ;       ;
; Total combinational functions                 ; 767   ;
; Combinational ALUT usage by number of inputs  ;       ;
;     -- 7 input functions                      ; 0     ;
;     -- 6 input functions                      ; 203   ;
;     -- 5 input functions                      ; 271   ;
;     -- 4 input functions                      ; 79    ;
;     -- <=3 input functions                    ; 214   ;
;                                               ;       ;
; Combinational ALUTs by mode                   ;       ;
;     -- normal mode                            ; 602   ;
;     -- extended LUT mode                      ; 0     ;
;     -- arithmetic mode                        ; 165   ;
;     -- shared arithmetic mode                 ; 0     ;
;                                               ;       ;
; Estimated ALUT/register pairs used            ; 1177  ;
;                                               ;       ;
; Total registers                               ; 669   ;
;     -- Dedicated logic registers              ; 669   ;
;     -- I/O registers                          ; 0     ;
;                                               ;       ;
; Estimated ALMs:  partially or completely used ; 589   ;
;                                               ;       ;
; I/O pins                                      ; 515   ;
; Total block memory bits                       ; 1792  ;
; Maximum fan-out node                          ; clk   ;
; Maximum fan-out                               ; 666   ;
; Total fan-out                                 ; 5991  ;
; Average fan-out                               ; 3.06  ;
+-----------------------------------------------+-------+


+-----------------------------------------------------------------------------------------------------------------------------------------------------------------------------------------------------------------------------------------------------------------------------------------------------------------------+
; Analysis & Synthesis Resource Utilization by Entity                                                                                                                                                                                                                                                                   ;
+-------------------------------------------------+-------------------+--------------+-------------------+--------------+---------+-----------+-----------+------+--------------+------------------------------------------------------------------------------------------------------------------------+--------------+
; Compilation Hierarchy Node                      ; LC Combinationals ; LC Registers ; Block Memory Bits ; DSP Elements ; DSP 9x9 ; DSP 18x18 ; DSP 36x36 ; Pins ; Virtual Pins ; Full Hierarchy Name                                                                                                    ; Library Name ;
+-------------------------------------------------+-------------------+--------------+-------------------+--------------+---------+-----------+-----------+------+--------------+------------------------------------------------------------------------------------------------------------------------+--------------+
; |lab8                                           ; 767 (0)           ; 669 (0)      ; 1792              ; 0            ; 0       ; 0         ; 0         ; 515  ; 0            ; |lab8                                                                                                                  ; work         ;
;    |CACHE:inst1|                                ; 764 (0)           ; 669 (0)      ; 0                 ; 0            ; 0       ; 0         ; 0         ; 0    ; 0            ; |lab8|CACHE:inst1                                                                                                      ;              ;
;       |LINE:inst26|                             ; 39 (10)           ; 69 (0)       ; 0                 ; 0            ; 0       ; 0         ; 0         ; 0    ; 0            ; |lab8|CACHE:inst1|LINE:inst26                                                                                          ; work         ;
;          |lpm_counter0:inst3|                   ; 8 (0)             ; 8 (0)        ; 0                 ; 0            ; 0       ; 0         ; 0         ; 0    ; 0            ; |lab8|CACHE:inst1|LINE:inst26|lpm_counter0:inst3                                                                       ; work         ;
;             |lpm_counter:lpm_counter_component| ; 8 (0)             ; 8 (0)        ; 0                 ; 0            ; 0       ; 0         ; 0         ; 0    ; 0            ; |lab8|CACHE:inst1|LINE:inst26|lpm_counter0:inst3|lpm_counter:lpm_counter_component                                     ; work         ;
;                |cntr_coi:auto_generated|        ; 8 (8)             ; 8 (8)        ; 0                 ; 0            ; 0       ; 0         ; 0         ; 0    ; 0            ; |lab8|CACHE:inst1|LINE:inst26|lpm_counter0:inst3|lpm_counter:lpm_counter_component|cntr_coi:auto_generated             ; work         ;
;          |lpm_decode1:inst4|                    ; 10 (0)            ; 0 (0)        ; 0                 ; 0            ; 0       ; 0         ; 0         ; 0    ; 0            ; |lab8|CACHE:inst1|LINE:inst26|lpm_decode1:inst4                                                                        ; work         ;
;             |lpm_decode:lpm_decode_component|   ; 10 (0)            ; 0 (0)        ; 0                 ; 0            ; 0       ; 0         ; 0         ; 0    ; 0            ; |lab8|CACHE:inst1|LINE:inst26|lpm_decode1:inst4|lpm_decode:lpm_decode_component                                        ; work         ;
;                |decode_8bf:auto_generated|      ; 10 (10)           ; 0 (0)        ; 0                 ; 0            ; 0       ; 0         ; 0         ; 0    ; 0            ; |lab8|CACHE:inst1|LINE:inst26|lpm_decode1:inst4|lpm_decode:lpm_decode_component|decode_8bf:auto_generated              ; work         ;
;          |lpm_decode3:inst2|                    ; 4 (0)             ; 0 (0)        ; 0                 ; 0            ; 0       ; 0         ; 0         ; 0    ; 0            ; |lab8|CACHE:inst1|LINE:inst26|lpm_decode3:inst2                                                                        ; work         ;
;             |lpm_decode:lpm_decode_component|   ; 4 (0)             ; 0 (0)        ; 0                 ; 0            ; 0       ; 0         ; 0         ; 0    ; 0            ; |lab8|CACHE:inst1|LINE:inst26|lpm_decode3:inst2|lpm_decode:lpm_decode_component                                        ; work         ;
;                |decode_5sf:auto_generated|      ; 4 (4)             ; 0 (0)        ; 0                 ; 0            ; 0       ; 0         ; 0         ; 0    ; 0            ; |lab8|CACHE:inst1|LINE:inst26|lpm_decode3:inst2|lpm_decode:lpm_decode_component|decode_5sf:auto_generated              ; work         ;
;          |lpm_dff1:inst5|                       ; 0 (0)             ; 5 (0)        ; 0                 ; 0            ; 0       ; 0         ; 0         ; 0    ; 0            ; |lab8|CACHE:inst1|LINE:inst26|lpm_dff1:inst5                                                                           ; work         ;
;             |lpm_ff:lpm_ff_component|           ; 0 (0)             ; 5 (5)        ; 0                 ; 0            ; 0       ; 0         ; 0         ; 0    ; 0            ; |lab8|CACHE:inst1|LINE:inst26|lpm_dff1:inst5|lpm_ff:lpm_ff_component                                                   ; work         ;
;          |lpm_dff2:inst10|                      ; 0 (0)             ; 7 (0)        ; 0                 ; 0            ; 0       ; 0         ; 0         ; 0    ; 0            ; |lab8|CACHE:inst1|LINE:inst26|lpm_dff2:inst10                                                                          ; work         ;
;             |lpm_ff:lpm_ff_component|           ; 0 (0)             ; 7 (7)        ; 0                 ; 0            ; 0       ; 0         ; 0         ; 0    ; 0            ; |lab8|CACHE:inst1|LINE:inst26|lpm_dff2:inst10|lpm_ff:lpm_ff_component                                                  ; work         ;
;          |lpm_dff2:inst11|                      ; 0 (0)             ; 7 (0)        ; 0                 ; 0            ; 0       ; 0         ; 0         ; 0    ; 0            ; |lab8|CACHE:inst1|LINE:inst26|lpm_dff2:inst11                                                                          ; work         ;
;             |lpm_ff:lpm_ff_component|           ; 0 (0)             ; 7 (7)        ; 0                 ; 0            ; 0       ; 0         ; 0         ; 0    ; 0            ; |lab8|CACHE:inst1|LINE:inst26|lpm_dff2:inst11|lpm_ff:lpm_ff_component                                                  ; work         ;
;          |lpm_dff2:inst12|                      ; 0 (0)             ; 7 (0)        ; 0                 ; 0            ; 0       ; 0         ; 0         ; 0    ; 0            ; |lab8|CACHE:inst1|LINE:inst26|lpm_dff2:inst12                                                                          ; work         ;
;             |lpm_ff:lpm_ff_component|           ; 0 (0)             ; 7 (7)        ; 0                 ; 0            ; 0       ; 0         ; 0         ; 0    ; 0            ; |lab8|CACHE:inst1|LINE:inst26|lpm_dff2:inst12|lpm_ff:lpm_ff_component                                                  ; work         ;
;          |lpm_dff2:inst13|                      ; 0 (0)             ; 7 (0)        ; 0                 ; 0            ; 0       ; 0         ; 0         ; 0    ; 0            ; |lab8|CACHE:inst1|LINE:inst26|lpm_dff2:inst13                                                                          ; work         ;
;             |lpm_ff:lpm_ff_component|           ; 0 (0)             ; 7 (7)        ; 0                 ; 0            ; 0       ; 0         ; 0         ; 0    ; 0            ; |lab8|CACHE:inst1|LINE:inst26|lpm_dff2:inst13|lpm_ff:lpm_ff_component                                                  ; work         ;
;          |lpm_dff2:inst14|                      ; 0 (0)             ; 7 (0)        ; 0                 ; 0            ; 0       ; 0         ; 0         ; 0    ; 0            ; |lab8|CACHE:inst1|LINE:inst26|lpm_dff2:inst14                                                                          ; work         ;
;             |lpm_ff:lpm_ff_component|           ; 0 (0)             ; 7 (7)        ; 0                 ; 0            ; 0       ; 0         ; 0         ; 0    ; 0            ; |lab8|CACHE:inst1|LINE:inst26|lpm_dff2:inst14|lpm_ff:lpm_ff_component                                                  ;              ;
;          |lpm_dff2:inst15|                      ; 0 (0)             ; 7 (0)        ; 0                 ; 0            ; 0       ; 0         ; 0         ; 0    ; 0            ; |lab8|CACHE:inst1|LINE:inst26|lpm_dff2:inst15                                                                          ; work         ;
;             |lpm_ff:lpm_ff_component|           ; 0 (0)             ; 7 (7)        ; 0                 ; 0            ; 0       ; 0         ; 0         ; 0    ; 0            ; |lab8|CACHE:inst1|LINE:inst26|lpm_dff2:inst15|lpm_ff:lpm_ff_component                                                  ; work         ;
;          |lpm_dff2:inst8|                       ; 0 (0)             ; 7 (0)        ; 0                 ; 0            ; 0       ; 0         ; 0         ; 0    ; 0            ; |lab8|CACHE:inst1|LINE:inst26|lpm_dff2:inst8                                                                           ; work         ;
;             |lpm_ff:lpm_ff_component|           ; 0 (0)             ; 7 (7)        ; 0                 ; 0            ; 0       ; 0         ; 0         ; 0    ; 0            ; |lab8|CACHE:inst1|LINE:inst26|lpm_dff2:inst8|lpm_ff:lpm_ff_component                                                   ; work         ;
;          |lpm_dff2:inst9|                       ; 0 (0)             ; 7 (0)        ; 0                 ; 0            ; 0       ; 0         ; 0         ; 0    ; 0            ; |lab8|CACHE:inst1|LINE:inst26|lpm_dff2:inst9                                                                           ; work         ;
;             |lpm_ff:lpm_ff_component|           ; 0 (0)             ; 7 (7)        ; 0                 ; 0            ; 0       ; 0         ; 0         ; 0    ; 0            ; |lab8|CACHE:inst1|LINE:inst26|lpm_dff2:inst9|lpm_ff:lpm_ff_component                                                   ; work         ;
;          |lpm_mux0:inst24|                      ; 7 (0)             ; 0 (0)        ; 0                 ; 0            ; 0       ; 0         ; 0         ; 0    ; 0            ; |lab8|CACHE:inst1|LINE:inst26|lpm_mux0:inst24                                                                          ; work         ;
;             |lpm_mux:lpm_mux_component|         ; 7 (0)             ; 0 (0)        ; 0                 ; 0            ; 0       ; 0         ; 0         ; 0    ; 0            ; |lab8|CACHE:inst1|LINE:inst26|lpm_mux0:inst24|lpm_mux:lpm_mux_component                                                ; work         ;
;                |mux_5oc:auto_generated|         ; 7 (7)             ; 0 (0)        ; 0                 ; 0            ; 0       ; 0         ; 0         ; 0    ; 0            ; |lab8|CACHE:inst1|LINE:inst26|lpm_mux0:inst24|lpm_mux:lpm_mux_component|mux_5oc:auto_generated                         ; work         ;
;       |LINE:inst28|                             ; 35 (10)           ; 69 (0)       ; 0                 ; 0            ; 0       ; 0         ; 0         ; 0    ; 0            ; |lab8|CACHE:inst1|LINE:inst28                                                                                          ;              ;
;          |lpm_counter0:inst3|                   ; 8 (0)             ; 8 (0)        ; 0                 ; 0            ; 0       ; 0         ; 0         ; 0    ; 0            ; |lab8|CACHE:inst1|LINE:inst28|lpm_counter0:inst3                                                                       ; work         ;
;             |lpm_counter:lpm_counter_component| ; 8 (0)             ; 8 (0)        ; 0                 ; 0            ; 0       ; 0         ; 0         ; 0    ; 0            ; |lab8|CACHE:inst1|LINE:inst28|lpm_counter0:inst3|lpm_counter:lpm_counter_component                                     ; work         ;
;                |cntr_coi:auto_generated|        ; 8 (8)             ; 8 (8)        ; 0                 ; 0            ; 0       ; 0         ; 0         ; 0    ; 0            ; |lab8|CACHE:inst1|LINE:inst28|lpm_counter0:inst3|lpm_counter:lpm_counter_component|cntr_coi:auto_generated             ; work         ;
;          |lpm_decode1:inst4|                    ; 10 (0)            ; 0 (0)        ; 0                 ; 0            ; 0       ; 0         ; 0         ; 0    ; 0            ; |lab8|CACHE:inst1|LINE:inst28|lpm_decode1:inst4                                                                        ; work         ;
;             |lpm_decode:lpm_decode_component|   ; 10 (0)            ; 0 (0)        ; 0                 ; 0            ; 0       ; 0         ; 0         ; 0    ; 0            ; |lab8|CACHE:inst1|LINE:inst28|lpm_decode1:inst4|lpm_decode:lpm_decode_component                                        ; work         ;
;                |decode_8bf:auto_generated|      ; 10 (10)           ; 0 (0)        ; 0                 ; 0            ; 0       ; 0         ; 0         ; 0    ; 0            ; |lab8|CACHE:inst1|LINE:inst28|lpm_decode1:inst4|lpm_decode:lpm_decode_component|decode_8bf:auto_generated              ; work         ;
;          |lpm_dff1:inst5|                       ; 0 (0)             ; 5 (0)        ; 0                 ; 0            ; 0       ; 0         ; 0         ; 0    ; 0            ; |lab8|CACHE:inst1|LINE:inst28|lpm_dff1:inst5                                                                           ; work         ;
;             |lpm_ff:lpm_ff_component|           ; 0 (0)             ; 5 (5)        ; 0                 ; 0            ; 0       ; 0         ; 0         ; 0    ; 0            ; |lab8|CACHE:inst1|LINE:inst28|lpm_dff1:inst5|lpm_ff:lpm_ff_component                                                   ; work         ;
;          |lpm_dff2:inst10|                      ; 0 (0)             ; 7 (0)        ; 0                 ; 0            ; 0       ; 0         ; 0         ; 0    ; 0            ; |lab8|CACHE:inst1|LINE:inst28|lpm_dff2:inst10                                                                          ; work         ;
;             |lpm_ff:lpm_ff_component|           ; 0 (0)             ; 7 (7)        ; 0                 ; 0            ; 0       ; 0         ; 0         ; 0    ; 0            ; |lab8|CACHE:inst1|LINE:inst28|lpm_dff2:inst10|lpm_ff:lpm_ff_component                                                  ; work         ;
;          |lpm_dff2:inst11|                      ; 0 (0)             ; 7 (0)        ; 0                 ; 0            ; 0       ; 0         ; 0         ; 0    ; 0            ; |lab8|CACHE:inst1|LINE:inst28|lpm_dff2:inst11                                                                          ;              ;
;             |lpm_ff:lpm_ff_component|           ; 0 (0)             ; 7 (7)        ; 0                 ; 0            ; 0       ; 0         ; 0         ; 0    ; 0            ; |lab8|CACHE:inst1|LINE:inst28|lpm_dff2:inst11|lpm_ff:lpm_ff_component                                                  ; work         ;
;          |lpm_dff2:inst12|                      ; 0 (0)             ; 7 (0)        ; 0                 ; 0            ; 0       ; 0         ; 0         ; 0    ; 0            ; |lab8|CACHE:inst1|LINE:inst28|lpm_dff2:inst12                                                                          ; work         ;
;             |lpm_ff:lpm_ff_component|           ; 0 (0)             ; 7 (7)        ; 0                 ; 0            ; 0       ; 0         ; 0         ; 0    ; 0            ; |lab8|CACHE:inst1|LINE:inst28|lpm_dff2:inst12|lpm_ff:lpm_ff_component                                                  ;              ;
;          |lpm_dff2:inst13|                      ; 0 (0)             ; 7 (0)        ; 0                 ; 0            ; 0       ; 0         ; 0         ; 0    ; 0            ; |lab8|CACHE:inst1|LINE:inst28|lpm_dff2:inst13                                                                          ; work         ;
;             |lpm_ff:lpm_ff_component|           ; 0 (0)             ; 7 (7)        ; 0                 ; 0            ; 0       ; 0         ; 0         ; 0    ; 0            ; |lab8|CACHE:inst1|LINE:inst28|lpm_dff2:inst13|lpm_ff:lpm_ff_component                                                  ;              ;
;          |lpm_dff2:inst14|                      ; 0 (0)             ; 7 (0)        ; 0                 ; 0            ; 0       ; 0         ; 0         ; 0    ; 0            ; |lab8|CACHE:inst1|LINE:inst28|lpm_dff2:inst14                                                                          ; work         ;
;             |lpm_ff:lpm_ff_component|           ; 0 (0)             ; 7 (7)        ; 0                 ; 0            ; 0       ; 0         ; 0         ; 0    ; 0            ; |lab8|CACHE:inst1|LINE:inst28|lpm_dff2:inst14|lpm_ff:lpm_ff_component                                                  ;              ;
;          |lpm_dff2:inst15|                      ; 0 (0)             ; 7 (0)        ; 0                 ; 0            ; 0       ; 0         ; 0         ; 0    ; 0            ; |lab8|CACHE:inst1|LINE:inst28|lpm_dff2:inst15                                                                          ; work         ;
;             |lpm_ff:lpm_ff_component|           ; 0 (0)             ; 7 (7)        ; 0                 ; 0            ; 0       ; 0         ; 0         ; 0    ; 0            ; |lab8|CACHE:inst1|LINE:inst28|lpm_dff2:inst15|lpm_ff:lpm_ff_component                                                  ;              ;
;          |lpm_dff2:inst8|                       ; 0 (0)             ; 7 (0)        ; 0                 ; 0            ; 0       ; 0         ; 0         ; 0    ; 0            ; |lab8|CACHE:inst1|LINE:inst28|lpm_dff2:inst8                                                                           ; work         ;
;             |lpm_ff:lpm_ff_component|           ; 0 (0)             ; 7 (7)        ; 0                 ; 0            ; 0       ; 0         ; 0         ; 0    ; 0            ; |lab8|CACHE:inst1|LINE:inst28|lpm_dff2:inst8|lpm_ff:lpm_ff_component                                                   ; work         ;
;          |lpm_dff2:inst9|                       ; 0 (0)             ; 7 (0)        ; 0                 ; 0            ; 0       ; 0         ; 0         ; 0    ; 0            ; |lab8|CACHE:inst1|LINE:inst28|lpm_dff2:inst9                                                                           ; work         ;
;             |lpm_ff:lpm_ff_component|           ; 0 (0)             ; 7 (7)        ; 0                 ; 0            ; 0       ; 0         ; 0         ; 0    ; 0            ; |lab8|CACHE:inst1|LINE:inst28|lpm_dff2:inst9|lpm_ff:lpm_ff_component                                                   ; work         ;
;          |lpm_mux0:inst24|                      ; 7 (0)             ; 0 (0)        ; 0                 ; 0            ; 0       ; 0         ; 0         ; 0    ; 0            ; |lab8|CACHE:inst1|LINE:inst28|lpm_mux0:inst24                                                                          ; work         ;
;             |lpm_mux:lpm_mux_component|         ; 7 (0)             ; 0 (0)        ; 0                 ; 0            ; 0       ; 0         ; 0         ; 0    ; 0            ; |lab8|CACHE:inst1|LINE:inst28|lpm_mux0:inst24|lpm_mux:lpm_mux_component                                                ; work         ;
;                |mux_5oc:auto_generated|         ; 7 (7)             ; 0 (0)        ; 0                 ; 0            ; 0       ; 0         ; 0         ; 0    ; 0            ; |lab8|CACHE:inst1|LINE:inst28|lpm_mux0:inst24|lpm_mux:lpm_mux_component|mux_5oc:auto_generated                         ; work         ;
;       |LINE:inst30|                             ; 35 (10)           ; 69 (0)       ; 0                 ; 0            ; 0       ; 0         ; 0         ; 0    ; 0            ; |lab8|CACHE:inst1|LINE:inst30                                                                                          ; work         ;
;          |lpm_counter0:inst3|                   ; 8 (0)             ; 8 (0)        ; 0                 ; 0            ; 0       ; 0         ; 0         ; 0    ; 0            ; |lab8|CACHE:inst1|LINE:inst30|lpm_counter0:inst3                                                                       ; work         ;
;             |lpm_counter:lpm_counter_component| ; 8 (0)             ; 8 (0)        ; 0                 ; 0            ; 0       ; 0         ; 0         ; 0    ; 0            ; |lab8|CACHE:inst1|LINE:inst30|lpm_counter0:inst3|lpm_counter:lpm_counter_component                                     ; work         ;
;                |cntr_coi:auto_generated|        ; 8 (8)             ; 8 (8)        ; 0                 ; 0            ; 0       ; 0         ; 0         ; 0    ; 0            ; |lab8|CACHE:inst1|LINE:inst30|lpm_counter0:inst3|lpm_counter:lpm_counter_component|cntr_coi:auto_generated             ; work         ;
;          |lpm_decode1:inst4|                    ; 10 (0)            ; 0 (0)        ; 0                 ; 0            ; 0       ; 0         ; 0         ; 0    ; 0            ; |lab8|CACHE:inst1|LINE:inst30|lpm_decode1:inst4                                                                        ; work         ;
;             |lpm_decode:lpm_decode_component|   ; 10 (0)            ; 0 (0)        ; 0                 ; 0            ; 0       ; 0         ; 0         ; 0    ; 0            ; |lab8|CACHE:inst1|LINE:inst30|lpm_decode1:inst4|lpm_decode:lpm_decode_component                                        ; work         ;
;                |decode_8bf:auto_generated|      ; 10 (10)           ; 0 (0)        ; 0                 ; 0            ; 0       ; 0         ; 0         ; 0    ; 0            ; |lab8|CACHE:inst1|LINE:inst30|lpm_decode1:inst4|lpm_decode:lpm_decode_component|decode_8bf:auto_generated              ; work         ;
;          |lpm_dff1:inst5|                       ; 0 (0)             ; 5 (0)        ; 0                 ; 0            ; 0       ; 0         ; 0         ; 0    ; 0            ; |lab8|CACHE:inst1|LINE:inst30|lpm_dff1:inst5                                                                           ; work         ;
;             |lpm_ff:lpm_ff_component|           ; 0 (0)             ; 5 (5)        ; 0                 ; 0            ; 0       ; 0         ; 0         ; 0    ; 0            ; |lab8|CACHE:inst1|LINE:inst30|lpm_dff1:inst5|lpm_ff:lpm_ff_component                                                   ; work         ;
;          |lpm_dff2:inst10|                      ; 0 (0)             ; 7 (0)        ; 0                 ; 0            ; 0       ; 0         ; 0         ; 0    ; 0            ; |lab8|CACHE:inst1|LINE:inst30|lpm_dff2:inst10                                                                          ; work         ;
;             |lpm_ff:lpm_ff_component|           ; 0 (0)             ; 7 (7)        ; 0                 ; 0            ; 0       ; 0         ; 0         ; 0    ; 0            ; |lab8|CACHE:inst1|LINE:inst30|lpm_dff2:inst10|lpm_ff:lpm_ff_component                                                  ; work         ;
;          |lpm_dff2:inst11|                      ; 0 (0)             ; 7 (0)        ; 0                 ; 0            ; 0       ; 0         ; 0         ; 0    ; 0            ; |lab8|CACHE:inst1|LINE:inst30|lpm_dff2:inst11                                                                          ; work         ;
;             |lpm_ff:lpm_ff_component|           ; 0 (0)             ; 7 (7)        ; 0                 ; 0            ; 0       ; 0         ; 0         ; 0    ; 0            ; |lab8|CACHE:inst1|LINE:inst30|lpm_dff2:inst11|lpm_ff:lpm_ff_component                                                  ; work         ;
;          |lpm_dff2:inst12|                      ; 0 (0)             ; 7 (0)        ; 0                 ; 0            ; 0       ; 0         ; 0         ; 0    ; 0            ; |lab8|CACHE:inst1|LINE:inst30|lpm_dff2:inst12                                                                          ; work         ;
;             |lpm_ff:lpm_ff_component|           ; 0 (0)             ; 7 (7)        ; 0                 ; 0            ; 0       ; 0         ; 0         ; 0    ; 0            ; |lab8|CACHE:inst1|LINE:inst30|lpm_dff2:inst12|lpm_ff:lpm_ff_component                                                  ; work         ;
;          |lpm_dff2:inst13|                      ; 0 (0)             ; 7 (0)        ; 0                 ; 0            ; 0       ; 0         ; 0         ; 0    ; 0            ; |lab8|CACHE:inst1|LINE:inst30|lpm_dff2:inst13                                                                          ; work         ;
;             |lpm_ff:lpm_ff_component|           ; 0 (0)             ; 7 (7)        ; 0                 ; 0            ; 0       ; 0         ; 0         ; 0    ; 0            ; |lab8|CACHE:inst1|LINE:inst30|lpm_dff2:inst13|lpm_ff:lpm_ff_component                                                  ; work         ;
;          |lpm_dff2:inst14|                      ; 0 (0)             ; 7 (0)        ; 0                 ; 0            ; 0       ; 0         ; 0         ; 0    ; 0            ; |lab8|CACHE:inst1|LINE:inst30|lpm_dff2:inst14                                                                          ; work         ;
;             |lpm_ff:lpm_ff_component|           ; 0 (0)             ; 7 (7)        ; 0                 ; 0            ; 0       ; 0         ; 0         ; 0    ; 0            ; |lab8|CACHE:inst1|LINE:inst30|lpm_dff2:inst14|lpm_ff:lpm_ff_component                                                  ; work         ;
;          |lpm_dff2:inst15|                      ; 0 (0)             ; 7 (0)        ; 0                 ; 0            ; 0       ; 0         ; 0         ; 0    ; 0            ; |lab8|CACHE:inst1|LINE:inst30|lpm_dff2:inst15                                                                          ; work         ;
;             |lpm_ff:lpm_ff_component|           ; 0 (0)             ; 7 (7)        ; 0                 ; 0            ; 0       ; 0         ; 0         ; 0    ; 0            ; |lab8|CACHE:inst1|LINE:inst30|lpm_dff2:inst15|lpm_ff:lpm_ff_component                                                  ; work         ;
;          |lpm_dff2:inst8|                       ; 0 (0)             ; 7 (0)        ; 0                 ; 0            ; 0       ; 0         ; 0         ; 0    ; 0            ; |lab8|CACHE:inst1|LINE:inst30|lpm_dff2:inst8                                                                           ; work         ;
;             |lpm_ff:lpm_ff_component|           ; 0 (0)             ; 7 (7)        ; 0                 ; 0            ; 0       ; 0         ; 0         ; 0    ; 0            ; |lab8|CACHE:inst1|LINE:inst30|lpm_dff2:inst8|lpm_ff:lpm_ff_component                                                   ; work         ;
;          |lpm_dff2:inst9|                       ; 0 (0)             ; 7 (0)        ; 0                 ; 0            ; 0       ; 0         ; 0         ; 0    ; 0            ; |lab8|CACHE:inst1|LINE:inst30|lpm_dff2:inst9                                                                           ; work         ;
;             |lpm_ff:lpm_ff_component|           ; 0 (0)             ; 7 (7)        ; 0                 ; 0            ; 0       ; 0         ; 0         ; 0    ; 0            ; |lab8|CACHE:inst1|LINE:inst30|lpm_dff2:inst9|lpm_ff:lpm_ff_component                                                   ; work         ;
;          |lpm_mux0:inst24|                      ; 7 (0)             ; 0 (0)        ; 0                 ; 0            ; 0       ; 0         ; 0         ; 0    ; 0            ; |lab8|CACHE:inst1|LINE:inst30|lpm_mux0:inst24                                                                          ; work         ;
;             |lpm_mux:lpm_mux_component|         ; 7 (0)             ; 0 (0)        ; 0                 ; 0            ; 0       ; 0         ; 0         ; 0    ; 0            ; |lab8|CACHE:inst1|LINE:inst30|lpm_mux0:inst24|lpm_mux:lpm_mux_component                                                ; work         ;
;                |mux_5oc:auto_generated|         ; 7 (7)             ; 0 (0)        ; 0                 ; 0            ; 0       ; 0         ; 0         ; 0    ; 0            ; |lab8|CACHE:inst1|LINE:inst30|lpm_mux0:inst24|lpm_mux:lpm_mux_component|mux_5oc:auto_generated                         ; work         ;
;       |LINE:inst32|                             ; 35 (9)            ; 69 (0)       ; 0                 ; 0            ; 0       ; 0         ; 0         ; 0    ; 0            ; |lab8|CACHE:inst1|LINE:inst32                                                                                          ; work         ;
;          |lpm_bustri1:inst25|                   ; 1 (0)             ; 0 (0)        ; 0                 ; 0            ; 0       ; 0         ; 0         ; 0    ; 0            ; |lab8|CACHE:inst1|LINE:inst32|lpm_bustri1:inst25                                                                       ; work         ;
;             |lpm_bustri:lpm_bustri_component|   ; 1 (1)             ; 0 (0)        ; 0                 ; 0            ; 0       ; 0         ; 0         ; 0    ; 0            ; |lab8|CACHE:inst1|LINE:inst32|lpm_bustri1:inst25|lpm_bustri:lpm_bustri_component                                       ; work         ;
;          |lpm_counter0:inst3|                   ; 8 (0)             ; 8 (0)        ; 0                 ; 0            ; 0       ; 0         ; 0         ; 0    ; 0            ; |lab8|CACHE:inst1|LINE:inst32|lpm_counter0:inst3                                                                       ; work         ;
;             |lpm_counter:lpm_counter_component| ; 8 (0)             ; 8 (0)        ; 0                 ; 0            ; 0       ; 0         ; 0         ; 0    ; 0            ; |lab8|CACHE:inst1|LINE:inst32|lpm_counter0:inst3|lpm_counter:lpm_counter_component                                     ; work         ;
;                |cntr_coi:auto_generated|        ; 8 (8)             ; 8 (8)        ; 0                 ; 0            ; 0       ; 0         ; 0         ; 0    ; 0            ; |lab8|CACHE:inst1|LINE:inst32|lpm_counter0:inst3|lpm_counter:lpm_counter_component|cntr_coi:auto_generated             ; work         ;
;          |lpm_decode1:inst4|                    ; 10 (0)            ; 0 (0)        ; 0                 ; 0            ; 0       ; 0         ; 0         ; 0    ; 0            ; |lab8|CACHE:inst1|LINE:inst32|lpm_decode1:inst4                                                                        ; work         ;
;             |lpm_decode:lpm_decode_component|   ; 10 (0)            ; 0 (0)        ; 0                 ; 0            ; 0       ; 0         ; 0         ; 0    ; 0            ; |lab8|CACHE:inst1|LINE:inst32|lpm_decode1:inst4|lpm_decode:lpm_decode_component                                        ; work         ;
;                |decode_8bf:auto_generated|      ; 10 (10)           ; 0 (0)        ; 0                 ; 0            ; 0       ; 0         ; 0         ; 0    ; 0            ; |lab8|CACHE:inst1|LINE:inst32|lpm_decode1:inst4|lpm_decode:lpm_decode_component|decode_8bf:auto_generated              ; work         ;
;          |lpm_dff1:inst5|                       ; 0 (0)             ; 5 (0)        ; 0                 ; 0            ; 0       ; 0         ; 0         ; 0    ; 0            ; |lab8|CACHE:inst1|LINE:inst32|lpm_dff1:inst5                                                                           ; work         ;
;             |lpm_ff:lpm_ff_component|           ; 0 (0)             ; 5 (5)        ; 0                 ; 0            ; 0       ; 0         ; 0         ; 0    ; 0            ; |lab8|CACHE:inst1|LINE:inst32|lpm_dff1:inst5|lpm_ff:lpm_ff_component                                                   ; work         ;
;          |lpm_dff2:inst10|                      ; 0 (0)             ; 7 (0)        ; 0                 ; 0            ; 0       ; 0         ; 0         ; 0    ; 0            ; |lab8|CACHE:inst1|LINE:inst32|lpm_dff2:inst10                                                                          ; work         ;
;             |lpm_ff:lpm_ff_component|           ; 0 (0)             ; 7 (7)        ; 0                 ; 0            ; 0       ; 0         ; 0         ; 0    ; 0            ; |lab8|CACHE:inst1|LINE:inst32|lpm_dff2:inst10|lpm_ff:lpm_ff_component                                                  ; work         ;
;          |lpm_dff2:inst11|                      ; 0 (0)             ; 7 (0)        ; 0                 ; 0            ; 0       ; 0         ; 0         ; 0    ; 0            ; |lab8|CACHE:inst1|LINE:inst32|lpm_dff2:inst11                                                                          ; work         ;
;             |lpm_ff:lpm_ff_component|           ; 0 (0)             ; 7 (7)        ; 0                 ; 0            ; 0       ; 0         ; 0         ; 0    ; 0            ; |lab8|CACHE:inst1|LINE:inst32|lpm_dff2:inst11|lpm_ff:lpm_ff_component                                                  ; work         ;
;          |lpm_dff2:inst12|                      ; 0 (0)             ; 7 (0)        ; 0                 ; 0            ; 0       ; 0         ; 0         ; 0    ; 0            ; |lab8|CACHE:inst1|LINE:inst32|lpm_dff2:inst12                                                                          ; work         ;
;             |lpm_ff:lpm_ff_component|           ; 0 (0)             ; 7 (7)        ; 0                 ; 0            ; 0       ; 0         ; 0         ; 0    ; 0            ; |lab8|CACHE:inst1|LINE:inst32|lpm_dff2:inst12|lpm_ff:lpm_ff_component                                                  ; work         ;
;          |lpm_dff2:inst13|                      ; 0 (0)             ; 7 (0)        ; 0                 ; 0            ; 0       ; 0         ; 0         ; 0    ; 0            ; |lab8|CACHE:inst1|LINE:inst32|lpm_dff2:inst13                                                                          ; work         ;
;             |lpm_ff:lpm_ff_component|           ; 0 (0)             ; 7 (7)        ; 0                 ; 0            ; 0       ; 0         ; 0         ; 0    ; 0            ; |lab8|CACHE:inst1|LINE:inst32|lpm_dff2:inst13|lpm_ff:lpm_ff_component                                                  ; work         ;
;          |lpm_dff2:inst14|                      ; 0 (0)             ; 7 (0)        ; 0                 ; 0            ; 0       ; 0         ; 0         ; 0    ; 0            ; |lab8|CACHE:inst1|LINE:inst32|lpm_dff2:inst14                                                                          ; work         ;
;             |lpm_ff:lpm_ff_component|           ; 0 (0)             ; 7 (7)        ; 0                 ; 0            ; 0       ; 0         ; 0         ; 0    ; 0            ; |lab8|CACHE:inst1|LINE:inst32|lpm_dff2:inst14|lpm_ff:lpm_ff_component                                                  ; work         ;
;          |lpm_dff2:inst15|                      ; 0 (0)             ; 7 (0)        ; 0                 ; 0            ; 0       ; 0         ; 0         ; 0    ; 0            ; |lab8|CACHE:inst1|LINE:inst32|lpm_dff2:inst15                                                                          ; work         ;
;             |lpm_ff:lpm_ff_component|           ; 0 (0)             ; 7 (7)        ; 0                 ; 0            ; 0       ; 0         ; 0         ; 0    ; 0            ; |lab8|CACHE:inst1|LINE:inst32|lpm_dff2:inst15|lpm_ff:lpm_ff_component                                                  ; work         ;
;          |lpm_dff2:inst8|                       ; 0 (0)             ; 7 (0)        ; 0                 ; 0            ; 0       ; 0         ; 0         ; 0    ; 0            ; |lab8|CACHE:inst1|LINE:inst32|lpm_dff2:inst8                                                                           ; work         ;
;             |lpm_ff:lpm_ff_component|           ; 0 (0)             ; 7 (7)        ; 0                 ; 0            ; 0       ; 0         ; 0         ; 0    ; 0            ; |lab8|CACHE:inst1|LINE:inst32|lpm_dff2:inst8|lpm_ff:lpm_ff_component                                                   ; work         ;
;          |lpm_dff2:inst9|                       ; 0 (0)             ; 7 (0)        ; 0                 ; 0            ; 0       ; 0         ; 0         ; 0    ; 0            ; |lab8|CACHE:inst1|LINE:inst32|lpm_dff2:inst9                                                                           ; work         ;
;             |lpm_ff:lpm_ff_component|           ; 0 (0)             ; 7 (7)        ; 0                 ; 0            ; 0       ; 0         ; 0         ; 0    ; 0            ; |lab8|CACHE:inst1|LINE:inst32|lpm_dff2:inst9|lpm_ff:lpm_ff_component                                                   ; work         ;
;          |lpm_mux0:inst24|                      ; 7 (0)             ; 0 (0)        ; 0                 ; 0            ; 0       ; 0         ; 0         ; 0    ; 0            ; |lab8|CACHE:inst1|LINE:inst32|lpm_mux0:inst24                                                                          ; work         ;
;             |lpm_mux:lpm_mux_component|         ; 7 (0)             ; 0 (0)        ; 0                 ; 0            ; 0       ; 0         ; 0         ; 0    ; 0            ; |lab8|CACHE:inst1|LINE:inst32|lpm_mux0:inst24|lpm_mux:lpm_mux_component                                                ; work         ;
;                |mux_5oc:auto_generated|         ; 7 (7)             ; 0 (0)        ; 0                 ; 0            ; 0       ; 0         ; 0         ; 0    ; 0            ; |lab8|CACHE:inst1|LINE:inst32|lpm_mux0:inst24|lpm_mux:lpm_mux_component|mux_5oc:auto_generated                         ; work         ;
;       |LINE:inst36|                             ; 34 (9)            ; 69 (0)       ; 0                 ; 0            ; 0       ; 0         ; 0         ; 0    ; 0            ; |lab8|CACHE:inst1|LINE:inst36                                                                                          ; work         ;
;          |lpm_counter0:inst3|                   ; 8 (0)             ; 8 (0)        ; 0                 ; 0            ; 0       ; 0         ; 0         ; 0    ; 0            ; |lab8|CACHE:inst1|LINE:inst36|lpm_counter0:inst3                                                                       ; work         ;
;             |lpm_counter:lpm_counter_component| ; 8 (0)             ; 8 (0)        ; 0                 ; 0            ; 0       ; 0         ; 0         ; 0    ; 0            ; |lab8|CACHE:inst1|LINE:inst36|lpm_counter0:inst3|lpm_counter:lpm_counter_component                                     ; work         ;
;                |cntr_coi:auto_generated|        ; 8 (8)             ; 8 (8)        ; 0                 ; 0            ; 0       ; 0         ; 0         ; 0    ; 0            ; |lab8|CACHE:inst1|LINE:inst36|lpm_counter0:inst3|lpm_counter:lpm_counter_component|cntr_coi:auto_generated             ; work         ;
;          |lpm_decode1:inst4|                    ; 10 (0)            ; 0 (0)        ; 0                 ; 0            ; 0       ; 0         ; 0         ; 0    ; 0            ; |lab8|CACHE:inst1|LINE:inst36|lpm_decode1:inst4                                                                        ; work         ;
;             |lpm_decode:lpm_decode_component|   ; 10 (0)            ; 0 (0)        ; 0                 ; 0            ; 0       ; 0         ; 0         ; 0    ; 0            ; |lab8|CACHE:inst1|LINE:inst36|lpm_decode1:inst4|lpm_decode:lpm_decode_component                                        ; work         ;
;                |decode_8bf:auto_generated|      ; 10 (10)           ; 0 (0)        ; 0                 ; 0            ; 0       ; 0         ; 0         ; 0    ; 0            ; |lab8|CACHE:inst1|LINE:inst36|lpm_decode1:inst4|lpm_decode:lpm_decode_component|decode_8bf:auto_generated              ; work         ;
;          |lpm_dff1:inst5|                       ; 0 (0)             ; 5 (0)        ; 0                 ; 0            ; 0       ; 0         ; 0         ; 0    ; 0            ; |lab8|CACHE:inst1|LINE:inst36|lpm_dff1:inst5                                                                           ; work         ;
;             |lpm_ff:lpm_ff_component|           ; 0 (0)             ; 5 (5)        ; 0                 ; 0            ; 0       ; 0         ; 0         ; 0    ; 0            ; |lab8|CACHE:inst1|LINE:inst36|lpm_dff1:inst5|lpm_ff:lpm_ff_component                                                   ; work         ;
;          |lpm_dff2:inst10|                      ; 0 (0)             ; 7 (0)        ; 0                 ; 0            ; 0       ; 0         ; 0         ; 0    ; 0            ; |lab8|CACHE:inst1|LINE:inst36|lpm_dff2:inst10                                                                          ; work         ;
;             |lpm_ff:lpm_ff_component|           ; 0 (0)             ; 7 (7)        ; 0                 ; 0            ; 0       ; 0         ; 0         ; 0    ; 0            ; |lab8|CACHE:inst1|LINE:inst36|lpm_dff2:inst10|lpm_ff:lpm_ff_component                                                  ; work         ;
;          |lpm_dff2:inst11|                      ; 0 (0)             ; 7 (0)        ; 0                 ; 0            ; 0       ; 0         ; 0         ; 0    ; 0            ; |lab8|CACHE:inst1|LINE:inst36|lpm_dff2:inst11                                                                          ; work         ;
;             |lpm_ff:lpm_ff_component|           ; 0 (0)             ; 7 (7)        ; 0                 ; 0            ; 0       ; 0         ; 0         ; 0    ; 0            ; |lab8|CACHE:inst1|LINE:inst36|lpm_dff2:inst11|lpm_ff:lpm_ff_component                                                  ; work         ;
;          |lpm_dff2:inst12|                      ; 0 (0)             ; 7 (0)        ; 0                 ; 0            ; 0       ; 0         ; 0         ; 0    ; 0            ; |lab8|CACHE:inst1|LINE:inst36|lpm_dff2:inst12                                                                          ; work         ;
;             |lpm_ff:lpm_ff_component|           ; 0 (0)             ; 7 (7)        ; 0                 ; 0            ; 0       ; 0         ; 0         ; 0    ; 0            ; |lab8|CACHE:inst1|LINE:inst36|lpm_dff2:inst12|lpm_ff:lpm_ff_component                                                  ; work         ;
;          |lpm_dff2:inst13|                      ; 0 (0)             ; 7 (0)        ; 0                 ; 0            ; 0       ; 0         ; 0         ; 0    ; 0            ; |lab8|CACHE:inst1|LINE:inst36|lpm_dff2:inst13                                                                          ; work         ;
;             |lpm_ff:lpm_ff_component|           ; 0 (0)             ; 7 (7)        ; 0                 ; 0            ; 0       ; 0         ; 0         ; 0    ; 0            ; |lab8|CACHE:inst1|LINE:inst36|lpm_dff2:inst13|lpm_ff:lpm_ff_component                                                  ; work         ;
;          |lpm_dff2:inst14|                      ; 0 (0)             ; 7 (0)        ; 0                 ; 0            ; 0       ; 0         ; 0         ; 0    ; 0            ; |lab8|CACHE:inst1|LINE:inst36|lpm_dff2:inst14                                                                          ; work         ;
;             |lpm_ff:lpm_ff_component|           ; 0 (0)             ; 7 (7)        ; 0                 ; 0            ; 0       ; 0         ; 0         ; 0    ; 0            ; |lab8|CACHE:inst1|LINE:inst36|lpm_dff2:inst14|lpm_ff:lpm_ff_component                                                  ; work         ;
;          |lpm_dff2:inst15|                      ; 0 (0)             ; 7 (0)        ; 0                 ; 0            ; 0       ; 0         ; 0         ; 0    ; 0            ; |lab8|CACHE:inst1|LINE:inst36|lpm_dff2:inst15                                                                          ; work         ;
;             |lpm_ff:lpm_ff_component|           ; 0 (0)             ; 7 (7)        ; 0                 ; 0            ; 0       ; 0         ; 0         ; 0    ; 0            ; |lab8|CACHE:inst1|LINE:inst36|lpm_dff2:inst15|lpm_ff:lpm_ff_component                                                  ; work         ;
;          |lpm_dff2:inst8|                       ; 0 (0)             ; 7 (0)        ; 0                 ; 0            ; 0       ; 0         ; 0         ; 0    ; 0            ; |lab8|CACHE:inst1|LINE:inst36|lpm_dff2:inst8                                                                           ; work         ;
;             |lpm_ff:lpm_ff_component|           ; 0 (0)             ; 7 (7)        ; 0                 ; 0            ; 0       ; 0         ; 0         ; 0    ; 0            ; |lab8|CACHE:inst1|LINE:inst36|lpm_dff2:inst8|lpm_ff:lpm_ff_component                                                   ; work         ;
;          |lpm_dff2:inst9|                       ; 0 (0)             ; 7 (0)        ; 0                 ; 0            ; 0       ; 0         ; 0         ; 0    ; 0            ; |lab8|CACHE:inst1|LINE:inst36|lpm_dff2:inst9                                                                           ; work         ;
;             |lpm_ff:lpm_ff_component|           ; 0 (0)             ; 7 (7)        ; 0                 ; 0            ; 0       ; 0         ; 0         ; 0    ; 0            ; |lab8|CACHE:inst1|LINE:inst36|lpm_dff2:inst9|lpm_ff:lpm_ff_component                                                   ; work         ;
;          |lpm_mux0:inst24|                      ; 7 (0)             ; 0 (0)        ; 0                 ; 0            ; 0       ; 0         ; 0         ; 0    ; 0            ; |lab8|CACHE:inst1|LINE:inst36|lpm_mux0:inst24                                                                          ; work         ;
;             |lpm_mux:lpm_mux_component|         ; 7 (0)             ; 0 (0)        ; 0                 ; 0            ; 0       ; 0         ; 0         ; 0    ; 0            ; |lab8|CACHE:inst1|LINE:inst36|lpm_mux0:inst24|lpm_mux:lpm_mux_component                                                ; work         ;
;                |mux_5oc:auto_generated|         ; 7 (7)             ; 0 (0)        ; 0                 ; 0            ; 0       ; 0         ; 0         ; 0    ; 0            ; |lab8|CACHE:inst1|LINE:inst36|lpm_mux0:inst24|lpm_mux:lpm_mux_component|mux_5oc:auto_generated                         ; work         ;
;       |LINE:inst38|                             ; 35 (10)           ; 69 (0)       ; 0                 ; 0            ; 0       ; 0         ; 0         ; 0    ; 0            ; |lab8|CACHE:inst1|LINE:inst38                                                                                          ; work         ;
;          |lpm_counter0:inst3|                   ; 8 (0)             ; 8 (0)        ; 0                 ; 0            ; 0       ; 0         ; 0         ; 0    ; 0            ; |lab8|CACHE:inst1|LINE:inst38|lpm_counter0:inst3                                                                       ; work         ;
;             |lpm_counter:lpm_counter_component| ; 8 (0)             ; 8 (0)        ; 0                 ; 0            ; 0       ; 0         ; 0         ; 0    ; 0            ; |lab8|CACHE:inst1|LINE:inst38|lpm_counter0:inst3|lpm_counter:lpm_counter_component                                     ; work         ;
;                |cntr_coi:auto_generated|        ; 8 (8)             ; 8 (8)        ; 0                 ; 0            ; 0       ; 0         ; 0         ; 0    ; 0            ; |lab8|CACHE:inst1|LINE:inst38|lpm_counter0:inst3|lpm_counter:lpm_counter_component|cntr_coi:auto_generated             ; work         ;
;          |lpm_decode1:inst4|                    ; 10 (0)            ; 0 (0)        ; 0                 ; 0            ; 0       ; 0         ; 0         ; 0    ; 0            ; |lab8|CACHE:inst1|LINE:inst38|lpm_decode1:inst4                                                                        ; work         ;
;             |lpm_decode:lpm_decode_component|   ; 10 (0)            ; 0 (0)        ; 0                 ; 0            ; 0       ; 0         ; 0         ; 0    ; 0            ; |lab8|CACHE:inst1|LINE:inst38|lpm_decode1:inst4|lpm_decode:lpm_decode_component                                        ; work         ;
;                |decode_8bf:auto_generated|      ; 10 (10)           ; 0 (0)        ; 0                 ; 0            ; 0       ; 0         ; 0         ; 0    ; 0            ; |lab8|CACHE:inst1|LINE:inst38|lpm_decode1:inst4|lpm_decode:lpm_decode_component|decode_8bf:auto_generated              ; work         ;
;          |lpm_dff1:inst5|                       ; 0 (0)             ; 5 (0)        ; 0                 ; 0            ; 0       ; 0         ; 0         ; 0    ; 0            ; |lab8|CACHE:inst1|LINE:inst38|lpm_dff1:inst5                                                                           ; work         ;
;             |lpm_ff:lpm_ff_component|           ; 0 (0)             ; 5 (5)        ; 0                 ; 0            ; 0       ; 0         ; 0         ; 0    ; 0            ; |lab8|CACHE:inst1|LINE:inst38|lpm_dff1:inst5|lpm_ff:lpm_ff_component                                                   ; work         ;
;          |lpm_dff2:inst10|                      ; 0 (0)             ; 7 (0)        ; 0                 ; 0            ; 0       ; 0         ; 0         ; 0    ; 0            ; |lab8|CACHE:inst1|LINE:inst38|lpm_dff2:inst10                                                                          ; work         ;
;             |lpm_ff:lpm_ff_component|           ; 0 (0)             ; 7 (7)        ; 0                 ; 0            ; 0       ; 0         ; 0         ; 0    ; 0            ; |lab8|CACHE:inst1|LINE:inst38|lpm_dff2:inst10|lpm_ff:lpm_ff_component                                                  ; work         ;
;          |lpm_dff2:inst11|                      ; 0 (0)             ; 7 (0)        ; 0                 ; 0            ; 0       ; 0         ; 0         ; 0    ; 0            ; |lab8|CACHE:inst1|LINE:inst38|lpm_dff2:inst11                                                                          ; work         ;
;             |lpm_ff:lpm_ff_component|           ; 0 (0)             ; 7 (7)        ; 0                 ; 0            ; 0       ; 0         ; 0         ; 0    ; 0            ; |lab8|CACHE:inst1|LINE:inst38|lpm_dff2:inst11|lpm_ff:lpm_ff_component                                                  ; work         ;
;          |lpm_dff2:inst12|                      ; 0 (0)             ; 7 (0)        ; 0                 ; 0            ; 0       ; 0         ; 0         ; 0    ; 0            ; |lab8|CACHE:inst1|LINE:inst38|lpm_dff2:inst12                                                                          ; work         ;
;             |lpm_ff:lpm_ff_component|           ; 0 (0)             ; 7 (7)        ; 0                 ; 0            ; 0       ; 0         ; 0         ; 0    ; 0            ; |lab8|CACHE:inst1|LINE:inst38|lpm_dff2:inst12|lpm_ff:lpm_ff_component                                                  ; work         ;
;          |lpm_dff2:inst13|                      ; 0 (0)             ; 7 (0)        ; 0                 ; 0            ; 0       ; 0         ; 0         ; 0    ; 0            ; |lab8|CACHE:inst1|LINE:inst38|lpm_dff2:inst13                                                                          ; work         ;
;             |lpm_ff:lpm_ff_component|           ; 0 (0)             ; 7 (7)        ; 0                 ; 0            ; 0       ; 0         ; 0         ; 0    ; 0            ; |lab8|CACHE:inst1|LINE:inst38|lpm_dff2:inst13|lpm_ff:lpm_ff_component                                                  ; work         ;
;          |lpm_dff2:inst14|                      ; 0 (0)             ; 7 (0)        ; 0                 ; 0            ; 0       ; 0         ; 0         ; 0    ; 0            ; |lab8|CACHE:inst1|LINE:inst38|lpm_dff2:inst14                                                                          ; work         ;
;             |lpm_ff:lpm_ff_component|           ; 0 (0)             ; 7 (7)        ; 0                 ; 0            ; 0       ; 0         ; 0         ; 0    ; 0            ; |lab8|CACHE:inst1|LINE:inst38|lpm_dff2:inst14|lpm_ff:lpm_ff_component                                                  ; work         ;
;          |lpm_dff2:inst15|                      ; 0 (0)             ; 7 (0)        ; 0                 ; 0            ; 0       ; 0         ; 0         ; 0    ; 0            ; |lab8|CACHE:inst1|LINE:inst38|lpm_dff2:inst15                                                                          ; work         ;
;             |lpm_ff:lpm_ff_component|           ; 0 (0)             ; 7 (7)        ; 0                 ; 0            ; 0       ; 0         ; 0         ; 0    ; 0            ; |lab8|CACHE:inst1|LINE:inst38|lpm_dff2:inst15|lpm_ff:lpm_ff_component                                                  ; work         ;
;          |lpm_dff2:inst8|                       ; 0 (0)             ; 7 (0)        ; 0                 ; 0            ; 0       ; 0         ; 0         ; 0    ; 0            ; |lab8|CACHE:inst1|LINE:inst38|lpm_dff2:inst8                                                                           ; work         ;
;             |lpm_ff:lpm_ff_component|           ; 0 (0)             ; 7 (7)        ; 0                 ; 0            ; 0       ; 0         ; 0         ; 0    ; 0            ; |lab8|CACHE:inst1|LINE:inst38|lpm_dff2:inst8|lpm_ff:lpm_ff_component                                                   ; work         ;
;          |lpm_dff2:inst9|                       ; 0 (0)             ; 7 (0)        ; 0                 ; 0            ; 0       ; 0         ; 0         ; 0    ; 0            ; |lab8|CACHE:inst1|LINE:inst38|lpm_dff2:inst9                                                                           ; work         ;
;             |lpm_ff:lpm_ff_component|           ; 0 (0)             ; 7 (7)        ; 0                 ; 0            ; 0       ; 0         ; 0         ; 0    ; 0            ; |lab8|CACHE:inst1|LINE:inst38|lpm_dff2:inst9|lpm_ff:lpm_ff_component                                                   ; work         ;
;          |lpm_mux0:inst24|                      ; 7 (0)             ; 0 (0)        ; 0                 ; 0            ; 0       ; 0         ; 0         ; 0    ; 0            ; |lab8|CACHE:inst1|LINE:inst38|lpm_mux0:inst24                                                                          ; work         ;
;             |lpm_mux:lpm_mux_component|         ; 7 (0)             ; 0 (0)        ; 0                 ; 0            ; 0       ; 0         ; 0         ; 0    ; 0            ; |lab8|CACHE:inst1|LINE:inst38|lpm_mux0:inst24|lpm_mux:lpm_mux_component                                                ; work         ;
;                |mux_5oc:auto_generated|         ; 7 (7)             ; 0 (0)        ; 0                 ; 0            ; 0       ; 0         ; 0         ; 0    ; 0            ; |lab8|CACHE:inst1|LINE:inst38|lpm_mux0:inst24|lpm_mux:lpm_mux_component|mux_5oc:auto_generated                         ; work         ;
;       |LINE:inst40|                             ; 41 (9)            ; 69 (0)       ; 0                 ; 0            ; 0       ; 0         ; 0         ; 0    ; 0            ; |lab8|CACHE:inst1|LINE:inst40                                                                                          ; work         ;
;          |lpm_counter0:inst3|                   ; 8 (0)             ; 8 (0)        ; 0                 ; 0            ; 0       ; 0         ; 0         ; 0    ; 0            ; |lab8|CACHE:inst1|LINE:inst40|lpm_counter0:inst3                                                                       ; work         ;
;             |lpm_counter:lpm_counter_component| ; 8 (0)             ; 8 (0)        ; 0                 ; 0            ; 0       ; 0         ; 0         ; 0    ; 0            ; |lab8|CACHE:inst1|LINE:inst40|lpm_counter0:inst3|lpm_counter:lpm_counter_component                                     ; work         ;
;                |cntr_coi:auto_generated|        ; 8 (8)             ; 8 (8)        ; 0                 ; 0            ; 0       ; 0         ; 0         ; 0    ; 0            ; |lab8|CACHE:inst1|LINE:inst40|lpm_counter0:inst3|lpm_counter:lpm_counter_component|cntr_coi:auto_generated             ; work         ;
;          |lpm_decode1:inst4|                    ; 10 (0)            ; 0 (0)        ; 0                 ; 0            ; 0       ; 0         ; 0         ; 0    ; 0            ; |lab8|CACHE:inst1|LINE:inst40|lpm_decode1:inst4                                                                        ; work         ;
;             |lpm_decode:lpm_decode_component|   ; 10 (0)            ; 0 (0)        ; 0                 ; 0            ; 0       ; 0         ; 0         ; 0    ; 0            ; |lab8|CACHE:inst1|LINE:inst40|lpm_decode1:inst4|lpm_decode:lpm_decode_component                                        ; work         ;
;                |decode_8bf:auto_generated|      ; 10 (10)           ; 0 (0)        ; 0                 ; 0            ; 0       ; 0         ; 0         ; 0    ; 0            ; |lab8|CACHE:inst1|LINE:inst40|lpm_decode1:inst4|lpm_decode:lpm_decode_component|decode_8bf:auto_generated              ; work         ;
;          |lpm_decode3:inst2|                    ; 7 (0)             ; 0 (0)        ; 0                 ; 0            ; 0       ; 0         ; 0         ; 0    ; 0            ; |lab8|CACHE:inst1|LINE:inst40|lpm_decode3:inst2                                                                        ; work         ;
;             |lpm_decode:lpm_decode_component|   ; 7 (0)             ; 0 (0)        ; 0                 ; 0            ; 0       ; 0         ; 0         ; 0    ; 0            ; |lab8|CACHE:inst1|LINE:inst40|lpm_decode3:inst2|lpm_decode:lpm_decode_component                                        ; work         ;
;                |decode_5sf:auto_generated|      ; 7 (7)             ; 0 (0)        ; 0                 ; 0            ; 0       ; 0         ; 0         ; 0    ; 0            ; |lab8|CACHE:inst1|LINE:inst40|lpm_decode3:inst2|lpm_decode:lpm_decode_component|decode_5sf:auto_generated              ; work         ;
;          |lpm_dff1:inst5|                       ; 0 (0)             ; 5 (0)        ; 0                 ; 0            ; 0       ; 0         ; 0         ; 0    ; 0            ; |lab8|CACHE:inst1|LINE:inst40|lpm_dff1:inst5                                                                           ; work         ;
;             |lpm_ff:lpm_ff_component|           ; 0 (0)             ; 5 (5)        ; 0                 ; 0            ; 0       ; 0         ; 0         ; 0    ; 0            ; |lab8|CACHE:inst1|LINE:inst40|lpm_dff1:inst5|lpm_ff:lpm_ff_component                                                   ; work         ;
;          |lpm_dff2:inst10|                      ; 0 (0)             ; 7 (0)        ; 0                 ; 0            ; 0       ; 0         ; 0         ; 0    ; 0            ; |lab8|CACHE:inst1|LINE:inst40|lpm_dff2:inst10                                                                          ; work         ;
;             |lpm_ff:lpm_ff_component|           ; 0 (0)             ; 7 (7)        ; 0                 ; 0            ; 0       ; 0         ; 0         ; 0    ; 0            ; |lab8|CACHE:inst1|LINE:inst40|lpm_dff2:inst10|lpm_ff:lpm_ff_component                                                  ; work         ;
;          |lpm_dff2:inst11|                      ; 0 (0)             ; 7 (0)        ; 0                 ; 0            ; 0       ; 0         ; 0         ; 0    ; 0            ; |lab8|CACHE:inst1|LINE:inst40|lpm_dff2:inst11                                                                          ; work         ;
;             |lpm_ff:lpm_ff_component|           ; 0 (0)             ; 7 (7)        ; 0                 ; 0            ; 0       ; 0         ; 0         ; 0    ; 0            ; |lab8|CACHE:inst1|LINE:inst40|lpm_dff2:inst11|lpm_ff:lpm_ff_component                                                  ; work         ;
;          |lpm_dff2:inst12|                      ; 0 (0)             ; 7 (0)        ; 0                 ; 0            ; 0       ; 0         ; 0         ; 0    ; 0            ; |lab8|CACHE:inst1|LINE:inst40|lpm_dff2:inst12                                                                          ; work         ;
;             |lpm_ff:lpm_ff_component|           ; 0 (0)             ; 7 (7)        ; 0                 ; 0            ; 0       ; 0         ; 0         ; 0    ; 0            ; |lab8|CACHE:inst1|LINE:inst40|lpm_dff2:inst12|lpm_ff:lpm_ff_component                                                  ; work         ;
;          |lpm_dff2:inst13|                      ; 0 (0)             ; 7 (0)        ; 0                 ; 0            ; 0       ; 0         ; 0         ; 0    ; 0            ; |lab8|CACHE:inst1|LINE:inst40|lpm_dff2:inst13                                                                          ; work         ;
;             |lpm_ff:lpm_ff_component|           ; 0 (0)             ; 7 (7)        ; 0                 ; 0            ; 0       ; 0         ; 0         ; 0    ; 0            ; |lab8|CACHE:inst1|LINE:inst40|lpm_dff2:inst13|lpm_ff:lpm_ff_component                                                  ; work         ;
;          |lpm_dff2:inst14|                      ; 0 (0)             ; 7 (0)        ; 0                 ; 0            ; 0       ; 0         ; 0         ; 0    ; 0            ; |lab8|CACHE:inst1|LINE:inst40|lpm_dff2:inst14                                                                          ; work         ;
;             |lpm_ff:lpm_ff_component|           ; 0 (0)             ; 7 (7)        ; 0                 ; 0            ; 0       ; 0         ; 0         ; 0    ; 0            ; |lab8|CACHE:inst1|LINE:inst40|lpm_dff2:inst14|lpm_ff:lpm_ff_component                                                  ; work         ;
;          |lpm_dff2:inst15|                      ; 0 (0)             ; 7 (0)        ; 0                 ; 0            ; 0       ; 0         ; 0         ; 0    ; 0            ; |lab8|CACHE:inst1|LINE:inst40|lpm_dff2:inst15                                                                          ; work         ;
;             |lpm_ff:lpm_ff_component|           ; 0 (0)             ; 7 (7)        ; 0                 ; 0            ; 0       ; 0         ; 0         ; 0    ; 0            ; |lab8|CACHE:inst1|LINE:inst40|lpm_dff2:inst15|lpm_ff:lpm_ff_component                                                  ; work         ;
;          |lpm_dff2:inst8|                       ; 0 (0)             ; 7 (0)        ; 0                 ; 0            ; 0       ; 0         ; 0         ; 0    ; 0            ; |lab8|CACHE:inst1|LINE:inst40|lpm_dff2:inst8                                                                           ; work         ;
;             |lpm_ff:lpm_ff_component|           ; 0 (0)             ; 7 (7)        ; 0                 ; 0            ; 0       ; 0         ; 0         ; 0    ; 0            ; |lab8|CACHE:inst1|LINE:inst40|lpm_dff2:inst8|lpm_ff:lpm_ff_component                                                   ; work         ;
;          |lpm_dff2:inst9|                       ; 0 (0)             ; 7 (0)        ; 0                 ; 0            ; 0       ; 0         ; 0         ; 0    ; 0            ; |lab8|CACHE:inst1|LINE:inst40|lpm_dff2:inst9                                                                           ; work         ;
;             |lpm_ff:lpm_ff_component|           ; 0 (0)             ; 7 (7)        ; 0                 ; 0            ; 0       ; 0         ; 0         ; 0    ; 0            ; |lab8|CACHE:inst1|LINE:inst40|lpm_dff2:inst9|lpm_ff:lpm_ff_component                                                   ; work         ;
;          |lpm_mux0:inst24|                      ; 7 (0)             ; 0 (0)        ; 0                 ; 0            ; 0       ; 0         ; 0         ; 0    ; 0            ; |lab8|CACHE:inst1|LINE:inst40|lpm_mux0:inst24                                                                          ; work         ;
;             |lpm_mux:lpm_mux_component|         ; 7 (0)             ; 0 (0)        ; 0                 ; 0            ; 0       ; 0         ; 0         ; 0    ; 0            ; |lab8|CACHE:inst1|LINE:inst40|lpm_mux0:inst24|lpm_mux:lpm_mux_component                                                ; work         ;
;                |mux_5oc:auto_generated|         ; 7 (7)             ; 0 (0)        ; 0                 ; 0            ; 0       ; 0         ; 0         ; 0    ; 0            ; |lab8|CACHE:inst1|LINE:inst40|lpm_mux0:inst24|lpm_mux:lpm_mux_component|mux_5oc:auto_generated                         ; work         ;
;       |LINE:inst42|                             ; 35 (10)           ; 69 (0)       ; 0                 ; 0            ; 0       ; 0         ; 0         ; 0    ; 0            ; |lab8|CACHE:inst1|LINE:inst42                                                                                          ; work         ;
;          |lpm_counter0:inst3|                   ; 8 (0)             ; 8 (0)        ; 0                 ; 0            ; 0       ; 0         ; 0         ; 0    ; 0            ; |lab8|CACHE:inst1|LINE:inst42|lpm_counter0:inst3                                                                       ; work         ;
;             |lpm_counter:lpm_counter_component| ; 8 (0)             ; 8 (0)        ; 0                 ; 0            ; 0       ; 0         ; 0         ; 0    ; 0            ; |lab8|CACHE:inst1|LINE:inst42|lpm_counter0:inst3|lpm_counter:lpm_counter_component                                     ; work         ;
;                |cntr_coi:auto_generated|        ; 8 (8)             ; 8 (8)        ; 0                 ; 0            ; 0       ; 0         ; 0         ; 0    ; 0            ; |lab8|CACHE:inst1|LINE:inst42|lpm_counter0:inst3|lpm_counter:lpm_counter_component|cntr_coi:auto_generated             ; work         ;
;          |lpm_decode1:inst4|                    ; 10 (0)            ; 0 (0)        ; 0                 ; 0            ; 0       ; 0         ; 0         ; 0    ; 0            ; |lab8|CACHE:inst1|LINE:inst42|lpm_decode1:inst4                                                                        ; work         ;
;             |lpm_decode:lpm_decode_component|   ; 10 (0)            ; 0 (0)        ; 0                 ; 0            ; 0       ; 0         ; 0         ; 0    ; 0            ; |lab8|CACHE:inst1|LINE:inst42|lpm_decode1:inst4|lpm_decode:lpm_decode_component                                        ; work         ;
;                |decode_8bf:auto_generated|      ; 10 (10)           ; 0 (0)        ; 0                 ; 0            ; 0       ; 0         ; 0         ; 0    ; 0            ; |lab8|CACHE:inst1|LINE:inst42|lpm_decode1:inst4|lpm_decode:lpm_decode_component|decode_8bf:auto_generated              ; work         ;
;          |lpm_dff1:inst5|                       ; 0 (0)             ; 5 (0)        ; 0                 ; 0            ; 0       ; 0         ; 0         ; 0    ; 0            ; |lab8|CACHE:inst1|LINE:inst42|lpm_dff1:inst5                                                                           ; work         ;
;             |lpm_ff:lpm_ff_component|           ; 0 (0)             ; 5 (5)        ; 0                 ; 0            ; 0       ; 0         ; 0         ; 0    ; 0            ; |lab8|CACHE:inst1|LINE:inst42|lpm_dff1:inst5|lpm_ff:lpm_ff_component                                                   ; work         ;
;          |lpm_dff2:inst10|                      ; 0 (0)             ; 7 (0)        ; 0                 ; 0            ; 0       ; 0         ; 0         ; 0    ; 0            ; |lab8|CACHE:inst1|LINE:inst42|lpm_dff2:inst10                                                                          ; work         ;
;             |lpm_ff:lpm_ff_component|           ; 0 (0)             ; 7 (7)        ; 0                 ; 0            ; 0       ; 0         ; 0         ; 0    ; 0            ; |lab8|CACHE:inst1|LINE:inst42|lpm_dff2:inst10|lpm_ff:lpm_ff_component                                                  ; work         ;
;          |lpm_dff2:inst11|                      ; 0 (0)             ; 7 (0)        ; 0                 ; 0            ; 0       ; 0         ; 0         ; 0    ; 0            ; |lab8|CACHE:inst1|LINE:inst42|lpm_dff2:inst11                                                                          ; work         ;
;             |lpm_ff:lpm_ff_component|           ; 0 (0)             ; 7 (7)        ; 0                 ; 0            ; 0       ; 0         ; 0         ; 0    ; 0            ; |lab8|CACHE:inst1|LINE:inst42|lpm_dff2:inst11|lpm_ff:lpm_ff_component                                                  ; work         ;
;          |lpm_dff2:inst12|                      ; 0 (0)             ; 7 (0)        ; 0                 ; 0            ; 0       ; 0         ; 0         ; 0    ; 0            ; |lab8|CACHE:inst1|LINE:inst42|lpm_dff2:inst12                                                                          ; work         ;
;             |lpm_ff:lpm_ff_component|           ; 0 (0)             ; 7 (7)        ; 0                 ; 0            ; 0       ; 0         ; 0         ; 0    ; 0            ; |lab8|CACHE:inst1|LINE:inst42|lpm_dff2:inst12|lpm_ff:lpm_ff_component                                                  ; work         ;
;          |lpm_dff2:inst13|                      ; 0 (0)             ; 7 (0)        ; 0                 ; 0            ; 0       ; 0         ; 0         ; 0    ; 0            ; |lab8|CACHE:inst1|LINE:inst42|lpm_dff2:inst13                                                                          ; work         ;
;             |lpm_ff:lpm_ff_component|           ; 0 (0)             ; 7 (7)        ; 0                 ; 0            ; 0       ; 0         ; 0         ; 0    ; 0            ; |lab8|CACHE:inst1|LINE:inst42|lpm_dff2:inst13|lpm_ff:lpm_ff_component                                                  ; work         ;
;          |lpm_dff2:inst14|                      ; 0 (0)             ; 7 (0)        ; 0                 ; 0            ; 0       ; 0         ; 0         ; 0    ; 0            ; |lab8|CACHE:inst1|LINE:inst42|lpm_dff2:inst14                                                                          ; work         ;
;             |lpm_ff:lpm_ff_component|           ; 0 (0)             ; 7 (7)        ; 0                 ; 0            ; 0       ; 0         ; 0         ; 0    ; 0            ; |lab8|CACHE:inst1|LINE:inst42|lpm_dff2:inst14|lpm_ff:lpm_ff_component                                                  ; work         ;
;          |lpm_dff2:inst15|                      ; 0 (0)             ; 7 (0)        ; 0                 ; 0            ; 0       ; 0         ; 0         ; 0    ; 0            ; |lab8|CACHE:inst1|LINE:inst42|lpm_dff2:inst15                                                                          ; work         ;
;             |lpm_ff:lpm_ff_component|           ; 0 (0)             ; 7 (7)        ; 0                 ; 0            ; 0       ; 0         ; 0         ; 0    ; 0            ; |lab8|CACHE:inst1|LINE:inst42|lpm_dff2:inst15|lpm_ff:lpm_ff_component                                                  ; work         ;
;          |lpm_dff2:inst8|                       ; 0 (0)             ; 7 (0)        ; 0                 ; 0            ; 0       ; 0         ; 0         ; 0    ; 0            ; |lab8|CACHE:inst1|LINE:inst42|lpm_dff2:inst8                                                                           ; work         ;
;             |lpm_ff:lpm_ff_component|           ; 0 (0)             ; 7 (7)        ; 0                 ; 0            ; 0       ; 0         ; 0         ; 0    ; 0            ; |lab8|CACHE:inst1|LINE:inst42|lpm_dff2:inst8|lpm_ff:lpm_ff_component                                                   ; work         ;
;          |lpm_dff2:inst9|                       ; 0 (0)             ; 7 (0)        ; 0                 ; 0            ; 0       ; 0         ; 0         ; 0    ; 0            ; |lab8|CACHE:inst1|LINE:inst42|lpm_dff2:inst9                                                                           ; work         ;
;             |lpm_ff:lpm_ff_component|           ; 0 (0)             ; 7 (7)        ; 0                 ; 0            ; 0       ; 0         ; 0         ; 0    ; 0            ; |lab8|CACHE:inst1|LINE:inst42|lpm_dff2:inst9|lpm_ff:lpm_ff_component                                                   ; work         ;
;          |lpm_mux0:inst24|                      ; 7 (0)             ; 0 (0)        ; 0                 ; 0            ; 0       ; 0         ; 0         ; 0    ; 0            ; |lab8|CACHE:inst1|LINE:inst42|lpm_mux0:inst24                                                                          ; work         ;
;             |lpm_mux:lpm_mux_component|         ; 7 (0)             ; 0 (0)        ; 0                 ; 0            ; 0       ; 0         ; 0         ; 0    ; 0            ; |lab8|CACHE:inst1|LINE:inst42|lpm_mux0:inst24|lpm_mux:lpm_mux_component                                                ; work         ;
;                |mux_5oc:auto_generated|         ; 7 (7)             ; 0 (0)        ; 0                 ; 0            ; 0       ; 0         ; 0         ; 0    ; 0            ; |lab8|CACHE:inst1|LINE:inst42|lpm_mux0:inst24|lpm_mux:lpm_mux_component|mux_5oc:auto_generated                         ; work         ;
;       |cache_control:inst1|                     ; 299 (28)          ; 110 (3)      ; 0                 ; 0            ; 0       ; 0         ; 0         ; 0    ; 0            ; |lab8|CACHE:inst1|cache_control:inst1                                                                                  ; work         ;
;          |lpm_add_sub0:inst40|                  ; 5 (0)             ; 0 (0)        ; 0                 ; 0            ; 0       ; 0         ; 0         ; 0    ; 0            ; |lab8|CACHE:inst1|cache_control:inst1|lpm_add_sub0:inst40                                                              ; work         ;
;             |lpm_add_sub:lpm_add_sub_component| ; 5 (0)             ; 0 (0)        ; 0                 ; 0            ; 0       ; 0         ; 0         ; 0    ; 0            ; |lab8|CACHE:inst1|cache_control:inst1|lpm_add_sub0:inst40|lpm_add_sub:lpm_add_sub_component                            ; work         ;
;                |add_sub_elh:auto_generated|     ; 5 (5)             ; 0 (0)        ; 0                 ; 0            ; 0       ; 0         ; 0         ; 0    ; 0            ; |lab8|CACHE:inst1|cache_control:inst1|lpm_add_sub0:inst40|lpm_add_sub:lpm_add_sub_component|add_sub_elh:auto_generated ; work         ;
;          |lpm_bustri0:inst47|                   ; 9 (0)             ; 0 (0)        ; 0                 ; 0            ; 0       ; 0         ; 0         ; 0    ; 0            ; |lab8|CACHE:inst1|cache_control:inst1|lpm_bustri0:inst47                                                               ; work         ;
;             |lpm_bustri:lpm_bustri_component|   ; 9 (9)             ; 0 (0)        ; 0                 ; 0            ; 0       ; 0         ; 0         ; 0    ; 0            ; |lab8|CACHE:inst1|cache_control:inst1|lpm_bustri0:inst47|lpm_bustri:lpm_bustri_component                               ; work         ;
;          |lpm_bustri0:inst71|                   ; 4 (0)             ; 0 (0)        ; 0                 ; 0            ; 0       ; 0         ; 0         ; 0    ; 0            ; |lab8|CACHE:inst1|cache_control:inst1|lpm_bustri0:inst71                                                               ; work         ;
;             |lpm_bustri:lpm_bustri_component|   ; 4 (4)             ; 0 (0)        ; 0                 ; 0            ; 0       ; 0         ; 0         ; 0    ; 0            ; |lab8|CACHE:inst1|cache_control:inst1|lpm_bustri0:inst71|lpm_bustri:lpm_bustri_component                               ; work         ;
;          |lpm_bustri0:inst73|                   ; 1 (0)             ; 0 (0)        ; 0                 ; 0            ; 0       ; 0         ; 0         ; 0    ; 0            ; |lab8|CACHE:inst1|cache_control:inst1|lpm_bustri0:inst73                                                               ; work         ;
;             |lpm_bustri:lpm_bustri_component|   ; 1 (1)             ; 0 (0)        ; 0                 ; 0            ; 0       ; 0         ; 0         ; 0    ; 0            ; |lab8|CACHE:inst1|cache_control:inst1|lpm_bustri0:inst73|lpm_bustri:lpm_bustri_component                               ; work         ;
;          |lpm_bustri3:inst13|                   ; 5 (0)             ; 0 (0)        ; 0                 ; 0            ; 0       ; 0         ; 0         ; 0    ; 0            ; |lab8|CACHE:inst1|cache_control:inst1|lpm_bustri3:inst13                                                               ; work         ;
;             |lpm_bustri:lpm_bustri_component|   ; 5 (5)             ; 0 (0)        ; 0                 ; 0            ; 0       ; 0         ; 0         ; 0    ; 0            ; |lab8|CACHE:inst1|cache_control:inst1|lpm_bustri3:inst13|lpm_bustri:lpm_bustri_component                               ; work         ;
;          |lpm_bustri3:inst15|                   ; 1 (0)             ; 0 (0)        ; 0                 ; 0            ; 0       ; 0         ; 0         ; 0    ; 0            ; |lab8|CACHE:inst1|cache_control:inst1|lpm_bustri3:inst15                                                               ; work         ;
;             |lpm_bustri:lpm_bustri_component|   ; 1 (1)             ; 0 (0)        ; 0                 ; 0            ; 0       ; 0         ; 0         ; 0    ; 0            ; |lab8|CACHE:inst1|cache_control:inst1|lpm_bustri3:inst15|lpm_bustri:lpm_bustri_component                               ; work         ;
;          |lpm_bustri3:inst18|                   ; 10 (0)            ; 0 (0)        ; 0                 ; 0            ; 0       ; 0         ; 0         ; 0    ; 0            ; |lab8|CACHE:inst1|cache_control:inst1|lpm_bustri3:inst18                                                               ; work         ;
;             |lpm_bustri:lpm_bustri_component|   ; 10 (10)           ; 0 (0)        ; 0                 ; 0            ; 0       ; 0         ; 0         ; 0    ; 0            ; |lab8|CACHE:inst1|cache_control:inst1|lpm_bustri3:inst18|lpm_bustri:lpm_bustri_component                               ; work         ;
;          |lpm_compare0:inst12|                  ; 2 (0)             ; 0 (0)        ; 0                 ; 0            ; 0       ; 0         ; 0         ; 0    ; 0            ; |lab8|CACHE:inst1|cache_control:inst1|lpm_compare0:inst12                                                              ; work         ;
;             |lpm_compare:lpm_compare_component| ; 2 (0)             ; 0 (0)        ; 0                 ; 0            ; 0       ; 0         ; 0         ; 0    ; 0            ; |lab8|CACHE:inst1|cache_control:inst1|lpm_compare0:inst12|lpm_compare:lpm_compare_component                            ; work         ;
;                |cmpr_cig:auto_generated|        ; 2 (2)             ; 0 (0)        ; 0                 ; 0            ; 0       ; 0         ; 0         ; 0    ; 0            ; |lab8|CACHE:inst1|cache_control:inst1|lpm_compare0:inst12|lpm_compare:lpm_compare_component|cmpr_cig:auto_generated    ; work         ;
;          |lpm_compare0:inst1|                   ; 2 (0)             ; 0 (0)        ; 0                 ; 0            ; 0       ; 0         ; 0         ; 0    ; 0            ; |lab8|CACHE:inst1|cache_control:inst1|lpm_compare0:inst1                                                               ; work         ;
;             |lpm_compare:lpm_compare_component| ; 2 (0)             ; 0 (0)        ; 0                 ; 0            ; 0       ; 0         ; 0         ; 0    ; 0            ; |lab8|CACHE:inst1|cache_control:inst1|lpm_compare0:inst1|lpm_compare:lpm_compare_component                             ; work         ;
;                |cmpr_cig:auto_generated|        ; 2 (2)             ; 0 (0)        ; 0                 ; 0            ; 0       ; 0         ; 0         ; 0    ; 0            ; |lab8|CACHE:inst1|cache_control:inst1|lpm_compare0:inst1|lpm_compare:lpm_compare_component|cmpr_cig:auto_generated     ;              ;
;          |lpm_compare0:inst20|                  ; 2 (0)             ; 0 (0)        ; 0                 ; 0            ; 0       ; 0         ; 0         ; 0    ; 0            ; |lab8|CACHE:inst1|cache_control:inst1|lpm_compare0:inst20                                                              ; work         ;
;             |lpm_compare:lpm_compare_component| ; 2 (0)             ; 0 (0)        ; 0                 ; 0            ; 0       ; 0         ; 0         ; 0    ; 0            ; |lab8|CACHE:inst1|cache_control:inst1|lpm_compare0:inst20|lpm_compare:lpm_compare_component                            ; work         ;
;                |cmpr_cig:auto_generated|        ; 2 (2)             ; 0 (0)        ; 0                 ; 0            ; 0       ; 0         ; 0         ; 0    ; 0            ; |lab8|CACHE:inst1|cache_control:inst1|lpm_compare0:inst20|lpm_compare:lpm_compare_component|cmpr_cig:auto_generated    ; work         ;
;          |lpm_compare0:inst32|                  ; 2 (0)             ; 0 (0)        ; 0                 ; 0            ; 0       ; 0         ; 0         ; 0    ; 0            ; |lab8|CACHE:inst1|cache_control:inst1|lpm_compare0:inst32                                                              ; work         ;
;             |lpm_compare:lpm_compare_component| ; 2 (0)             ; 0 (0)        ; 0                 ; 0            ; 0       ; 0         ; 0         ; 0    ; 0            ; |lab8|CACHE:inst1|cache_control:inst1|lpm_compare0:inst32|lpm_compare:lpm_compare_component                            ; work         ;
;                |cmpr_cig:auto_generated|        ; 2 (2)             ; 0 (0)        ; 0                 ; 0            ; 0       ; 0         ; 0         ; 0    ; 0            ; |lab8|CACHE:inst1|cache_control:inst1|lpm_compare0:inst32|lpm_compare:lpm_compare_component|cmpr_cig:auto_generated    ; work         ;
;          |lpm_compare0:inst34|                  ; 2 (0)             ; 0 (0)        ; 0                 ; 0            ; 0       ; 0         ; 0         ; 0    ; 0            ; |lab8|CACHE:inst1|cache_control:inst1|lpm_compare0:inst34                                                              ; work         ;
;             |lpm_compare:lpm_compare_component| ; 2 (0)             ; 0 (0)        ; 0                 ; 0            ; 0       ; 0         ; 0         ; 0    ; 0            ; |lab8|CACHE:inst1|cache_control:inst1|lpm_compare0:inst34|lpm_compare:lpm_compare_component                            ; work         ;
;                |cmpr_cig:auto_generated|        ; 2 (2)             ; 0 (0)        ; 0                 ; 0            ; 0       ; 0         ; 0         ; 0    ; 0            ; |lab8|CACHE:inst1|cache_control:inst1|lpm_compare0:inst34|lpm_compare:lpm_compare_component|cmpr_cig:auto_generated    ; work         ;
;          |lpm_compare0:inst3|                   ; 2 (0)             ; 0 (0)        ; 0                 ; 0            ; 0       ; 0         ; 0         ; 0    ; 0            ; |lab8|CACHE:inst1|cache_control:inst1|lpm_compare0:inst3                                                               ; work         ;
;             |lpm_compare:lpm_compare_component| ; 2 (0)             ; 0 (0)        ; 0                 ; 0            ; 0       ; 0         ; 0         ; 0    ; 0            ; |lab8|CACHE:inst1|cache_control:inst1|lpm_compare0:inst3|lpm_compare:lpm_compare_component                             ; work         ;
;                |cmpr_cig:auto_generated|        ; 2 (2)             ; 0 (0)        ; 0                 ; 0            ; 0       ; 0         ; 0         ; 0    ; 0            ; |lab8|CACHE:inst1|cache_control:inst1|lpm_compare0:inst3|lpm_compare:lpm_compare_component|cmpr_cig:auto_generated     ; work         ;
;          |lpm_compare0:inst5|                   ; 2 (0)             ; 0 (0)        ; 0                 ; 0            ; 0       ; 0         ; 0         ; 0    ; 0            ; |lab8|CACHE:inst1|cache_control:inst1|lpm_compare0:inst5                                                               ; work         ;
;             |lpm_compare:lpm_compare_component| ; 2 (0)             ; 0 (0)        ; 0                 ; 0            ; 0       ; 0         ; 0         ; 0    ; 0            ; |lab8|CACHE:inst1|cache_control:inst1|lpm_compare0:inst5|lpm_compare:lpm_compare_component                             ; work         ;
;                |cmpr_cig:auto_generated|        ; 2 (2)             ; 0 (0)        ; 0                 ; 0            ; 0       ; 0         ; 0         ; 0    ; 0            ; |lab8|CACHE:inst1|cache_control:inst1|lpm_compare0:inst5|lpm_compare:lpm_compare_component|cmpr_cig:auto_generated     ; work         ;
;          |lpm_compare0:inst7|                   ; 2 (0)             ; 0 (0)        ; 0                 ; 0            ; 0       ; 0         ; 0         ; 0    ; 0            ; |lab8|CACHE:inst1|cache_control:inst1|lpm_compare0:inst7                                                               ; work         ;
;             |lpm_compare:lpm_compare_component| ; 2 (0)             ; 0 (0)        ; 0                 ; 0            ; 0       ; 0         ; 0         ; 0    ; 0            ; |lab8|CACHE:inst1|cache_control:inst1|lpm_compare0:inst7|lpm_compare:lpm_compare_component                             ; work         ;
;                |cmpr_cig:auto_generated|        ; 2 (2)             ; 0 (0)        ; 0                 ; 0            ; 0       ; 0         ; 0         ; 0    ; 0            ; |lab8|CACHE:inst1|cache_control:inst1|lpm_compare0:inst7|lpm_compare:lpm_compare_component|cmpr_cig:auto_generated     ; work         ;
;          |lpm_compare3:inst83|                  ; 10 (0)            ; 0 (0)        ; 0                 ; 0            ; 0       ; 0         ; 0         ; 0    ; 0            ; |lab8|CACHE:inst1|cache_control:inst1|lpm_compare3:inst83                                                              ; work         ;
;             |lpm_compare:lpm_compare_component| ; 10 (0)            ; 0 (0)        ; 0                 ; 0            ; 0       ; 0         ; 0         ; 0    ; 0            ; |lab8|CACHE:inst1|cache_control:inst1|lpm_compare3:inst83|lpm_compare:lpm_compare_component                            ; work         ;
;                |cmpr_vjg:auto_generated|        ; 10 (10)           ; 0 (0)        ; 0                 ; 0            ; 0       ; 0         ; 0         ; 0    ; 0            ; |lab8|CACHE:inst1|cache_control:inst1|lpm_compare3:inst83|lpm_compare:lpm_compare_component|cmpr_vjg:auto_generated    ; work         ;
;          |lpm_compare3:inst84|                  ; 10 (0)            ; 0 (0)        ; 0                 ; 0            ; 0       ; 0         ; 0         ; 0    ; 0            ; |lab8|CACHE:inst1|cache_control:inst1|lpm_compare3:inst84                                                              ; work         ;
;             |lpm_compare:lpm_compare_component| ; 10 (0)            ; 0 (0)        ; 0                 ; 0            ; 0       ; 0         ; 0         ; 0    ; 0            ; |lab8|CACHE:inst1|cache_control:inst1|lpm_compare3:inst84|lpm_compare:lpm_compare_component                            ; work         ;
;                |cmpr_vjg:auto_generated|        ; 10 (10)           ; 0 (0)        ; 0                 ; 0            ; 0       ; 0         ; 0         ; 0    ; 0            ; |lab8|CACHE:inst1|cache_control:inst1|lpm_compare3:inst84|lpm_compare:lpm_compare_component|cmpr_vjg:auto_generated    ; work         ;
;          |lpm_compare3:inst85|                  ; 10 (0)            ; 0 (0)        ; 0                 ; 0            ; 0       ; 0         ; 0         ; 0    ; 0            ; |lab8|CACHE:inst1|cache_control:inst1|lpm_compare3:inst85                                                              ; work         ;
;             |lpm_compare:lpm_compare_component| ; 10 (0)            ; 0 (0)        ; 0                 ; 0            ; 0       ; 0         ; 0         ; 0    ; 0            ; |lab8|CACHE:inst1|cache_control:inst1|lpm_compare3:inst85|lpm_compare:lpm_compare_component                            ; work         ;
;                |cmpr_vjg:auto_generated|        ; 10 (10)           ; 0 (0)        ; 0                 ; 0            ; 0       ; 0         ; 0         ; 0    ; 0            ; |lab8|CACHE:inst1|cache_control:inst1|lpm_compare3:inst85|lpm_compare:lpm_compare_component|cmpr_vjg:auto_generated    ; work         ;
;          |lpm_compare3:inst86|                  ; 10 (0)            ; 0 (0)        ; 0                 ; 0            ; 0       ; 0         ; 0         ; 0    ; 0            ; |lab8|CACHE:inst1|cache_control:inst1|lpm_compare3:inst86                                                              ; work         ;
;             |lpm_compare:lpm_compare_component| ; 10 (0)            ; 0 (0)        ; 0                 ; 0            ; 0       ; 0         ; 0         ; 0    ; 0            ; |lab8|CACHE:inst1|cache_control:inst1|lpm_compare3:inst86|lpm_compare:lpm_compare_component                            ; work         ;
;                |cmpr_vjg:auto_generated|        ; 10 (10)           ; 0 (0)        ; 0                 ; 0            ; 0       ; 0         ; 0         ; 0    ; 0            ; |lab8|CACHE:inst1|cache_control:inst1|lpm_compare3:inst86|lpm_compare:lpm_compare_component|cmpr_vjg:auto_generated    ; work         ;
;          |lpm_compare3:inst93|                  ; 9 (0)             ; 0 (0)        ; 0                 ; 0            ; 0       ; 0         ; 0         ; 0    ; 0            ; |lab8|CACHE:inst1|cache_control:inst1|lpm_compare3:inst93                                                              ; work         ;
;             |lpm_compare:lpm_compare_component| ; 9 (0)             ; 0 (0)        ; 0                 ; 0            ; 0       ; 0         ; 0         ; 0    ; 0            ; |lab8|CACHE:inst1|cache_control:inst1|lpm_compare3:inst93|lpm_compare:lpm_compare_component                            ;              ;
;                |cmpr_vjg:auto_generated|        ; 9 (9)             ; 0 (0)        ; 0                 ; 0            ; 0       ; 0         ; 0         ; 0    ; 0            ; |lab8|CACHE:inst1|cache_control:inst1|lpm_compare3:inst93|lpm_compare:lpm_compare_component|cmpr_vjg:auto_generated    ; work         ;
;          |lpm_compare3:inst94|                  ; 9 (0)             ; 0 (0)        ; 0                 ; 0            ; 0       ; 0         ; 0         ; 0    ; 0            ; |lab8|CACHE:inst1|cache_control:inst1|lpm_compare3:inst94                                                              ; work         ;
;             |lpm_compare:lpm_compare_component| ; 9 (0)             ; 0 (0)        ; 0                 ; 0            ; 0       ; 0         ; 0         ; 0    ; 0            ; |lab8|CACHE:inst1|cache_control:inst1|lpm_compare3:inst94|lpm_compare:lpm_compare_component                            ;              ;
;                |cmpr_vjg:auto_generated|        ; 9 (9)             ; 0 (0)        ; 0                 ; 0            ; 0       ; 0         ; 0         ; 0    ; 0            ; |lab8|CACHE:inst1|cache_control:inst1|lpm_compare3:inst94|lpm_compare:lpm_compare_component|cmpr_vjg:auto_generated    ; work         ;
;          |lpm_compare3:inst95|                  ; 6 (0)             ; 0 (0)        ; 0                 ; 0            ; 0       ; 0         ; 0         ; 0    ; 0            ; |lab8|CACHE:inst1|cache_control:inst1|lpm_compare3:inst95                                                              ; work         ;
;             |lpm_compare:lpm_compare_component| ; 6 (0)             ; 0 (0)        ; 0                 ; 0            ; 0       ; 0         ; 0         ; 0    ; 0            ; |lab8|CACHE:inst1|cache_control:inst1|lpm_compare3:inst95|lpm_compare:lpm_compare_component                            ;              ;
;                |cmpr_vjg:auto_generated|        ; 6 (6)             ; 0 (0)        ; 0                 ; 0            ; 0       ; 0         ; 0         ; 0    ; 0            ; |lab8|CACHE:inst1|cache_control:inst1|lpm_compare3:inst95|lpm_compare:lpm_compare_component|cmpr_vjg:auto_generated    ; work         ;
;          |lpm_compare4:inst99|                  ; 1 (0)             ; 0 (0)        ; 0                 ; 0            ; 0       ; 0         ; 0         ; 0    ; 0            ; |lab8|CACHE:inst1|cache_control:inst1|lpm_compare4:inst99                                                              ; work         ;
;             |lpm_compare:lpm_compare_component| ; 1 (0)             ; 0 (0)        ; 0                 ; 0            ; 0       ; 0         ; 0         ; 0    ; 0            ; |lab8|CACHE:inst1|cache_control:inst1|lpm_compare4:inst99|lpm_compare:lpm_compare_component                            ; work         ;
;                |cmpr_o8j:auto_generated|        ; 1 (1)             ; 0 (0)        ; 0                 ; 0            ; 0       ; 0         ; 0         ; 0    ; 0            ; |lab8|CACHE:inst1|cache_control:inst1|lpm_compare4:inst99|lpm_compare:lpm_compare_component|cmpr_o8j:auto_generated    ; work         ;
;          |lpm_counter1:inst43|                  ; 8 (0)             ; 8 (0)        ; 0                 ; 0            ; 0       ; 0         ; 0         ; 0    ; 0            ; |lab8|CACHE:inst1|cache_control:inst1|lpm_counter1:inst43                                                              ; work         ;
;             |lpm_counter:lpm_counter_component| ; 8 (0)             ; 8 (0)        ; 0                 ; 0            ; 0       ; 0         ; 0         ; 0    ; 0            ; |lab8|CACHE:inst1|cache_control:inst1|lpm_counter1:inst43|lpm_counter:lpm_counter_component                            ; work         ;
;                |cntr_coi:auto_generated|        ; 8 (8)             ; 8 (8)        ; 0                 ; 0            ; 0       ; 0         ; 0         ; 0    ; 0            ; |lab8|CACHE:inst1|cache_control:inst1|lpm_counter1:inst43|lpm_counter:lpm_counter_component|cntr_coi:auto_generated    ; work         ;
;          |lpm_counter5:inst69|                  ; 10 (0)            ; 10 (0)       ; 0                 ; 0            ; 0       ; 0         ; 0         ; 0    ; 0            ; |lab8|CACHE:inst1|cache_control:inst1|lpm_counter5:inst69                                                              ;              ;
;             |lpm_counter:lpm_counter_component| ; 10 (0)            ; 10 (0)       ; 0                 ; 0            ; 0       ; 0         ; 0         ; 0    ; 0            ; |lab8|CACHE:inst1|cache_control:inst1|lpm_counter5:inst69|lpm_counter:lpm_counter_component                            ; work         ;
;                |cntr_95i:auto_generated|        ; 10 (10)           ; 10 (10)      ; 0                 ; 0            ; 0       ; 0         ; 0         ; 0    ; 0            ; |lab8|CACHE:inst1|cache_control:inst1|lpm_counter5:inst69|lpm_counter:lpm_counter_component|cntr_95i:auto_generated    ;              ;
;          |lpm_counter5:inst75|                  ; 10 (0)            ; 10 (0)       ; 0                 ; 0            ; 0       ; 0         ; 0         ; 0    ; 0            ; |lab8|CACHE:inst1|cache_control:inst1|lpm_counter5:inst75                                                              ; work         ;
;             |lpm_counter:lpm_counter_component| ; 10 (0)            ; 10 (0)       ; 0                 ; 0            ; 0       ; 0         ; 0         ; 0    ; 0            ; |lab8|CACHE:inst1|cache_control:inst1|lpm_counter5:inst75|lpm_counter:lpm_counter_component                            ; work         ;
;                |cntr_95i:auto_generated|        ; 10 (10)           ; 10 (10)      ; 0                 ; 0            ; 0       ; 0         ; 0         ; 0    ; 0            ; |lab8|CACHE:inst1|cache_control:inst1|lpm_counter5:inst75|lpm_counter:lpm_counter_component|cntr_95i:auto_generated    ; work         ;
;          |lpm_counter5:inst76|                  ; 10 (0)            ; 10 (0)       ; 0                 ; 0            ; 0       ; 0         ; 0         ; 0    ; 0            ; |lab8|CACHE:inst1|cache_control:inst1|lpm_counter5:inst76                                                              ; work         ;
;             |lpm_counter:lpm_counter_component| ; 10 (0)            ; 10 (0)       ; 0                 ; 0            ; 0       ; 0         ; 0         ; 0    ; 0            ; |lab8|CACHE:inst1|cache_control:inst1|lpm_counter5:inst76|lpm_counter:lpm_counter_component                            ; work         ;
;                |cntr_95i:auto_generated|        ; 10 (10)           ; 10 (10)      ; 0                 ; 0            ; 0       ; 0         ; 0         ; 0    ; 0            ; |lab8|CACHE:inst1|cache_control:inst1|lpm_counter5:inst76|lpm_counter:lpm_counter_component|cntr_95i:auto_generated    ; work         ;
;          |lpm_counter5:inst77|                  ; 10 (0)            ; 10 (0)       ; 0                 ; 0            ; 0       ; 0         ; 0         ; 0    ; 0            ; |lab8|CACHE:inst1|cache_control:inst1|lpm_counter5:inst77                                                              ; work         ;
;             |lpm_counter:lpm_counter_component| ; 10 (0)            ; 10 (0)       ; 0                 ; 0            ; 0       ; 0         ; 0         ; 0    ; 0            ; |lab8|CACHE:inst1|cache_control:inst1|lpm_counter5:inst77|lpm_counter:lpm_counter_component                            ; work         ;
;                |cntr_95i:auto_generated|        ; 10 (10)           ; 10 (10)      ; 0                 ; 0            ; 0       ; 0         ; 0         ; 0    ; 0            ; |lab8|CACHE:inst1|cache_control:inst1|lpm_counter5:inst77|lpm_counter:lpm_counter_component|cntr_95i:auto_generated    ; work         ;
;          |lpm_counter5:inst78|                  ; 10 (0)            ; 10 (0)       ; 0                 ; 0            ; 0       ; 0         ; 0         ; 0    ; 0            ; |lab8|CACHE:inst1|cache_control:inst1|lpm_counter5:inst78                                                              ; work         ;
;             |lpm_counter:lpm_counter_component| ; 10 (0)            ; 10 (0)       ; 0                 ; 0            ; 0       ; 0         ; 0         ; 0    ; 0            ; |lab8|CACHE:inst1|cache_control:inst1|lpm_counter5:inst78|lpm_counter:lpm_counter_component                            ; work         ;
;                |cntr_95i:auto_generated|        ; 10 (10)           ; 10 (10)      ; 0                 ; 0            ; 0       ; 0         ; 0         ; 0    ; 0            ; |lab8|CACHE:inst1|cache_control:inst1|lpm_counter5:inst78|lpm_counter:lpm_counter_component|cntr_95i:auto_generated    ; work         ;
;          |lpm_counter5:inst79|                  ; 10 (0)            ; 10 (0)       ; 0                 ; 0            ; 0       ; 0         ; 0         ; 0    ; 0            ; |lab8|CACHE:inst1|cache_control:inst1|lpm_counter5:inst79                                                              ; work         ;
;             |lpm_counter:lpm_counter_component| ; 10 (0)            ; 10 (0)       ; 0                 ; 0            ; 0       ; 0         ; 0         ; 0    ; 0            ; |lab8|CACHE:inst1|cache_control:inst1|lpm_counter5:inst79|lpm_counter:lpm_counter_component                            ; work         ;
;                |cntr_95i:auto_generated|        ; 10 (10)           ; 10 (10)      ; 0                 ; 0            ; 0       ; 0         ; 0         ; 0    ; 0            ; |lab8|CACHE:inst1|cache_control:inst1|lpm_counter5:inst79|lpm_counter:lpm_counter_component|cntr_95i:auto_generated    ; work         ;
;          |lpm_counter5:inst80|                  ; 10 (0)            ; 10 (0)       ; 0                 ; 0            ; 0       ; 0         ; 0         ; 0    ; 0            ; |lab8|CACHE:inst1|cache_control:inst1|lpm_counter5:inst80                                                              ; work         ;
;             |lpm_counter:lpm_counter_component| ; 10 (0)            ; 10 (0)       ; 0                 ; 0            ; 0       ; 0         ; 0         ; 0    ; 0            ; |lab8|CACHE:inst1|cache_control:inst1|lpm_counter5:inst80|lpm_counter:lpm_counter_component                            ; work         ;
;                |cntr_95i:auto_generated|        ; 10 (10)           ; 10 (10)      ; 0                 ; 0            ; 0       ; 0         ; 0         ; 0    ; 0            ; |lab8|CACHE:inst1|cache_control:inst1|lpm_counter5:inst80|lpm_counter:lpm_counter_component|cntr_95i:auto_generated    ; work         ;
;          |lpm_counter5:inst81|                  ; 10 (0)            ; 10 (0)       ; 0                 ; 0            ; 0       ; 0         ; 0         ; 0    ; 0            ; |lab8|CACHE:inst1|cache_control:inst1|lpm_counter5:inst81                                                              ;              ;
;             |lpm_counter:lpm_counter_component| ; 10 (0)            ; 10 (0)       ; 0                 ; 0            ; 0       ; 0         ; 0         ; 0    ; 0            ; |lab8|CACHE:inst1|cache_control:inst1|lpm_counter5:inst81|lpm_counter:lpm_counter_component                            ; work         ;
;                |cntr_95i:auto_generated|        ; 10 (10)           ; 10 (10)      ; 0                 ; 0            ; 0       ; 0         ; 0         ; 0    ; 0            ; |lab8|CACHE:inst1|cache_control:inst1|lpm_counter5:inst81|lpm_counter:lpm_counter_component|cntr_95i:auto_generated    ;              ;
;          |lpm_counter6:inst97|                  ; 8 (0)             ; 8 (0)        ; 0                 ; 0            ; 0       ; 0         ; 0         ; 0    ; 0            ; |lab8|CACHE:inst1|cache_control:inst1|lpm_counter6:inst97                                                              ; work         ;
;             |lpm_counter:lpm_counter_component| ; 8 (0)             ; 8 (0)        ; 0                 ; 0            ; 0       ; 0         ; 0         ; 0    ; 0            ; |lab8|CACHE:inst1|cache_control:inst1|lpm_counter6:inst97|lpm_counter:lpm_counter_component                            ; work         ;
;                |cntr_ulh:auto_generated|        ; 8 (8)             ; 8 (8)        ; 0                 ; 0            ; 0       ; 0         ; 0         ; 0    ; 0            ; |lab8|CACHE:inst1|cache_control:inst1|lpm_counter6:inst97|lpm_counter:lpm_counter_component|cntr_ulh:auto_generated    ; work         ;
;          |lpm_dff0:inst|                        ; 0 (0)             ; 8 (0)        ; 0                 ; 0            ; 0       ; 0         ; 0         ; 0    ; 0            ; |lab8|CACHE:inst1|cache_control:inst1|lpm_dff0:inst                                                                    ; work         ;
;             |lpm_ff:lpm_ff_component|           ; 0 (0)             ; 8 (8)        ; 0                 ; 0            ; 0       ; 0         ; 0         ; 0    ; 0            ; |lab8|CACHE:inst1|cache_control:inst1|lpm_dff0:inst|lpm_ff:lpm_ff_component                                            ; work         ;
;          |lpm_dff3:inst70|                      ; 0 (0)             ; 3 (0)        ; 0                 ; 0            ; 0       ; 0         ; 0         ; 0    ; 0            ; |lab8|CACHE:inst1|cache_control:inst1|lpm_dff3:inst70                                                                  ; work         ;
;             |lpm_ff:lpm_ff_component|           ; 0 (0)             ; 3 (3)        ; 0                 ; 0            ; 0       ; 0         ; 0         ; 0    ; 0            ; |lab8|CACHE:inst1|cache_control:inst1|lpm_dff3:inst70|lpm_ff:lpm_ff_component                                          ; work         ;
;          |lpm_mux2:inst87|                      ; 10 (0)            ; 0 (0)        ; 0                 ; 0            ; 0       ; 0         ; 0         ; 0    ; 0            ; |lab8|CACHE:inst1|cache_control:inst1|lpm_mux2:inst87                                                                  ;              ;
;             |lpm_mux:lpm_mux_component|         ; 10 (0)            ; 0 (0)        ; 0                 ; 0            ; 0       ; 0         ; 0         ; 0    ; 0            ; |lab8|CACHE:inst1|cache_control:inst1|lpm_mux2:inst87|lpm_mux:lpm_mux_component                                        ; work         ;
;                |mux_7pc:auto_generated|         ; 10 (10)           ; 0 (0)        ; 0                 ; 0            ; 0       ; 0         ; 0         ; 0    ; 0            ; |lab8|CACHE:inst1|cache_control:inst1|lpm_mux2:inst87|lpm_mux:lpm_mux_component|mux_7pc:auto_generated                 ;              ;
;          |lpm_mux2:inst88|                      ; 10 (0)            ; 0 (0)        ; 0                 ; 0            ; 0       ; 0         ; 0         ; 0    ; 0            ; |lab8|CACHE:inst1|cache_control:inst1|lpm_mux2:inst88                                                                  ; work         ;
;             |lpm_mux:lpm_mux_component|         ; 10 (0)            ; 0 (0)        ; 0                 ; 0            ; 0       ; 0         ; 0         ; 0    ; 0            ; |lab8|CACHE:inst1|cache_control:inst1|lpm_mux2:inst88|lpm_mux:lpm_mux_component                                        ;              ;
;                |mux_7pc:auto_generated|         ; 10 (10)           ; 0 (0)        ; 0                 ; 0            ; 0       ; 0         ; 0         ; 0    ; 0            ; |lab8|CACHE:inst1|cache_control:inst1|lpm_mux2:inst88|lpm_mux:lpm_mux_component|mux_7pc:auto_generated                 ; work         ;
;          |lpm_mux2:inst89|                      ; 10 (0)            ; 0 (0)        ; 0                 ; 0            ; 0       ; 0         ; 0         ; 0    ; 0            ; |lab8|CACHE:inst1|cache_control:inst1|lpm_mux2:inst89                                                                  ; work         ;
;             |lpm_mux:lpm_mux_component|         ; 10 (0)            ; 0 (0)        ; 0                 ; 0            ; 0       ; 0         ; 0         ; 0    ; 0            ; |lab8|CACHE:inst1|cache_control:inst1|lpm_mux2:inst89|lpm_mux:lpm_mux_component                                        ; work         ;
;                |mux_7pc:auto_generated|         ; 10 (10)           ; 0 (0)        ; 0                 ; 0            ; 0       ; 0         ; 0         ; 0    ; 0            ; |lab8|CACHE:inst1|cache_control:inst1|lpm_mux2:inst89|lpm_mux:lpm_mux_component|mux_7pc:auto_generated                 ; work         ;
;          |lpm_mux2:inst90|                      ; 10 (0)            ; 0 (0)        ; 0                 ; 0            ; 0       ; 0         ; 0         ; 0    ; 0            ; |lab8|CACHE:inst1|cache_control:inst1|lpm_mux2:inst90                                                                  ; work         ;
;             |lpm_mux:lpm_mux_component|         ; 10 (0)            ; 0 (0)        ; 0                 ; 0            ; 0       ; 0         ; 0         ; 0    ; 0            ; |lab8|CACHE:inst1|cache_control:inst1|lpm_mux2:inst90|lpm_mux:lpm_mux_component                                        ; work         ;
;                |mux_7pc:auto_generated|         ; 10 (10)           ; 0 (0)        ; 0                 ; 0            ; 0       ; 0         ; 0         ; 0    ; 0            ; |lab8|CACHE:inst1|cache_control:inst1|lpm_mux2:inst90|lpm_mux:lpm_mux_component|mux_7pc:auto_generated                 ; work         ;
;          |lpm_mux2:inst91|                      ; 9 (0)             ; 0 (0)        ; 0                 ; 0            ; 0       ; 0         ; 0         ; 0    ; 0            ; |lab8|CACHE:inst1|cache_control:inst1|lpm_mux2:inst91                                                                  ;              ;
;             |lpm_mux:lpm_mux_component|         ; 9 (0)             ; 0 (0)        ; 0                 ; 0            ; 0       ; 0         ; 0         ; 0    ; 0            ; |lab8|CACHE:inst1|cache_control:inst1|lpm_mux2:inst91|lpm_mux:lpm_mux_component                                        ; work         ;
;                |mux_7pc:auto_generated|         ; 9 (9)             ; 0 (0)        ; 0                 ; 0            ; 0       ; 0         ; 0         ; 0    ; 0            ; |lab8|CACHE:inst1|cache_control:inst1|lpm_mux2:inst91|lpm_mux:lpm_mux_component|mux_7pc:auto_generated                 ;              ;
;          |lpm_mux2:inst92|                      ; 10 (0)            ; 0 (0)        ; 0                 ; 0            ; 0       ; 0         ; 0         ; 0    ; 0            ; |lab8|CACHE:inst1|cache_control:inst1|lpm_mux2:inst92                                                                  ;              ;
;             |lpm_mux:lpm_mux_component|         ; 10 (0)            ; 0 (0)        ; 0                 ; 0            ; 0       ; 0         ; 0         ; 0    ; 0            ; |lab8|CACHE:inst1|cache_control:inst1|lpm_mux2:inst92|lpm_mux:lpm_mux_component                                        ; work         ;
;                |mux_7pc:auto_generated|         ; 10 (10)           ; 0 (0)        ; 0                 ; 0            ; 0       ; 0         ; 0         ; 0    ; 0            ; |lab8|CACHE:inst1|cache_control:inst1|lpm_mux2:inst92|lpm_mux:lpm_mux_component|mux_7pc:auto_generated                 ;              ;
;       |lpm_bustri1:inst27|                      ; 14 (0)            ; 0 (0)        ; 0                 ; 0            ; 0       ; 0         ; 0         ; 0    ; 0            ; |lab8|CACHE:inst1|lpm_bustri1:inst27                                                                                   ; work         ;
;          |lpm_bustri:lpm_bustri_component|      ; 14 (14)           ; 0 (0)        ; 0                 ; 0            ; 0       ; 0         ; 0         ; 0    ; 0            ; |lab8|CACHE:inst1|lpm_bustri1:inst27|lpm_bustri:lpm_bustri_component                                                   ; work         ;
;       |lpm_bustri1:inst29|                      ; 21 (0)            ; 0 (0)        ; 0                 ; 0            ; 0       ; 0         ; 0         ; 0    ; 0            ; |lab8|CACHE:inst1|lpm_bustri1:inst29                                                                                   ; work         ;
;          |lpm_bustri:lpm_bustri_component|      ; 21 (21)           ; 0 (0)        ; 0                 ; 0            ; 0       ; 0         ; 0         ; 0    ; 0            ; |lab8|CACHE:inst1|lpm_bustri1:inst29|lpm_bustri:lpm_bustri_component                                                   ; work         ;
;       |lpm_bustri1:inst31|                      ; 14 (0)            ; 0 (0)        ; 0                 ; 0            ; 0       ; 0         ; 0         ; 0    ; 0            ; |lab8|CACHE:inst1|lpm_bustri1:inst31                                                                                   ; work         ;
;          |lpm_bustri:lpm_bustri_component|      ; 14 (14)           ; 0 (0)        ; 0                 ; 0            ; 0       ; 0         ; 0         ; 0    ; 0            ; |lab8|CACHE:inst1|lpm_bustri1:inst31|lpm_bustri:lpm_bustri_component                                                   ; work         ;
;       |lpm_bustri1:inst33|                      ; 14 (0)            ; 0 (0)        ; 0                 ; 0            ; 0       ; 0         ; 0         ; 0    ; 0            ; |lab8|CACHE:inst1|lpm_bustri1:inst33                                                                                   ; work         ;
;          |lpm_bustri:lpm_bustri_component|      ; 14 (14)           ; 0 (0)        ; 0                 ; 0            ; 0       ; 0         ; 0         ; 0    ; 0            ; |lab8|CACHE:inst1|lpm_bustri1:inst33|lpm_bustri:lpm_bustri_component                                                   ; work         ;
;       |lpm_bustri1:inst35|                      ; 36 (0)            ; 0 (0)        ; 0                 ; 0            ; 0       ; 0         ; 0         ; 0    ; 0            ; |lab8|CACHE:inst1|lpm_bustri1:inst35                                                                                   ; work         ;
;          |lpm_bustri:lpm_bustri_component|      ; 36 (36)           ; 0 (0)        ; 0                 ; 0            ; 0       ; 0         ; 0         ; 0    ; 0            ; |lab8|CACHE:inst1|lpm_bustri1:inst35|lpm_bustri:lpm_bustri_component                                                   ; work         ;
;       |lpm_bustri1:inst37|                      ; 14 (0)            ; 0 (0)        ; 0                 ; 0            ; 0       ; 0         ; 0         ; 0    ; 0            ; |lab8|CACHE:inst1|lpm_bustri1:inst37                                                                                   ; work         ;
;          |lpm_bustri:lpm_bustri_component|      ; 14 (14)           ; 0 (0)        ; 0                 ; 0            ; 0       ; 0         ; 0         ; 0    ; 0            ; |lab8|CACHE:inst1|lpm_bustri1:inst37|lpm_bustri:lpm_bustri_component                                                   ; work         ;
;       |lpm_bustri1:inst39|                      ; 35 (0)            ; 0 (0)        ; 0                 ; 0            ; 0       ; 0         ; 0         ; 0    ; 0            ; |lab8|CACHE:inst1|lpm_bustri1:inst39                                                                                   ; work         ;
;          |lpm_bustri:lpm_bustri_component|      ; 35 (35)           ; 0 (0)        ; 0                 ; 0            ; 0       ; 0         ; 0         ; 0    ; 0            ; |lab8|CACHE:inst1|lpm_bustri1:inst39|lpm_bustri:lpm_bustri_component                                                   ; work         ;
;       |lpm_bustri1:inst41|                      ; 21 (0)            ; 0 (0)        ; 0                 ; 0            ; 0       ; 0         ; 0         ; 0    ; 0            ; |lab8|CACHE:inst1|lpm_bustri1:inst41                                                                                   ; work         ;
;          |lpm_bustri:lpm_bustri_component|      ; 21 (21)           ; 0 (0)        ; 0                 ; 0            ; 0       ; 0         ; 0         ; 0    ; 0            ; |lab8|CACHE:inst1|lpm_bustri1:inst41|lpm_bustri:lpm_bustri_component                                                   ; work         ;
;       |lpm_bustri1:inst6|                       ; 7 (0)             ; 0 (0)        ; 0                 ; 0            ; 0       ; 0         ; 0         ; 0    ; 0            ; |lab8|CACHE:inst1|lpm_bustri1:inst6                                                                                    ;              ;
;          |lpm_bustri:lpm_bustri_component|      ; 7 (7)             ; 0 (0)        ; 0                 ; 0            ; 0       ; 0         ; 0         ; 0    ; 0            ; |lab8|CACHE:inst1|lpm_bustri1:inst6|lpm_bustri:lpm_bustri_component                                                    ; work         ;
;       |lpm_dff4:inst|                           ; 0 (0)             ; 7 (0)        ; 0                 ; 0            ; 0       ; 0         ; 0         ; 0    ; 0            ; |lab8|CACHE:inst1|lpm_dff4:inst                                                                                        ; work         ;
;          |lpm_ff:lpm_ff_component|              ; 0 (0)             ; 7 (7)        ; 0                 ; 0            ; 0       ; 0         ; 0         ; 0    ; 0            ; |lab8|CACHE:inst1|lpm_dff4:inst|lpm_ff:lpm_ff_component                                                                ; work         ;
;    |RAM:inst|                                   ; 3 (2)             ; 0 (0)        ; 1792              ; 0            ; 0       ; 0         ; 0         ; 0    ; 0            ; |lab8|RAM:inst                                                                                                         ; work         ;
;       |lpm_compare1:inst4|                      ; 1 (0)             ; 0 (0)        ; 0                 ; 0            ; 0       ; 0         ; 0         ; 0    ; 0            ; |lab8|RAM:inst|lpm_compare1:inst4                                                                                      ; work         ;
;          |lpm_compare:lpm_compare_component|    ; 1 (0)             ; 0 (0)        ; 0                 ; 0            ; 0       ; 0         ; 0         ; 0    ; 0            ; |lab8|RAM:inst|lpm_compare1:inst4|lpm_compare:lpm_compare_component                                                    ; work         ;
;             |cmpr_fig:auto_generated|           ; 1 (1)             ; 0 (0)        ; 0                 ; 0            ; 0       ; 0         ; 0         ; 0    ; 0            ; |lab8|RAM:inst|lpm_compare1:inst4|lpm_compare:lpm_compare_component|cmpr_fig:auto_generated                            ; work         ;
;       |lpm_ram_dq0:inst|                        ; 0 (0)             ; 0 (0)        ; 1792              ; 0            ; 0       ; 0         ; 0         ; 0    ; 0            ; |lab8|RAM:inst|lpm_ram_dq0:inst                                                                                        ; work         ;
;          |altsyncram:altsyncram_component|      ; 0 (0)             ; 0 (0)        ; 1792              ; 0            ; 0       ; 0         ; 0         ; 0    ; 0            ; |lab8|RAM:inst|lpm_ram_dq0:inst|altsyncram:altsyncram_component                                                        ; work         ;
;             |altsyncram_etd1:auto_generated|    ; 0 (0)             ; 0 (0)        ; 1792              ; 0            ; 0       ; 0         ; 0         ; 0    ; 0            ; |lab8|RAM:inst|lpm_ram_dq0:inst|altsyncram:altsyncram_component|altsyncram_etd1:auto_generated                         ; work         ;
+-------------------------------------------------+-------------------+--------------+-------------------+--------------+---------+-----------+-----------+------+--------------+------------------------------------------------------------------------------------------------------------------------+--------------+
Note: For table entries with two numbers listed, the numbers in parentheses indicate the number of resources of the given type used by the specific entity alone. The numbers listed outside of parentheses indicate the total resources of the given type used by the specific entity and all of its sub-entities in the hierarchy.


+------------------------------------------------------------------------------------------------------------------------------------------------------------------------------------------------------------+
; Analysis & Synthesis RAM Summary                                                                                                                                                                           ;
+-----------------------------------------------------------------------------------------------------+------+-------------+--------------+--------------+--------------+--------------+------+--------------+
; Name                                                                                                ; Type ; Mode        ; Port A Depth ; Port A Width ; Port B Depth ; Port B Width ; Size ; MIF          ;
+-----------------------------------------------------------------------------------------------------+------+-------------+--------------+--------------+--------------+--------------+------+--------------+
; RAM:inst|lpm_ram_dq0:inst|altsyncram:altsyncram_component|altsyncram_etd1:auto_generated|ALTSYNCRAM ; AUTO ; Single Port ; 256          ; 7            ; --           ; --           ; 1792 ; ram_data.mif ;
+-----------------------------------------------------------------------------------------------------+------+-------------+--------------+--------------+--------------+--------------+------+--------------+


+-----------------------------------------------------------------------------------------------------------------------------+
; Registers Removed During Synthesis                                                                                          ;
+------------------------------------------------------------------------------------+----------------------------------------+
; Register name                                                                      ; Reason for Removal                     ;
+------------------------------------------------------------------------------------+----------------------------------------+
; CACHE:inst1|LINE:inst40|inst6                                                      ; Stuck at VCC due to stuck port data_in ;
; CACHE:inst1|LINE:inst38|inst6                                                      ; Stuck at VCC due to stuck port data_in ;
; CACHE:inst1|LINE:inst36|inst6                                                      ; Stuck at VCC due to stuck port data_in ;
; CACHE:inst1|LINE:inst42|inst6                                                      ; Stuck at VCC due to stuck port data_in ;
; CACHE:inst1|LINE:inst32|inst6                                                      ; Stuck at VCC due to stuck port data_in ;
; CACHE:inst1|LINE:inst30|inst6                                                      ; Stuck at VCC due to stuck port data_in ;
; CACHE:inst1|LINE:inst28|inst6                                                      ; Stuck at VCC due to stuck port data_in ;
; CACHE:inst1|LINE:inst26|inst6                                                      ; Stuck at VCC due to stuck port data_in ;
; CACHE:inst1|cache_control:inst1|lpm_dff3:inst70|lpm_ff:lpm_ff_component|dffs[3..7] ; Stuck at GND due to stuck port data_in ;
; Total Number of Removed Registers = 13                                             ;                                        ;
+------------------------------------------------------------------------------------+----------------------------------------+


+------------------------------------------------------+
; General Register Statistics                          ;
+----------------------------------------------+-------+
; Statistic                                    ; Value ;
+----------------------------------------------+-------+
; Total registers                              ; 669   ;
; Number of registers using Synchronous Clear  ; 0     ;
; Number of registers using Synchronous Load   ; 0     ;
; Number of registers using Asynchronous Clear ; 153   ;
; Number of registers using Asynchronous Load  ; 0     ;
; Number of registers using Clock Enable       ; 568   ;
; Number of registers using Preset             ; 0     ;
+----------------------------------------------+-------+


+-----------------------------------------------------------------------------------------------------------------------------------------------------------------------------------------------------------------------------------+
; Multiplexer Restructuring Statistics (Restructuring Performed)                                                                                                                                                                    ;
+--------------------+-----------+---------------+----------------------+------------------------+------------+---------------------------------------------------------------------------------------------------------------------+
; Multiplexer Inputs ; Bus Width ; Baseline Area ; Area if Restructured ; Saving if Restructured ; Registered ; Example Multiplexer Output                                                                                          ;
+--------------------+-----------+---------------+----------------------+------------------------+------------+---------------------------------------------------------------------------------------------------------------------+
; 8:1                ; 56 bits   ; 280 ALUTs     ; 280 ALUTs            ; 0 ALUTs                ; No         ; |lab8|CACHE:inst1|LINE:inst26|lpm_mux0:inst24|lpm_mux:lpm_mux_component|mux_5oc:auto_generated|l3_w6_n0_mux_dataout ;
+--------------------+-----------+---------------+----------------------+------------------------+------------+---------------------------------------------------------------------------------------------------------------------+


+--------------------------------------------------------------------------------------------------------------+
; Source assignments for CACHE:inst1|cache_control:inst1|lpm_counter1:inst43|lpm_counter:lpm_counter_component ;
+---------------------------+-------+------+-------------------------------------------------------------------+
; Assignment                ; Value ; From ; To                                                                ;
+---------------------------+-------+------+-------------------------------------------------------------------+
; SUPPRESS_DA_RULE_INTERNAL ; a101  ; -    ; -                                                                 ;
; SUPPRESS_DA_RULE_INTERNAL ; s102  ; -    ; -                                                                 ;
; SUPPRESS_DA_RULE_INTERNAL ; s103  ; -    ; -                                                                 ;
+---------------------------+-------+------+-------------------------------------------------------------------+


+--------------------------------------------------------------------------------------------------------------+
; Source assignments for CACHE:inst1|cache_control:inst1|lpm_counter6:inst97|lpm_counter:lpm_counter_component ;
+---------------------------+-------+------+-------------------------------------------------------------------+
; Assignment                ; Value ; From ; To                                                                ;
+---------------------------+-------+------+-------------------------------------------------------------------+
; SUPPRESS_DA_RULE_INTERNAL ; a101  ; -    ; -                                                                 ;
; SUPPRESS_DA_RULE_INTERNAL ; s102  ; -    ; -                                                                 ;
; SUPPRESS_DA_RULE_INTERNAL ; s103  ; -    ; -                                                                 ;
+---------------------------+-------+------+-------------------------------------------------------------------+


+--------------------------------------------------------------------------------------------------------------+
; Source assignments for CACHE:inst1|cache_control:inst1|lpm_counter5:inst69|lpm_counter:lpm_counter_component ;
+---------------------------+-------+------+-------------------------------------------------------------------+
; Assignment                ; Value ; From ; To                                                                ;
+---------------------------+-------+------+-------------------------------------------------------------------+
; SUPPRESS_DA_RULE_INTERNAL ; a101  ; -    ; -                                                                 ;
; SUPPRESS_DA_RULE_INTERNAL ; s102  ; -    ; -                                                                 ;
; SUPPRESS_DA_RULE_INTERNAL ; s103  ; -    ; -                                                                 ;
+---------------------------+-------+------+-------------------------------------------------------------------+


+--------------------------------------------------------------------------------------------------------------+
; Source assignments for CACHE:inst1|cache_control:inst1|lpm_counter5:inst81|lpm_counter:lpm_counter_component ;
+---------------------------+-------+------+-------------------------------------------------------------------+
; Assignment                ; Value ; From ; To                                                                ;
+---------------------------+-------+------+-------------------------------------------------------------------+
; SUPPRESS_DA_RULE_INTERNAL ; a101  ; -    ; -                                                                 ;
; SUPPRESS_DA_RULE_INTERNAL ; s102  ; -    ; -                                                                 ;
; SUPPRESS_DA_RULE_INTERNAL ; s103  ; -    ; -                                                                 ;
+---------------------------+-------+------+-------------------------------------------------------------------+


+--------------------------------------------------------------------------------------------------------------+
; Source assignments for CACHE:inst1|cache_control:inst1|lpm_counter5:inst80|lpm_counter:lpm_counter_component ;
+---------------------------+-------+------+-------------------------------------------------------------------+
; Assignment                ; Value ; From ; To                                                                ;
+---------------------------+-------+------+-------------------------------------------------------------------+
; SUPPRESS_DA_RULE_INTERNAL ; a101  ; -    ; -                                                                 ;
; SUPPRESS_DA_RULE_INTERNAL ; s102  ; -    ; -                                                                 ;
; SUPPRESS_DA_RULE_INTERNAL ; s103  ; -    ; -                                                                 ;
+---------------------------+-------+------+-------------------------------------------------------------------+


+--------------------------------------------------------------------------------------------------------------+
; Source assignments for CACHE:inst1|cache_control:inst1|lpm_counter5:inst79|lpm_counter:lpm_counter_component ;
+---------------------------+-------+------+-------------------------------------------------------------------+
; Assignment                ; Value ; From ; To                                                                ;
+---------------------------+-------+------+-------------------------------------------------------------------+
; SUPPRESS_DA_RULE_INTERNAL ; a101  ; -    ; -                                                                 ;
; SUPPRESS_DA_RULE_INTERNAL ; s102  ; -    ; -                                                                 ;
; SUPPRESS_DA_RULE_INTERNAL ; s103  ; -    ; -                                                                 ;
+---------------------------+-------+------+-------------------------------------------------------------------+


+--------------------------------------------------------------------------------------------------------------+
; Source assignments for CACHE:inst1|cache_control:inst1|lpm_counter5:inst78|lpm_counter:lpm_counter_component ;
+---------------------------+-------+------+-------------------------------------------------------------------+
; Assignment                ; Value ; From ; To                                                                ;
+---------------------------+-------+------+-------------------------------------------------------------------+
; SUPPRESS_DA_RULE_INTERNAL ; a101  ; -    ; -                                                                 ;
; SUPPRESS_DA_RULE_INTERNAL ; s102  ; -    ; -                                                                 ;
; SUPPRESS_DA_RULE_INTERNAL ; s103  ; -    ; -                                                                 ;
+---------------------------+-------+------+-------------------------------------------------------------------+


+--------------------------------------------------------------------------------------------------------------+
; Source assignments for CACHE:inst1|cache_control:inst1|lpm_counter5:inst77|lpm_counter:lpm_counter_component ;
+---------------------------+-------+------+-------------------------------------------------------------------+
; Assignment                ; Value ; From ; To                                                                ;
+---------------------------+-------+------+-------------------------------------------------------------------+
; SUPPRESS_DA_RULE_INTERNAL ; a101  ; -    ; -                                                                 ;
; SUPPRESS_DA_RULE_INTERNAL ; s102  ; -    ; -                                                                 ;
; SUPPRESS_DA_RULE_INTERNAL ; s103  ; -    ; -                                                                 ;
+---------------------------+-------+------+-------------------------------------------------------------------+


+--------------------------------------------------------------------------------------------------------------+
; Source assignments for CACHE:inst1|cache_control:inst1|lpm_counter5:inst76|lpm_counter:lpm_counter_component ;
+---------------------------+-------+------+-------------------------------------------------------------------+
; Assignment                ; Value ; From ; To                                                                ;
+---------------------------+-------+------+-------------------------------------------------------------------+
; SUPPRESS_DA_RULE_INTERNAL ; a101  ; -    ; -                                                                 ;
; SUPPRESS_DA_RULE_INTERNAL ; s102  ; -    ; -                                                                 ;
; SUPPRESS_DA_RULE_INTERNAL ; s103  ; -    ; -                                                                 ;
+---------------------------+-------+------+-------------------------------------------------------------------+


+--------------------------------------------------------------------------------------------------------------+
; Source assignments for CACHE:inst1|cache_control:inst1|lpm_counter5:inst75|lpm_counter:lpm_counter_component ;
+---------------------------+-------+------+-------------------------------------------------------------------+
; Assignment                ; Value ; From ; To                                                                ;
+---------------------------+-------+------+-------------------------------------------------------------------+
; SUPPRESS_DA_RULE_INTERNAL ; a101  ; -    ; -                                                                 ;
; SUPPRESS_DA_RULE_INTERNAL ; s102  ; -    ; -                                                                 ;
; SUPPRESS_DA_RULE_INTERNAL ; s103  ; -    ; -                                                                 ;
+---------------------------+-------+------+-------------------------------------------------------------------+


+-----------------------------------------------------------------------------------------------------+
; Source assignments for CACHE:inst1|LINE:inst26|lpm_counter0:inst3|lpm_counter:lpm_counter_component ;
+---------------------------+-------+------+----------------------------------------------------------+
; Assignment                ; Value ; From ; To                                                       ;
+---------------------------+-------+------+----------------------------------------------------------+
; SUPPRESS_DA_RULE_INTERNAL ; a101  ; -    ; -                                                        ;
; SUPPRESS_DA_RULE_INTERNAL ; s102  ; -    ; -                                                        ;
; SUPPRESS_DA_RULE_INTERNAL ; s103  ; -    ; -                                                        ;
+---------------------------+-------+------+----------------------------------------------------------+


+-----------------------------------------------------------------------------------------------------+
; Source assignments for CACHE:inst1|LINE:inst28|lpm_counter0:inst3|lpm_counter:lpm_counter_component ;
+---------------------------+-------+------+----------------------------------------------------------+
; Assignment                ; Value ; From ; To                                                       ;
+---------------------------+-------+------+----------------------------------------------------------+
; SUPPRESS_DA_RULE_INTERNAL ; a101  ; -    ; -                                                        ;
; SUPPRESS_DA_RULE_INTERNAL ; s102  ; -    ; -                                                        ;
; SUPPRESS_DA_RULE_INTERNAL ; s103  ; -    ; -                                                        ;
+---------------------------+-------+------+----------------------------------------------------------+


+-----------------------------------------------------------------------------------------------------+
; Source assignments for CACHE:inst1|LINE:inst30|lpm_counter0:inst3|lpm_counter:lpm_counter_component ;
+---------------------------+-------+------+----------------------------------------------------------+
; Assignment                ; Value ; From ; To                                                       ;
+---------------------------+-------+------+----------------------------------------------------------+
; SUPPRESS_DA_RULE_INTERNAL ; a101  ; -    ; -                                                        ;
; SUPPRESS_DA_RULE_INTERNAL ; s102  ; -    ; -                                                        ;
; SUPPRESS_DA_RULE_INTERNAL ; s103  ; -    ; -                                                        ;
+---------------------------+-------+------+----------------------------------------------------------+


+-----------------------------------------------------------------------------------------------------+
; Source assignments for CACHE:inst1|LINE:inst32|lpm_counter0:inst3|lpm_counter:lpm_counter_component ;
+---------------------------+-------+------+----------------------------------------------------------+
; Assignment                ; Value ; From ; To                                                       ;
+---------------------------+-------+------+----------------------------------------------------------+
; SUPPRESS_DA_RULE_INTERNAL ; a101  ; -    ; -                                                        ;
; SUPPRESS_DA_RULE_INTERNAL ; s102  ; -    ; -                                                        ;
; SUPPRESS_DA_RULE_INTERNAL ; s103  ; -    ; -                                                        ;
+---------------------------+-------+------+----------------------------------------------------------+


+-----------------------------------------------------------------------------------------------------+
; Source assignments for CACHE:inst1|LINE:inst42|lpm_counter0:inst3|lpm_counter:lpm_counter_component ;
+---------------------------+-------+------+----------------------------------------------------------+
; Assignment                ; Value ; From ; To                                                       ;
+---------------------------+-------+------+----------------------------------------------------------+
; SUPPRESS_DA_RULE_INTERNAL ; a101  ; -    ; -                                                        ;
; SUPPRESS_DA_RULE_INTERNAL ; s102  ; -    ; -                                                        ;
; SUPPRESS_DA_RULE_INTERNAL ; s103  ; -    ; -                                                        ;
+---------------------------+-------+------+----------------------------------------------------------+


+-----------------------------------------------------------------------------------------------------+
; Source assignments for CACHE:inst1|LINE:inst36|lpm_counter0:inst3|lpm_counter:lpm_counter_component ;
+---------------------------+-------+------+----------------------------------------------------------+
; Assignment                ; Value ; From ; To                                                       ;
+---------------------------+-------+------+----------------------------------------------------------+
; SUPPRESS_DA_RULE_INTERNAL ; a101  ; -    ; -                                                        ;
; SUPPRESS_DA_RULE_INTERNAL ; s102  ; -    ; -                                                        ;
; SUPPRESS_DA_RULE_INTERNAL ; s103  ; -    ; -                                                        ;
+---------------------------+-------+------+----------------------------------------------------------+


+-----------------------------------------------------------------------------------------------------+
; Source assignments for CACHE:inst1|LINE:inst38|lpm_counter0:inst3|lpm_counter:lpm_counter_component ;
+---------------------------+-------+------+----------------------------------------------------------+
; Assignment                ; Value ; From ; To                                                       ;
+---------------------------+-------+------+----------------------------------------------------------+
; SUPPRESS_DA_RULE_INTERNAL ; a101  ; -    ; -                                                        ;
; SUPPRESS_DA_RULE_INTERNAL ; s102  ; -    ; -                                                        ;
; SUPPRESS_DA_RULE_INTERNAL ; s103  ; -    ; -                                                        ;
+---------------------------+-------+------+----------------------------------------------------------+


+-----------------------------------------------------------------------------------------------------+
; Source assignments for CACHE:inst1|LINE:inst40|lpm_counter0:inst3|lpm_counter:lpm_counter_component ;
+---------------------------+-------+------+----------------------------------------------------------+
; Assignment                ; Value ; From ; To                                                       ;
+---------------------------+-------+------+----------------------------------------------------------+
; SUPPRESS_DA_RULE_INTERNAL ; a101  ; -    ; -                                                        ;
; SUPPRESS_DA_RULE_INTERNAL ; s102  ; -    ; -                                                        ;
; SUPPRESS_DA_RULE_INTERNAL ; s103  ; -    ; -                                                        ;
+---------------------------+-------+------+----------------------------------------------------------+


+-----------------------------------------------------------------------------------------------------------------+
; Source assignments for RAM:inst|lpm_ram_dq0:inst|altsyncram:altsyncram_component|altsyncram_etd1:auto_generated ;
+---------------------------------+--------------------+------+---------------------------------------------------+
; Assignment                      ; Value              ; From ; To                                                ;
+---------------------------------+--------------------+------+---------------------------------------------------+
; OPTIMIZE_POWER_DURING_SYNTHESIS ; NORMAL_COMPILATION ; -    ; -                                                 ;
+---------------------------------+--------------------+------+---------------------------------------------------+


+-----------------------------------------------------------------------------------------------------------------------------------+
; Parameter Settings for User Entity Instance: CACHE:inst1|cache_control:inst1|lpm_compare0:inst1|lpm_compare:lpm_compare_component ;
+------------------------+------------+---------------------------------------------------------------------------------------------+
; Parameter Name         ; Value      ; Type                                                                                        ;
+------------------------+------------+---------------------------------------------------------------------------------------------+
; lpm_width              ; 5          ; Untyped                                                                                     ;
; LPM_REPRESENTATION     ; UNSIGNED   ; Untyped                                                                                     ;
; LPM_PIPELINE           ; 0          ; Untyped                                                                                     ;
; CHAIN_SIZE             ; 8          ; Untyped                                                                                     ;
; ONE_INPUT_IS_CONSTANT  ; NO         ; Untyped                                                                                     ;
; CARRY_CHAIN            ; MANUAL     ; Untyped                                                                                     ;
; CASCADE_CHAIN          ; MANUAL     ; Untyped                                                                                     ;
; CARRY_CHAIN_LENGTH     ; 48         ; CARRY_CHAIN_LENGTH                                                                          ;
; CASCADE_CHAIN_LENGTH   ; 2          ; CASCADE_CHAIN_LENGTH                                                                        ;
; DEVICE_FAMILY          ; Stratix II ; Untyped                                                                                     ;
; CBXI_PARAMETER         ; cmpr_cig   ; Untyped                                                                                     ;
; AUTO_CARRY_CHAINS      ; ON         ; AUTO_CARRY                                                                                  ;
; IGNORE_CARRY_BUFFERS   ; OFF        ; IGNORE_CARRY                                                                                ;
; AUTO_CASCADE_CHAINS    ; ON         ; AUTO_CASCADE                                                                                ;
; IGNORE_CASCADE_BUFFERS ; OFF        ; IGNORE_CASCADE                                                                              ;
+------------------------+------------+---------------------------------------------------------------------------------------------+
Note: In order to hide this table in the UI and the text report file, please set the "Show Parameter Settings Tables in Synthesis Report" option in "Analysis and Synthesis Settings -> More Settings" to "Off".


+------------------------------------------------------------------------------------------------------------------------------------+
; Parameter Settings for User Entity Instance: CACHE:inst1|cache_control:inst1|lpm_compare0:inst32|lpm_compare:lpm_compare_component ;
+------------------------+------------+----------------------------------------------------------------------------------------------+
; Parameter Name         ; Value      ; Type                                                                                         ;
+------------------------+------------+----------------------------------------------------------------------------------------------+
; lpm_width              ; 5          ; Untyped                                                                                      ;
; LPM_REPRESENTATION     ; UNSIGNED   ; Untyped                                                                                      ;
; LPM_PIPELINE           ; 0          ; Untyped                                                                                      ;
; CHAIN_SIZE             ; 8          ; Untyped                                                                                      ;
; ONE_INPUT_IS_CONSTANT  ; NO         ; Untyped                                                                                      ;
; CARRY_CHAIN            ; MANUAL     ; Untyped                                                                                      ;
; CASCADE_CHAIN          ; MANUAL     ; Untyped                                                                                      ;
; CARRY_CHAIN_LENGTH     ; 48         ; CARRY_CHAIN_LENGTH                                                                           ;
; CASCADE_CHAIN_LENGTH   ; 2          ; CASCADE_CHAIN_LENGTH                                                                         ;
; DEVICE_FAMILY          ; Stratix II ; Untyped                                                                                      ;
; CBXI_PARAMETER         ; cmpr_cig   ; Untyped                                                                                      ;
; AUTO_CARRY_CHAINS      ; ON         ; AUTO_CARRY                                                                                   ;
; IGNORE_CARRY_BUFFERS   ; OFF        ; IGNORE_CARRY                                                                                 ;
; AUTO_CASCADE_CHAINS    ; ON         ; AUTO_CASCADE                                                                                 ;
; IGNORE_CASCADE_BUFFERS ; OFF        ; IGNORE_CASCADE                                                                               ;
+------------------------+------------+----------------------------------------------------------------------------------------------+
Note: In order to hide this table in the UI and the text report file, please set the "Show Parameter Settings Tables in Synthesis Report" option in "Analysis and Synthesis Settings -> More Settings" to "Off".


+-----------------------------------------------------------------------------------------------------------------------------------+
; Parameter Settings for User Entity Instance: CACHE:inst1|cache_control:inst1|lpm_compare0:inst3|lpm_compare:lpm_compare_component ;
+------------------------+------------+---------------------------------------------------------------------------------------------+
; Parameter Name         ; Value      ; Type                                                                                        ;
+------------------------+------------+---------------------------------------------------------------------------------------------+
; lpm_width              ; 5          ; Untyped                                                                                     ;
; LPM_REPRESENTATION     ; UNSIGNED   ; Untyped                                                                                     ;
; LPM_PIPELINE           ; 0          ; Untyped                                                                                     ;
; CHAIN_SIZE             ; 8          ; Untyped                                                                                     ;
; ONE_INPUT_IS_CONSTANT  ; NO         ; Untyped                                                                                     ;
; CARRY_CHAIN            ; MANUAL     ; Untyped                                                                                     ;
; CASCADE_CHAIN          ; MANUAL     ; Untyped                                                                                     ;
; CARRY_CHAIN_LENGTH     ; 48         ; CARRY_CHAIN_LENGTH                                                                          ;
; CASCADE_CHAIN_LENGTH   ; 2          ; CASCADE_CHAIN_LENGTH                                                                        ;
; DEVICE_FAMILY          ; Stratix II ; Untyped                                                                                     ;
; CBXI_PARAMETER         ; cmpr_cig   ; Untyped                                                                                     ;
; AUTO_CARRY_CHAINS      ; ON         ; AUTO_CARRY                                                                                  ;
; IGNORE_CARRY_BUFFERS   ; OFF        ; IGNORE_CARRY                                                                                ;
; AUTO_CASCADE_CHAINS    ; ON         ; AUTO_CASCADE                                                                                ;
; IGNORE_CASCADE_BUFFERS ; OFF        ; IGNORE_CASCADE                                                                              ;
+------------------------+------------+---------------------------------------------------------------------------------------------+
Note: In order to hide this table in the UI and the text report file, please set the "Show Parameter Settings Tables in Synthesis Report" option in "Analysis and Synthesis Settings -> More Settings" to "Off".


+-----------------------------------------------------------------------------------------------------------------------------------+
; Parameter Settings for User Entity Instance: CACHE:inst1|cache_control:inst1|lpm_compare0:inst5|lpm_compare:lpm_compare_component ;
+------------------------+------------+---------------------------------------------------------------------------------------------+
; Parameter Name         ; Value      ; Type                                                                                        ;
+------------------------+------------+---------------------------------------------------------------------------------------------+
; lpm_width              ; 5          ; Untyped                                                                                     ;
; LPM_REPRESENTATION     ; UNSIGNED   ; Untyped                                                                                     ;
; LPM_PIPELINE           ; 0          ; Untyped                                                                                     ;
; CHAIN_SIZE             ; 8          ; Untyped                                                                                     ;
; ONE_INPUT_IS_CONSTANT  ; NO         ; Untyped                                                                                     ;
; CARRY_CHAIN            ; MANUAL     ; Untyped                                                                                     ;
; CASCADE_CHAIN          ; MANUAL     ; Untyped                                                                                     ;
; CARRY_CHAIN_LENGTH     ; 48         ; CARRY_CHAIN_LENGTH                                                                          ;
; CASCADE_CHAIN_LENGTH   ; 2          ; CASCADE_CHAIN_LENGTH                                                                        ;
; DEVICE_FAMILY          ; Stratix II ; Untyped                                                                                     ;
; CBXI_PARAMETER         ; cmpr_cig   ; Untyped                                                                                     ;
; AUTO_CARRY_CHAINS      ; ON         ; AUTO_CARRY                                                                                  ;
; IGNORE_CARRY_BUFFERS   ; OFF        ; IGNORE_CARRY                                                                                ;
; AUTO_CASCADE_CHAINS    ; ON         ; AUTO_CASCADE                                                                                ;
; IGNORE_CASCADE_BUFFERS ; OFF        ; IGNORE_CASCADE                                                                              ;
+------------------------+------------+---------------------------------------------------------------------------------------------+
Note: In order to hide this table in the UI and the text report file, please set the "Show Parameter Settings Tables in Synthesis Report" option in "Analysis and Synthesis Settings -> More Settings" to "Off".


+------------------------------------------------------------------------------------------------------------------------------------+
; Parameter Settings for User Entity Instance: CACHE:inst1|cache_control:inst1|lpm_compare0:inst12|lpm_compare:lpm_compare_component ;
+------------------------+------------+----------------------------------------------------------------------------------------------+
; Parameter Name         ; Value      ; Type                                                                                         ;
+------------------------+------------+----------------------------------------------------------------------------------------------+
; lpm_width              ; 5          ; Untyped                                                                                      ;
; LPM_REPRESENTATION     ; UNSIGNED   ; Untyped                                                                                      ;
; LPM_PIPELINE           ; 0          ; Untyped                                                                                      ;
; CHAIN_SIZE             ; 8          ; Untyped                                                                                      ;
; ONE_INPUT_IS_CONSTANT  ; NO         ; Untyped                                                                                      ;
; CARRY_CHAIN            ; MANUAL     ; Untyped                                                                                      ;
; CASCADE_CHAIN          ; MANUAL     ; Untyped                                                                                      ;
; CARRY_CHAIN_LENGTH     ; 48         ; CARRY_CHAIN_LENGTH                                                                           ;
; CASCADE_CHAIN_LENGTH   ; 2          ; CASCADE_CHAIN_LENGTH                                                                         ;
; DEVICE_FAMILY          ; Stratix II ; Untyped                                                                                      ;
; CBXI_PARAMETER         ; cmpr_cig   ; Untyped                                                                                      ;
; AUTO_CARRY_CHAINS      ; ON         ; AUTO_CARRY                                                                                   ;
; IGNORE_CARRY_BUFFERS   ; OFF        ; IGNORE_CARRY                                                                                 ;
; AUTO_CASCADE_CHAINS    ; ON         ; AUTO_CASCADE                                                                                 ;
; IGNORE_CASCADE_BUFFERS ; OFF        ; IGNORE_CASCADE                                                                               ;
+------------------------+------------+----------------------------------------------------------------------------------------------+
Note: In order to hide this table in the UI and the text report file, please set the "Show Parameter Settings Tables in Synthesis Report" option in "Analysis and Synthesis Settings -> More Settings" to "Off".


+-----------------------------------------------------------------------------------------------------------------------------------+
; Parameter Settings for User Entity Instance: CACHE:inst1|cache_control:inst1|lpm_compare0:inst7|lpm_compare:lpm_compare_component ;
+------------------------+------------+---------------------------------------------------------------------------------------------+
; Parameter Name         ; Value      ; Type                                                                                        ;
+------------------------+------------+---------------------------------------------------------------------------------------------+
; lpm_width              ; 5          ; Untyped                                                                                     ;
; LPM_REPRESENTATION     ; UNSIGNED   ; Untyped                                                                                     ;
; LPM_PIPELINE           ; 0          ; Untyped                                                                                     ;
; CHAIN_SIZE             ; 8          ; Untyped                                                                                     ;
; ONE_INPUT_IS_CONSTANT  ; NO         ; Untyped                                                                                     ;
; CARRY_CHAIN            ; MANUAL     ; Untyped                                                                                     ;
; CASCADE_CHAIN          ; MANUAL     ; Untyped                                                                                     ;
; CARRY_CHAIN_LENGTH     ; 48         ; CARRY_CHAIN_LENGTH                                                                          ;
; CASCADE_CHAIN_LENGTH   ; 2          ; CASCADE_CHAIN_LENGTH                                                                        ;
; DEVICE_FAMILY          ; Stratix II ; Untyped                                                                                     ;
; CBXI_PARAMETER         ; cmpr_cig   ; Untyped                                                                                     ;
; AUTO_CARRY_CHAINS      ; ON         ; AUTO_CARRY                                                                                  ;
; IGNORE_CARRY_BUFFERS   ; OFF        ; IGNORE_CARRY                                                                                ;
; AUTO_CASCADE_CHAINS    ; ON         ; AUTO_CASCADE                                                                                ;
; IGNORE_CASCADE_BUFFERS ; OFF        ; IGNORE_CASCADE                                                                              ;
+------------------------+------------+---------------------------------------------------------------------------------------------+
Note: In order to hide this table in the UI and the text report file, please set the "Show Parameter Settings Tables in Synthesis Report" option in "Analysis and Synthesis Settings -> More Settings" to "Off".


+------------------------------------------------------------------------------------------------------------------------------------+
; Parameter Settings for User Entity Instance: CACHE:inst1|cache_control:inst1|lpm_compare0:inst34|lpm_compare:lpm_compare_component ;
+------------------------+------------+----------------------------------------------------------------------------------------------+
; Parameter Name         ; Value      ; Type                                                                                         ;
+------------------------+------------+----------------------------------------------------------------------------------------------+
; lpm_width              ; 5          ; Untyped                                                                                      ;
; LPM_REPRESENTATION     ; UNSIGNED   ; Untyped                                                                                      ;
; LPM_PIPELINE           ; 0          ; Untyped                                                                                      ;
; CHAIN_SIZE             ; 8          ; Untyped                                                                                      ;
; ONE_INPUT_IS_CONSTANT  ; NO         ; Untyped                                                                                      ;
; CARRY_CHAIN            ; MANUAL     ; Untyped                                                                                      ;
; CASCADE_CHAIN          ; MANUAL     ; Untyped                                                                                      ;
; CARRY_CHAIN_LENGTH     ; 48         ; CARRY_CHAIN_LENGTH                                                                           ;
; CASCADE_CHAIN_LENGTH   ; 2          ; CASCADE_CHAIN_LENGTH                                                                         ;
; DEVICE_FAMILY          ; Stratix II ; Untyped                                                                                      ;
; CBXI_PARAMETER         ; cmpr_cig   ; Untyped                                                                                      ;
; AUTO_CARRY_CHAINS      ; ON         ; AUTO_CARRY                                                                                   ;
; IGNORE_CARRY_BUFFERS   ; OFF        ; IGNORE_CARRY                                                                                 ;
; AUTO_CASCADE_CHAINS    ; ON         ; AUTO_CASCADE                                                                                 ;
; IGNORE_CASCADE_BUFFERS ; OFF        ; IGNORE_CASCADE                                                                               ;
+------------------------+------------+----------------------------------------------------------------------------------------------+
Note: In order to hide this table in the UI and the text report file, please set the "Show Parameter Settings Tables in Synthesis Report" option in "Analysis and Synthesis Settings -> More Settings" to "Off".


+------------------------------------------------------------------------------------------------------------------------------------+
; Parameter Settings for User Entity Instance: CACHE:inst1|cache_control:inst1|lpm_compare0:inst20|lpm_compare:lpm_compare_component ;
+------------------------+------------+----------------------------------------------------------------------------------------------+
; Parameter Name         ; Value      ; Type                                                                                         ;
+------------------------+------------+----------------------------------------------------------------------------------------------+
; lpm_width              ; 5          ; Untyped                                                                                      ;
; LPM_REPRESENTATION     ; UNSIGNED   ; Untyped                                                                                      ;
; LPM_PIPELINE           ; 0          ; Untyped                                                                                      ;
; CHAIN_SIZE             ; 8          ; Untyped                                                                                      ;
; ONE_INPUT_IS_CONSTANT  ; NO         ; Untyped                                                                                      ;
; CARRY_CHAIN            ; MANUAL     ; Untyped                                                                                      ;
; CASCADE_CHAIN          ; MANUAL     ; Untyped                                                                                      ;
; CARRY_CHAIN_LENGTH     ; 48         ; CARRY_CHAIN_LENGTH                                                                           ;
; CASCADE_CHAIN_LENGTH   ; 2          ; CASCADE_CHAIN_LENGTH                                                                         ;
; DEVICE_FAMILY          ; Stratix II ; Untyped                                                                                      ;
; CBXI_PARAMETER         ; cmpr_cig   ; Untyped                                                                                      ;
; AUTO_CARRY_CHAINS      ; ON         ; AUTO_CARRY                                                                                   ;
; IGNORE_CARRY_BUFFERS   ; OFF        ; IGNORE_CARRY                                                                                 ;
; AUTO_CASCADE_CHAINS    ; ON         ; AUTO_CASCADE                                                                                 ;
; IGNORE_CASCADE_BUFFERS ; OFF        ; IGNORE_CASCADE                                                                               ;
+------------------------+------------+----------------------------------------------------------------------------------------------+
Note: In order to hide this table in the UI and the text report file, please set the "Show Parameter Settings Tables in Synthesis Report" option in "Analysis and Synthesis Settings -> More Settings" to "Off".


+------------------------------------------------------------------------------------------------------------------------------------+
; Parameter Settings for User Entity Instance: CACHE:inst1|cache_control:inst1|lpm_counter1:inst43|lpm_counter:lpm_counter_component ;
+------------------------+-------------+---------------------------------------------------------------------------------------------+
; Parameter Name         ; Value       ; Type                                                                                        ;
+------------------------+-------------+---------------------------------------------------------------------------------------------+
; AUTO_CARRY_CHAINS      ; ON          ; AUTO_CARRY                                                                                  ;
; IGNORE_CARRY_BUFFERS   ; OFF         ; IGNORE_CARRY                                                                                ;
; AUTO_CASCADE_CHAINS    ; ON          ; AUTO_CASCADE                                                                                ;
; IGNORE_CASCADE_BUFFERS ; OFF         ; IGNORE_CASCADE                                                                              ;
; LPM_WIDTH              ; 8           ; Untyped                                                                                     ;
; LPM_DIRECTION          ; UP          ; Untyped                                                                                     ;
; LPM_MODULUS            ; 0           ; Untyped                                                                                     ;
; LPM_AVALUE             ; UNUSED      ; Untyped                                                                                     ;
; LPM_SVALUE             ; UNUSED      ; Untyped                                                                                     ;
; LPM_PORT_UPDOWN        ; PORT_UNUSED ; Untyped                                                                                     ;
; DEVICE_FAMILY          ; Stratix II  ; Untyped                                                                                     ;
; CARRY_CHAIN            ; MANUAL      ; Untyped                                                                                     ;
; CARRY_CHAIN_LENGTH     ; 48          ; CARRY_CHAIN_LENGTH                                                                          ;
; NOT_GATE_PUSH_BACK     ; ON          ; NOT_GATE_PUSH_BACK                                                                          ;
; CARRY_CNT_EN           ; SMART       ; Untyped                                                                                     ;
; LABWIDE_SCLR           ; ON          ; Untyped                                                                                     ;
; USE_NEW_VERSION        ; TRUE        ; Untyped                                                                                     ;
; CBXI_PARAMETER         ; cntr_coi    ; Untyped                                                                                     ;
+------------------------+-------------+---------------------------------------------------------------------------------------------+
Note: In order to hide this table in the UI and the text report file, please set the "Show Parameter Settings Tables in Synthesis Report" option in "Analysis and Synthesis Settings -> More Settings" to "Off".


+---------------------------------------------------------------------------------------------------------------------------------------+
; Parameter Settings for User Entity Instance: CACHE:inst1|cache_control:inst1|lpm_constant0:inst42|lpm_constant:lpm_constant_component ;
+--------------------+------------------+-----------------------------------------------------------------------------------------------+
; Parameter Name     ; Value            ; Type                                                                                          ;
+--------------------+------------------+-----------------------------------------------------------------------------------------------+
; LPM_WIDTH          ; 8                ; Untyped                                                                                       ;
; LPM_CVALUE         ; 0                ; Untyped                                                                                       ;
; ENABLE_RUNTIME_MOD ; NO               ; Untyped                                                                                       ;
; CBXI_PARAMETER     ; lpm_constant_qf6 ; Untyped                                                                                       ;
+--------------------+------------------+-----------------------------------------------------------------------------------------------+
Note: In order to hide this table in the UI and the text report file, please set the "Show Parameter Settings Tables in Synthesis Report" option in "Analysis and Synthesis Settings -> More Settings" to "Off".


+---------------------------------------------------------------------------------------------------------------------------------+
; Parameter Settings for User Entity Instance: CACHE:inst1|cache_control:inst1|lpm_bustri0:inst47|lpm_bustri:lpm_bustri_component ;
+----------------+-------+--------------------------------------------------------------------------------------------------------+
; Parameter Name ; Value ; Type                                                                                                   ;
+----------------+-------+--------------------------------------------------------------------------------------------------------+
; LPM_WIDTH      ; 8     ; Untyped                                                                                                ;
+----------------+-------+--------------------------------------------------------------------------------------------------------+
Note: In order to hide this table in the UI and the text report file, please set the "Show Parameter Settings Tables in Synthesis Report" option in "Analysis and Synthesis Settings -> More Settings" to "Off".


+--------------------------------------------------------------------------------------------------------------------+
; Parameter Settings for User Entity Instance: CACHE:inst1|cache_control:inst1|lpm_dff0:inst|lpm_ff:lpm_ff_component ;
+------------------------+------------+------------------------------------------------------------------------------+
; Parameter Name         ; Value      ; Type                                                                         ;
+------------------------+------------+------------------------------------------------------------------------------+
; LPM_WIDTH              ; 8          ; Untyped                                                                      ;
; LPM_AVALUE             ; UNUSED     ; Untyped                                                                      ;
; LPM_SVALUE             ; UNUSED     ; Untyped                                                                      ;
; LPM_FFTYPE             ; DFF        ; Untyped                                                                      ;
; DEVICE_FAMILY          ; Stratix II ; Untyped                                                                      ;
; CBXI_PARAMETER         ; NOTHING    ; Untyped                                                                      ;
; AUTO_CARRY_CHAINS      ; ON         ; AUTO_CARRY                                                                   ;
; IGNORE_CARRY_BUFFERS   ; OFF        ; IGNORE_CARRY                                                                 ;
; AUTO_CASCADE_CHAINS    ; ON         ; AUTO_CASCADE                                                                 ;
; IGNORE_CASCADE_BUFFERS ; OFF        ; IGNORE_CASCADE                                                               ;
+------------------------+------------+------------------------------------------------------------------------------+
Note: In order to hide this table in the UI and the text report file, please set the "Show Parameter Settings Tables in Synthesis Report" option in "Analysis and Synthesis Settings -> More Settings" to "Off".


+---------------------------------------------------------------------------------------------------------------------------------+
; Parameter Settings for User Entity Instance: CACHE:inst1|cache_control:inst1|lpm_bustri0:inst48|lpm_bustri:lpm_bustri_component ;
+----------------+-------+--------------------------------------------------------------------------------------------------------+
; Parameter Name ; Value ; Type                                                                                                   ;
+----------------+-------+--------------------------------------------------------------------------------------------------------+
; LPM_WIDTH      ; 8     ; Untyped                                                                                                ;
+----------------+-------+--------------------------------------------------------------------------------------------------------+
Note: In order to hide this table in the UI and the text report file, please set the "Show Parameter Settings Tables in Synthesis Report" option in "Analysis and Synthesis Settings -> More Settings" to "Off".


+---------------------------------------------------------------------------------------------------------------------------------+
; Parameter Settings for User Entity Instance: CACHE:inst1|cache_control:inst1|lpm_bustri0:inst44|lpm_bustri:lpm_bustri_component ;
+----------------+-------+--------------------------------------------------------------------------------------------------------+
; Parameter Name ; Value ; Type                                                                                                   ;
+----------------+-------+--------------------------------------------------------------------------------------------------------+
; LPM_WIDTH      ; 8     ; Untyped                                                                                                ;
+----------------+-------+--------------------------------------------------------------------------------------------------------+
Note: In order to hide this table in the UI and the text report file, please set the "Show Parameter Settings Tables in Synthesis Report" option in "Analysis and Synthesis Settings -> More Settings" to "Off".


+------------------------------------------------------------------------------------------------------------------------------------+
; Parameter Settings for User Entity Instance: CACHE:inst1|cache_control:inst1|lpm_add_sub0:inst40|lpm_add_sub:lpm_add_sub_component ;
+------------------------+-------------+---------------------------------------------------------------------------------------------+
; Parameter Name         ; Value       ; Type                                                                                        ;
+------------------------+-------------+---------------------------------------------------------------------------------------------+
; LPM_WIDTH              ; 8           ; Untyped                                                                                     ;
; LPM_REPRESENTATION     ; UNSIGNED    ; Untyped                                                                                     ;
; LPM_DIRECTION          ; ADD         ; Untyped                                                                                     ;
; ONE_INPUT_IS_CONSTANT  ; NO          ; Untyped                                                                                     ;
; LPM_PIPELINE           ; 0           ; Untyped                                                                                     ;
; MAXIMIZE_SPEED         ; 5           ; Untyped                                                                                     ;
; REGISTERED_AT_END      ; 0           ; Untyped                                                                                     ;
; OPTIMIZE_FOR_SPEED     ; 5           ; Untyped                                                                                     ;
; USE_CS_BUFFERS         ; 1           ; Untyped                                                                                     ;
; CARRY_CHAIN            ; MANUAL      ; Untyped                                                                                     ;
; CARRY_CHAIN_LENGTH     ; 48          ; CARRY_CHAIN_LENGTH                                                                          ;
; DEVICE_FAMILY          ; Stratix II  ; Untyped                                                                                     ;
; USE_WYS                ; OFF         ; Untyped                                                                                     ;
; STYLE                  ; FAST        ; Untyped                                                                                     ;
; CBXI_PARAMETER         ; add_sub_elh ; Untyped                                                                                     ;
; AUTO_CARRY_CHAINS      ; ON          ; AUTO_CARRY                                                                                  ;
; IGNORE_CARRY_BUFFERS   ; OFF         ; IGNORE_CARRY                                                                                ;
; AUTO_CASCADE_CHAINS    ; ON          ; AUTO_CASCADE                                                                                ;
; IGNORE_CASCADE_BUFFERS ; OFF         ; IGNORE_CASCADE                                                                              ;
+------------------------+-------------+---------------------------------------------------------------------------------------------+
Note: In order to hide this table in the UI and the text report file, please set the "Show Parameter Settings Tables in Synthesis Report" option in "Analysis and Synthesis Settings -> More Settings" to "Off".


+---------------------------------------------------------------------------------------------------------------------------------+
; Parameter Settings for User Entity Instance: CACHE:inst1|cache_control:inst1|lpm_bustri3:inst15|lpm_bustri:lpm_bustri_component ;
+----------------+-------+--------------------------------------------------------------------------------------------------------+
; Parameter Name ; Value ; Type                                                                                                   ;
+----------------+-------+--------------------------------------------------------------------------------------------------------+
; LPM_WIDTH      ; 8     ; Untyped                                                                                                ;
+----------------+-------+--------------------------------------------------------------------------------------------------------+
Note: In order to hide this table in the UI and the text report file, please set the "Show Parameter Settings Tables in Synthesis Report" option in "Analysis and Synthesis Settings -> More Settings" to "Off".


+---------------------------------------------------------------------------------------------------------------------------------------+
; Parameter Settings for User Entity Instance: CACHE:inst1|cache_control:inst1|lpm_constant1:inst51|lpm_constant:lpm_constant_component ;
+--------------------+------------------+-----------------------------------------------------------------------------------------------+
; Parameter Name     ; Value            ; Type                                                                                          ;
+--------------------+------------------+-----------------------------------------------------------------------------------------------+
; LPM_WIDTH          ; 8                ; Untyped                                                                                       ;
; LPM_CVALUE         ; 1                ; Untyped                                                                                       ;
; ENABLE_RUNTIME_MOD ; NO               ; Untyped                                                                                       ;
; CBXI_PARAMETER     ; lpm_constant_rf6 ; Untyped                                                                                       ;
+--------------------+------------------+-----------------------------------------------------------------------------------------------+
Note: In order to hide this table in the UI and the text report file, please set the "Show Parameter Settings Tables in Synthesis Report" option in "Analysis and Synthesis Settings -> More Settings" to "Off".


+---------------------------------------------------------------------------------------------------------------------------------+
; Parameter Settings for User Entity Instance: CACHE:inst1|cache_control:inst1|lpm_bustri3:inst28|lpm_bustri:lpm_bustri_component ;
+----------------+-------+--------------------------------------------------------------------------------------------------------+
; Parameter Name ; Value ; Type                                                                                                   ;
+----------------+-------+--------------------------------------------------------------------------------------------------------+
; LPM_WIDTH      ; 8     ; Untyped                                                                                                ;
+----------------+-------+--------------------------------------------------------------------------------------------------------+
Note: In order to hide this table in the UI and the text report file, please set the "Show Parameter Settings Tables in Synthesis Report" option in "Analysis and Synthesis Settings -> More Settings" to "Off".


+--------------------------------------------------------------------------------------------------------------------------------------+
; Parameter Settings for User Entity Instance: CACHE:inst1|cache_control:inst1|lpm_constant2:inst9|lpm_constant:lpm_constant_component ;
+--------------------+------------------+----------------------------------------------------------------------------------------------+
; Parameter Name     ; Value            ; Type                                                                                         ;
+--------------------+------------------+----------------------------------------------------------------------------------------------+
; LPM_WIDTH          ; 8                ; Untyped                                                                                      ;
; LPM_CVALUE         ; 2                ; Untyped                                                                                      ;
; ENABLE_RUNTIME_MOD ; NO               ; Untyped                                                                                      ;
; CBXI_PARAMETER     ; lpm_constant_sf6 ; Untyped                                                                                      ;
+--------------------+------------------+----------------------------------------------------------------------------------------------+
Note: In order to hide this table in the UI and the text report file, please set the "Show Parameter Settings Tables in Synthesis Report" option in "Analysis and Synthesis Settings -> More Settings" to "Off".


+---------------------------------------------------------------------------------------------------------------------------------+
; Parameter Settings for User Entity Instance: CACHE:inst1|cache_control:inst1|lpm_bustri3:inst18|lpm_bustri:lpm_bustri_component ;
+----------------+-------+--------------------------------------------------------------------------------------------------------+
; Parameter Name ; Value ; Type                                                                                                   ;
+----------------+-------+--------------------------------------------------------------------------------------------------------+
; LPM_WIDTH      ; 8     ; Untyped                                                                                                ;
+----------------+-------+--------------------------------------------------------------------------------------------------------+
Note: In order to hide this table in the UI and the text report file, please set the "Show Parameter Settings Tables in Synthesis Report" option in "Analysis and Synthesis Settings -> More Settings" to "Off".


+---------------------------------------------------------------------------------------------------------------------------------+
; Parameter Settings for User Entity Instance: CACHE:inst1|cache_control:inst1|lpm_bustri0:inst71|lpm_bustri:lpm_bustri_component ;
+----------------+-------+--------------------------------------------------------------------------------------------------------+
; Parameter Name ; Value ; Type                                                                                                   ;
+----------------+-------+--------------------------------------------------------------------------------------------------------+
; LPM_WIDTH      ; 8     ; Untyped                                                                                                ;
+----------------+-------+--------------------------------------------------------------------------------------------------------+
Note: In order to hide this table in the UI and the text report file, please set the "Show Parameter Settings Tables in Synthesis Report" option in "Analysis and Synthesis Settings -> More Settings" to "Off".


+------------------------------------------------------------------------------------------------------------------------------------+
; Parameter Settings for User Entity Instance: CACHE:inst1|cache_control:inst1|lpm_compare4:inst99|lpm_compare:lpm_compare_component ;
+------------------------+------------+----------------------------------------------------------------------------------------------+
; Parameter Name         ; Value      ; Type                                                                                         ;
+------------------------+------------+----------------------------------------------------------------------------------------------+
; lpm_width              ; 8          ; Untyped                                                                                      ;
; LPM_REPRESENTATION     ; UNSIGNED   ; Untyped                                                                                      ;
; LPM_PIPELINE           ; 0          ; Untyped                                                                                      ;
; CHAIN_SIZE             ; 8          ; Untyped                                                                                      ;
; ONE_INPUT_IS_CONSTANT  ; YES        ; Untyped                                                                                      ;
; CARRY_CHAIN            ; MANUAL     ; Untyped                                                                                      ;
; CASCADE_CHAIN          ; MANUAL     ; Untyped                                                                                      ;
; CARRY_CHAIN_LENGTH     ; 48         ; CARRY_CHAIN_LENGTH                                                                           ;
; CASCADE_CHAIN_LENGTH   ; 2          ; CASCADE_CHAIN_LENGTH                                                                         ;
; DEVICE_FAMILY          ; Stratix II ; Untyped                                                                                      ;
; CBXI_PARAMETER         ; cmpr_o8j   ; Untyped                                                                                      ;
; AUTO_CARRY_CHAINS      ; ON         ; AUTO_CARRY                                                                                   ;
; IGNORE_CARRY_BUFFERS   ; OFF        ; IGNORE_CARRY                                                                                 ;
; AUTO_CASCADE_CHAINS    ; ON         ; AUTO_CASCADE                                                                                 ;
; IGNORE_CASCADE_BUFFERS ; OFF        ; IGNORE_CASCADE                                                                               ;
+------------------------+------------+----------------------------------------------------------------------------------------------+
Note: In order to hide this table in the UI and the text report file, please set the "Show Parameter Settings Tables in Synthesis Report" option in "Analysis and Synthesis Settings -> More Settings" to "Off".


+------------------------------------------------------------------------------------------------------------------------------------+
; Parameter Settings for User Entity Instance: CACHE:inst1|cache_control:inst1|lpm_counter6:inst97|lpm_counter:lpm_counter_component ;
+------------------------+-------------+---------------------------------------------------------------------------------------------+
; Parameter Name         ; Value       ; Type                                                                                        ;
+------------------------+-------------+---------------------------------------------------------------------------------------------+
; AUTO_CARRY_CHAINS      ; ON          ; AUTO_CARRY                                                                                  ;
; IGNORE_CARRY_BUFFERS   ; OFF         ; IGNORE_CARRY                                                                                ;
; AUTO_CASCADE_CHAINS    ; ON          ; AUTO_CASCADE                                                                                ;
; IGNORE_CASCADE_BUFFERS ; OFF         ; IGNORE_CASCADE                                                                              ;
; LPM_WIDTH              ; 8           ; Untyped                                                                                     ;
; LPM_DIRECTION          ; UP          ; Untyped                                                                                     ;
; LPM_MODULUS            ; 0           ; Untyped                                                                                     ;
; LPM_AVALUE             ; UNUSED      ; Untyped                                                                                     ;
; LPM_SVALUE             ; UNUSED      ; Untyped                                                                                     ;
; LPM_PORT_UPDOWN        ; PORT_UNUSED ; Untyped                                                                                     ;
; DEVICE_FAMILY          ; Stratix II  ; Untyped                                                                                     ;
; CARRY_CHAIN            ; MANUAL      ; Untyped                                                                                     ;
; CARRY_CHAIN_LENGTH     ; 48          ; CARRY_CHAIN_LENGTH                                                                          ;
; NOT_GATE_PUSH_BACK     ; ON          ; NOT_GATE_PUSH_BACK                                                                          ;
; CARRY_CNT_EN           ; SMART       ; Untyped                                                                                     ;
; LABWIDE_SCLR           ; ON          ; Untyped                                                                                     ;
; USE_NEW_VERSION        ; TRUE        ; Untyped                                                                                     ;
; CBXI_PARAMETER         ; cntr_ulh    ; Untyped                                                                                     ;
+------------------------+-------------+---------------------------------------------------------------------------------------------+
Note: In order to hide this table in the UI and the text report file, please set the "Show Parameter Settings Tables in Synthesis Report" option in "Analysis and Synthesis Settings -> More Settings" to "Off".


+---------------------------------------------------------------------------------------------------------------------------------+
; Parameter Settings for User Entity Instance: CACHE:inst1|cache_control:inst1|lpm_bustri0:inst73|lpm_bustri:lpm_bustri_component ;
+----------------+-------+--------------------------------------------------------------------------------------------------------+
; Parameter Name ; Value ; Type                                                                                                   ;
+----------------+-------+--------------------------------------------------------------------------------------------------------+
; LPM_WIDTH      ; 8     ; Untyped                                                                                                ;
+----------------+-------+--------------------------------------------------------------------------------------------------------+
Note: In order to hide this table in the UI and the text report file, please set the "Show Parameter Settings Tables in Synthesis Report" option in "Analysis and Synthesis Settings -> More Settings" to "Off".


+------------------------------------------------------------------------------------------------------------------------------------+
; Parameter Settings for User Entity Instance: CACHE:inst1|cache_control:inst1|lpm_compare3:inst95|lpm_compare:lpm_compare_component ;
+------------------------+------------+----------------------------------------------------------------------------------------------+
; Parameter Name         ; Value      ; Type                                                                                         ;
+------------------------+------------+----------------------------------------------------------------------------------------------+
; lpm_width              ; 10         ; Untyped                                                                                      ;
; LPM_REPRESENTATION     ; UNSIGNED   ; Untyped                                                                                      ;
; LPM_PIPELINE           ; 0          ; Untyped                                                                                      ;
; CHAIN_SIZE             ; 8          ; Untyped                                                                                      ;
; ONE_INPUT_IS_CONSTANT  ; NO         ; Untyped                                                                                      ;
; CARRY_CHAIN            ; MANUAL     ; Untyped                                                                                      ;
; CASCADE_CHAIN          ; MANUAL     ; Untyped                                                                                      ;
; CARRY_CHAIN_LENGTH     ; 48         ; CARRY_CHAIN_LENGTH                                                                           ;
; CASCADE_CHAIN_LENGTH   ; 2          ; CASCADE_CHAIN_LENGTH                                                                         ;
; DEVICE_FAMILY          ; Stratix II ; Untyped                                                                                      ;
; CBXI_PARAMETER         ; cmpr_vjg   ; Untyped                                                                                      ;
; AUTO_CARRY_CHAINS      ; ON         ; AUTO_CARRY                                                                                   ;
; IGNORE_CARRY_BUFFERS   ; OFF        ; IGNORE_CARRY                                                                                 ;
; AUTO_CASCADE_CHAINS    ; ON         ; AUTO_CASCADE                                                                                 ;
; IGNORE_CASCADE_BUFFERS ; OFF        ; IGNORE_CASCADE                                                                               ;
+------------------------+------------+----------------------------------------------------------------------------------------------+
Note: In order to hide this table in the UI and the text report file, please set the "Show Parameter Settings Tables in Synthesis Report" option in "Analysis and Synthesis Settings -> More Settings" to "Off".


+------------------------------------------------------------------------------------------------------------------------+
; Parameter Settings for User Entity Instance: CACHE:inst1|cache_control:inst1|lpm_mux2:inst91|lpm_mux:lpm_mux_component ;
+------------------------+------------+----------------------------------------------------------------------------------+
; Parameter Name         ; Value      ; Type                                                                             ;
+------------------------+------------+----------------------------------------------------------------------------------+
; AUTO_CARRY_CHAINS      ; ON         ; AUTO_CARRY                                                                       ;
; IGNORE_CARRY_BUFFERS   ; OFF        ; IGNORE_CARRY                                                                     ;
; AUTO_CASCADE_CHAINS    ; ON         ; AUTO_CASCADE                                                                     ;
; IGNORE_CASCADE_BUFFERS ; OFF        ; IGNORE_CASCADE                                                                   ;
; LPM_WIDTH              ; 10         ; Untyped                                                                          ;
; LPM_SIZE               ; 2          ; Untyped                                                                          ;
; LPM_WIDTHS             ; 1          ; Untyped                                                                          ;
; LPM_PIPELINE           ; 0          ; Untyped                                                                          ;
; CBXI_PARAMETER         ; mux_7pc    ; Untyped                                                                          ;
; DEVICE_FAMILY          ; Stratix II ; Untyped                                                                          ;
+------------------------+------------+----------------------------------------------------------------------------------+
Note: In order to hide this table in the UI and the text report file, please set the "Show Parameter Settings Tables in Synthesis Report" option in "Analysis and Synthesis Settings -> More Settings" to "Off".


+------------------------------------------------------------------------------------------------------------------------------------+
; Parameter Settings for User Entity Instance: CACHE:inst1|cache_control:inst1|lpm_compare3:inst93|lpm_compare:lpm_compare_component ;
+------------------------+------------+----------------------------------------------------------------------------------------------+
; Parameter Name         ; Value      ; Type                                                                                         ;
+------------------------+------------+----------------------------------------------------------------------------------------------+
; lpm_width              ; 10         ; Untyped                                                                                      ;
; LPM_REPRESENTATION     ; UNSIGNED   ; Untyped                                                                                      ;
; LPM_PIPELINE           ; 0          ; Untyped                                                                                      ;
; CHAIN_SIZE             ; 8          ; Untyped                                                                                      ;
; ONE_INPUT_IS_CONSTANT  ; NO         ; Untyped                                                                                      ;
; CARRY_CHAIN            ; MANUAL     ; Untyped                                                                                      ;
; CASCADE_CHAIN          ; MANUAL     ; Untyped                                                                                      ;
; CARRY_CHAIN_LENGTH     ; 48         ; CARRY_CHAIN_LENGTH                                                                           ;
; CASCADE_CHAIN_LENGTH   ; 2          ; CASCADE_CHAIN_LENGTH                                                                         ;
; DEVICE_FAMILY          ; Stratix II ; Untyped                                                                                      ;
; CBXI_PARAMETER         ; cmpr_vjg   ; Untyped                                                                                      ;
; AUTO_CARRY_CHAINS      ; ON         ; AUTO_CARRY                                                                                   ;
; IGNORE_CARRY_BUFFERS   ; OFF        ; IGNORE_CARRY                                                                                 ;
; AUTO_CASCADE_CHAINS    ; ON         ; AUTO_CASCADE                                                                                 ;
; IGNORE_CASCADE_BUFFERS ; OFF        ; IGNORE_CASCADE                                                                               ;
+------------------------+------------+----------------------------------------------------------------------------------------------+
Note: In order to hide this table in the UI and the text report file, please set the "Show Parameter Settings Tables in Synthesis Report" option in "Analysis and Synthesis Settings -> More Settings" to "Off".


+------------------------------------------------------------------------------------------------------------------------+
; Parameter Settings for User Entity Instance: CACHE:inst1|cache_control:inst1|lpm_mux2:inst87|lpm_mux:lpm_mux_component ;
+------------------------+------------+----------------------------------------------------------------------------------+
; Parameter Name         ; Value      ; Type                                                                             ;
+------------------------+------------+----------------------------------------------------------------------------------+
; AUTO_CARRY_CHAINS      ; ON         ; AUTO_CARRY                                                                       ;
; IGNORE_CARRY_BUFFERS   ; OFF        ; IGNORE_CARRY                                                                     ;
; AUTO_CASCADE_CHAINS    ; ON         ; AUTO_CASCADE                                                                     ;
; IGNORE_CASCADE_BUFFERS ; OFF        ; IGNORE_CASCADE                                                                   ;
; LPM_WIDTH              ; 10         ; Untyped                                                                          ;
; LPM_SIZE               ; 2          ; Untyped                                                                          ;
; LPM_WIDTHS             ; 1          ; Untyped                                                                          ;
; LPM_PIPELINE           ; 0          ; Untyped                                                                          ;
; CBXI_PARAMETER         ; mux_7pc    ; Untyped                                                                          ;
; DEVICE_FAMILY          ; Stratix II ; Untyped                                                                          ;
+------------------------+------------+----------------------------------------------------------------------------------+
Note: In order to hide this table in the UI and the text report file, please set the "Show Parameter Settings Tables in Synthesis Report" option in "Analysis and Synthesis Settings -> More Settings" to "Off".


+------------------------------------------------------------------------------------------------------------------------------------+
; Parameter Settings for User Entity Instance: CACHE:inst1|cache_control:inst1|lpm_compare3:inst83|lpm_compare:lpm_compare_component ;
+------------------------+------------+----------------------------------------------------------------------------------------------+
; Parameter Name         ; Value      ; Type                                                                                         ;
+------------------------+------------+----------------------------------------------------------------------------------------------+
; lpm_width              ; 10         ; Untyped                                                                                      ;
; LPM_REPRESENTATION     ; UNSIGNED   ; Untyped                                                                                      ;
; LPM_PIPELINE           ; 0          ; Untyped                                                                                      ;
; CHAIN_SIZE             ; 8          ; Untyped                                                                                      ;
; ONE_INPUT_IS_CONSTANT  ; NO         ; Untyped                                                                                      ;
; CARRY_CHAIN            ; MANUAL     ; Untyped                                                                                      ;
; CASCADE_CHAIN          ; MANUAL     ; Untyped                                                                                      ;
; CARRY_CHAIN_LENGTH     ; 48         ; CARRY_CHAIN_LENGTH                                                                           ;
; CASCADE_CHAIN_LENGTH   ; 2          ; CASCADE_CHAIN_LENGTH                                                                         ;
; DEVICE_FAMILY          ; Stratix II ; Untyped                                                                                      ;
; CBXI_PARAMETER         ; cmpr_vjg   ; Untyped                                                                                      ;
; AUTO_CARRY_CHAINS      ; ON         ; AUTO_CARRY                                                                                   ;
; IGNORE_CARRY_BUFFERS   ; OFF        ; IGNORE_CARRY                                                                                 ;
; AUTO_CASCADE_CHAINS    ; ON         ; AUTO_CASCADE                                                                                 ;
; IGNORE_CASCADE_BUFFERS ; OFF        ; IGNORE_CASCADE                                                                               ;
+------------------------+------------+----------------------------------------------------------------------------------------------+
Note: In order to hide this table in the UI and the text report file, please set the "Show Parameter Settings Tables in Synthesis Report" option in "Analysis and Synthesis Settings -> More Settings" to "Off".


+------------------------------------------------------------------------------------------------------------------------------------+
; Parameter Settings for User Entity Instance: CACHE:inst1|cache_control:inst1|lpm_counter5:inst69|lpm_counter:lpm_counter_component ;
+------------------------+-------------+---------------------------------------------------------------------------------------------+
; Parameter Name         ; Value       ; Type                                                                                        ;
+------------------------+-------------+---------------------------------------------------------------------------------------------+
; AUTO_CARRY_CHAINS      ; ON          ; AUTO_CARRY                                                                                  ;
; IGNORE_CARRY_BUFFERS   ; OFF         ; IGNORE_CARRY                                                                                ;
; AUTO_CASCADE_CHAINS    ; ON          ; AUTO_CASCADE                                                                                ;
; IGNORE_CASCADE_BUFFERS ; OFF         ; IGNORE_CASCADE                                                                              ;
; LPM_WIDTH              ; 10          ; Untyped                                                                                     ;
; LPM_DIRECTION          ; UP          ; Untyped                                                                                     ;
; LPM_MODULUS            ; 0           ; Untyped                                                                                     ;
; LPM_AVALUE             ; UNUSED      ; Untyped                                                                                     ;
; LPM_SVALUE             ; UNUSED      ; Untyped                                                                                     ;
; LPM_PORT_UPDOWN        ; PORT_UNUSED ; Untyped                                                                                     ;
; DEVICE_FAMILY          ; Stratix II  ; Untyped                                                                                     ;
; CARRY_CHAIN            ; MANUAL      ; Untyped                                                                                     ;
; CARRY_CHAIN_LENGTH     ; 48          ; CARRY_CHAIN_LENGTH                                                                          ;
; NOT_GATE_PUSH_BACK     ; ON          ; NOT_GATE_PUSH_BACK                                                                          ;
; CARRY_CNT_EN           ; SMART       ; Untyped                                                                                     ;
; LABWIDE_SCLR           ; ON          ; Untyped                                                                                     ;
; USE_NEW_VERSION        ; TRUE        ; Untyped                                                                                     ;
; CBXI_PARAMETER         ; cntr_95i    ; Untyped                                                                                     ;
+------------------------+-------------+---------------------------------------------------------------------------------------------+
Note: In order to hide this table in the UI and the text report file, please set the "Show Parameter Settings Tables in Synthesis Report" option in "Analysis and Synthesis Settings -> More Settings" to "Off".


+----------------------------------------------------------------------------------------------------------------------------------+
; Parameter Settings for User Entity Instance: CACHE:inst1|cache_control:inst1|lpm_decode2:inst100|lpm_decode:lpm_decode_component ;
+------------------------+------------+--------------------------------------------------------------------------------------------+
; Parameter Name         ; Value      ; Type                                                                                       ;
+------------------------+------------+--------------------------------------------------------------------------------------------+
; LPM_WIDTH              ; 8          ; Untyped                                                                                    ;
; LPM_DECODES            ; 256        ; Untyped                                                                                    ;
; LPM_PIPELINE           ; 0          ; Untyped                                                                                    ;
; CASCADE_CHAIN          ; MANUAL     ; Untyped                                                                                    ;
; DEVICE_FAMILY          ; Stratix II ; Untyped                                                                                    ;
; CBXI_PARAMETER         ; decode_8bf ; Untyped                                                                                    ;
; AUTO_CARRY_CHAINS      ; ON         ; AUTO_CARRY                                                                                 ;
; IGNORE_CARRY_BUFFERS   ; OFF        ; IGNORE_CARRY                                                                               ;
; AUTO_CASCADE_CHAINS    ; ON         ; AUTO_CASCADE                                                                               ;
; IGNORE_CASCADE_BUFFERS ; OFF        ; IGNORE_CASCADE                                                                             ;
+------------------------+------------+--------------------------------------------------------------------------------------------+
Note: In order to hide this table in the UI and the text report file, please set the "Show Parameter Settings Tables in Synthesis Report" option in "Analysis and Synthesis Settings -> More Settings" to "Off".


+------------------------------------------------------------------------------------------------------------------------------------+
; Parameter Settings for User Entity Instance: CACHE:inst1|cache_control:inst1|lpm_counter5:inst81|lpm_counter:lpm_counter_component ;
+------------------------+-------------+---------------------------------------------------------------------------------------------+
; Parameter Name         ; Value       ; Type                                                                                        ;
+------------------------+-------------+---------------------------------------------------------------------------------------------+
; AUTO_CARRY_CHAINS      ; ON          ; AUTO_CARRY                                                                                  ;
; IGNORE_CARRY_BUFFERS   ; OFF         ; IGNORE_CARRY                                                                                ;
; AUTO_CASCADE_CHAINS    ; ON          ; AUTO_CASCADE                                                                                ;
; IGNORE_CASCADE_BUFFERS ; OFF         ; IGNORE_CASCADE                                                                              ;
; LPM_WIDTH              ; 10          ; Untyped                                                                                     ;
; LPM_DIRECTION          ; UP          ; Untyped                                                                                     ;
; LPM_MODULUS            ; 0           ; Untyped                                                                                     ;
; LPM_AVALUE             ; UNUSED      ; Untyped                                                                                     ;
; LPM_SVALUE             ; UNUSED      ; Untyped                                                                                     ;
; LPM_PORT_UPDOWN        ; PORT_UNUSED ; Untyped                                                                                     ;
; DEVICE_FAMILY          ; Stratix II  ; Untyped                                                                                     ;
; CARRY_CHAIN            ; MANUAL      ; Untyped                                                                                     ;
; CARRY_CHAIN_LENGTH     ; 48          ; CARRY_CHAIN_LENGTH                                                                          ;
; NOT_GATE_PUSH_BACK     ; ON          ; NOT_GATE_PUSH_BACK                                                                          ;
; CARRY_CNT_EN           ; SMART       ; Untyped                                                                                     ;
; LABWIDE_SCLR           ; ON          ; Untyped                                                                                     ;
; USE_NEW_VERSION        ; TRUE        ; Untyped                                                                                     ;
; CBXI_PARAMETER         ; cntr_95i    ; Untyped                                                                                     ;
+------------------------+-------------+---------------------------------------------------------------------------------------------+
Note: In order to hide this table in the UI and the text report file, please set the "Show Parameter Settings Tables in Synthesis Report" option in "Analysis and Synthesis Settings -> More Settings" to "Off".


+------------------------------------------------------------------------------------------------------------------------+
; Parameter Settings for User Entity Instance: CACHE:inst1|cache_control:inst1|lpm_mux2:inst88|lpm_mux:lpm_mux_component ;
+------------------------+------------+----------------------------------------------------------------------------------+
; Parameter Name         ; Value      ; Type                                                                             ;
+------------------------+------------+----------------------------------------------------------------------------------+
; AUTO_CARRY_CHAINS      ; ON         ; AUTO_CARRY                                                                       ;
; IGNORE_CARRY_BUFFERS   ; OFF        ; IGNORE_CARRY                                                                     ;
; AUTO_CASCADE_CHAINS    ; ON         ; AUTO_CASCADE                                                                     ;
; IGNORE_CASCADE_BUFFERS ; OFF        ; IGNORE_CASCADE                                                                   ;
; LPM_WIDTH              ; 10         ; Untyped                                                                          ;
; LPM_SIZE               ; 2          ; Untyped                                                                          ;
; LPM_WIDTHS             ; 1          ; Untyped                                                                          ;
; LPM_PIPELINE           ; 0          ; Untyped                                                                          ;
; CBXI_PARAMETER         ; mux_7pc    ; Untyped                                                                          ;
; DEVICE_FAMILY          ; Stratix II ; Untyped                                                                          ;
+------------------------+------------+----------------------------------------------------------------------------------+
Note: In order to hide this table in the UI and the text report file, please set the "Show Parameter Settings Tables in Synthesis Report" option in "Analysis and Synthesis Settings -> More Settings" to "Off".


+------------------------------------------------------------------------------------------------------------------------------------+
; Parameter Settings for User Entity Instance: CACHE:inst1|cache_control:inst1|lpm_compare3:inst84|lpm_compare:lpm_compare_component ;
+------------------------+------------+----------------------------------------------------------------------------------------------+
; Parameter Name         ; Value      ; Type                                                                                         ;
+------------------------+------------+----------------------------------------------------------------------------------------------+
; lpm_width              ; 10         ; Untyped                                                                                      ;
; LPM_REPRESENTATION     ; UNSIGNED   ; Untyped                                                                                      ;
; LPM_PIPELINE           ; 0          ; Untyped                                                                                      ;
; CHAIN_SIZE             ; 8          ; Untyped                                                                                      ;
; ONE_INPUT_IS_CONSTANT  ; NO         ; Untyped                                                                                      ;
; CARRY_CHAIN            ; MANUAL     ; Untyped                                                                                      ;
; CASCADE_CHAIN          ; MANUAL     ; Untyped                                                                                      ;
; CARRY_CHAIN_LENGTH     ; 48         ; CARRY_CHAIN_LENGTH                                                                           ;
; CASCADE_CHAIN_LENGTH   ; 2          ; CASCADE_CHAIN_LENGTH                                                                         ;
; DEVICE_FAMILY          ; Stratix II ; Untyped                                                                                      ;
; CBXI_PARAMETER         ; cmpr_vjg   ; Untyped                                                                                      ;
; AUTO_CARRY_CHAINS      ; ON         ; AUTO_CARRY                                                                                   ;
; IGNORE_CARRY_BUFFERS   ; OFF        ; IGNORE_CARRY                                                                                 ;
; AUTO_CASCADE_CHAINS    ; ON         ; AUTO_CASCADE                                                                                 ;
; IGNORE_CASCADE_BUFFERS ; OFF        ; IGNORE_CASCADE                                                                               ;
+------------------------+------------+----------------------------------------------------------------------------------------------+
Note: In order to hide this table in the UI and the text report file, please set the "Show Parameter Settings Tables in Synthesis Report" option in "Analysis and Synthesis Settings -> More Settings" to "Off".


+------------------------------------------------------------------------------------------------------------------------------------+
; Parameter Settings for User Entity Instance: CACHE:inst1|cache_control:inst1|lpm_counter5:inst80|lpm_counter:lpm_counter_component ;
+------------------------+-------------+---------------------------------------------------------------------------------------------+
; Parameter Name         ; Value       ; Type                                                                                        ;
+------------------------+-------------+---------------------------------------------------------------------------------------------+
; AUTO_CARRY_CHAINS      ; ON          ; AUTO_CARRY                                                                                  ;
; IGNORE_CARRY_BUFFERS   ; OFF         ; IGNORE_CARRY                                                                                ;
; AUTO_CASCADE_CHAINS    ; ON          ; AUTO_CASCADE                                                                                ;
; IGNORE_CASCADE_BUFFERS ; OFF         ; IGNORE_CASCADE                                                                              ;
; LPM_WIDTH              ; 10          ; Untyped                                                                                     ;
; LPM_DIRECTION          ; UP          ; Untyped                                                                                     ;
; LPM_MODULUS            ; 0           ; Untyped                                                                                     ;
; LPM_AVALUE             ; UNUSED      ; Untyped                                                                                     ;
; LPM_SVALUE             ; UNUSED      ; Untyped                                                                                     ;
; LPM_PORT_UPDOWN        ; PORT_UNUSED ; Untyped                                                                                     ;
; DEVICE_FAMILY          ; Stratix II  ; Untyped                                                                                     ;
; CARRY_CHAIN            ; MANUAL      ; Untyped                                                                                     ;
; CARRY_CHAIN_LENGTH     ; 48          ; CARRY_CHAIN_LENGTH                                                                          ;
; NOT_GATE_PUSH_BACK     ; ON          ; NOT_GATE_PUSH_BACK                                                                          ;
; CARRY_CNT_EN           ; SMART       ; Untyped                                                                                     ;
; LABWIDE_SCLR           ; ON          ; Untyped                                                                                     ;
; USE_NEW_VERSION        ; TRUE        ; Untyped                                                                                     ;
; CBXI_PARAMETER         ; cntr_95i    ; Untyped                                                                                     ;
+------------------------+-------------+---------------------------------------------------------------------------------------------+
Note: In order to hide this table in the UI and the text report file, please set the "Show Parameter Settings Tables in Synthesis Report" option in "Analysis and Synthesis Settings -> More Settings" to "Off".


+------------------------------------------------------------------------------------------------------------------------------------+
; Parameter Settings for User Entity Instance: CACHE:inst1|cache_control:inst1|lpm_counter5:inst79|lpm_counter:lpm_counter_component ;
+------------------------+-------------+---------------------------------------------------------------------------------------------+
; Parameter Name         ; Value       ; Type                                                                                        ;
+------------------------+-------------+---------------------------------------------------------------------------------------------+
; AUTO_CARRY_CHAINS      ; ON          ; AUTO_CARRY                                                                                  ;
; IGNORE_CARRY_BUFFERS   ; OFF         ; IGNORE_CARRY                                                                                ;
; AUTO_CASCADE_CHAINS    ; ON          ; AUTO_CASCADE                                                                                ;
; IGNORE_CASCADE_BUFFERS ; OFF         ; IGNORE_CASCADE                                                                              ;
; LPM_WIDTH              ; 10          ; Untyped                                                                                     ;
; LPM_DIRECTION          ; UP          ; Untyped                                                                                     ;
; LPM_MODULUS            ; 0           ; Untyped                                                                                     ;
; LPM_AVALUE             ; UNUSED      ; Untyped                                                                                     ;
; LPM_SVALUE             ; UNUSED      ; Untyped                                                                                     ;
; LPM_PORT_UPDOWN        ; PORT_UNUSED ; Untyped                                                                                     ;
; DEVICE_FAMILY          ; Stratix II  ; Untyped                                                                                     ;
; CARRY_CHAIN            ; MANUAL      ; Untyped                                                                                     ;
; CARRY_CHAIN_LENGTH     ; 48          ; CARRY_CHAIN_LENGTH                                                                          ;
; NOT_GATE_PUSH_BACK     ; ON          ; NOT_GATE_PUSH_BACK                                                                          ;
; CARRY_CNT_EN           ; SMART       ; Untyped                                                                                     ;
; LABWIDE_SCLR           ; ON          ; Untyped                                                                                     ;
; USE_NEW_VERSION        ; TRUE        ; Untyped                                                                                     ;
; CBXI_PARAMETER         ; cntr_95i    ; Untyped                                                                                     ;
+------------------------+-------------+---------------------------------------------------------------------------------------------+
Note: In order to hide this table in the UI and the text report file, please set the "Show Parameter Settings Tables in Synthesis Report" option in "Analysis and Synthesis Settings -> More Settings" to "Off".


+------------------------------------------------------------------------------------------------------------------------+
; Parameter Settings for User Entity Instance: CACHE:inst1|cache_control:inst1|lpm_mux2:inst92|lpm_mux:lpm_mux_component ;
+------------------------+------------+----------------------------------------------------------------------------------+
; Parameter Name         ; Value      ; Type                                                                             ;
+------------------------+------------+----------------------------------------------------------------------------------+
; AUTO_CARRY_CHAINS      ; ON         ; AUTO_CARRY                                                                       ;
; IGNORE_CARRY_BUFFERS   ; OFF        ; IGNORE_CARRY                                                                     ;
; AUTO_CASCADE_CHAINS    ; ON         ; AUTO_CASCADE                                                                     ;
; IGNORE_CASCADE_BUFFERS ; OFF        ; IGNORE_CASCADE                                                                   ;
; LPM_WIDTH              ; 10         ; Untyped                                                                          ;
; LPM_SIZE               ; 2          ; Untyped                                                                          ;
; LPM_WIDTHS             ; 1          ; Untyped                                                                          ;
; LPM_PIPELINE           ; 0          ; Untyped                                                                          ;
; CBXI_PARAMETER         ; mux_7pc    ; Untyped                                                                          ;
; DEVICE_FAMILY          ; Stratix II ; Untyped                                                                          ;
+------------------------+------------+----------------------------------------------------------------------------------+
Note: In order to hide this table in the UI and the text report file, please set the "Show Parameter Settings Tables in Synthesis Report" option in "Analysis and Synthesis Settings -> More Settings" to "Off".


+------------------------------------------------------------------------------------------------------------------------------------+
; Parameter Settings for User Entity Instance: CACHE:inst1|cache_control:inst1|lpm_compare3:inst94|lpm_compare:lpm_compare_component ;
+------------------------+------------+----------------------------------------------------------------------------------------------+
; Parameter Name         ; Value      ; Type                                                                                         ;
+------------------------+------------+----------------------------------------------------------------------------------------------+
; lpm_width              ; 10         ; Untyped                                                                                      ;
; LPM_REPRESENTATION     ; UNSIGNED   ; Untyped                                                                                      ;
; LPM_PIPELINE           ; 0          ; Untyped                                                                                      ;
; CHAIN_SIZE             ; 8          ; Untyped                                                                                      ;
; ONE_INPUT_IS_CONSTANT  ; NO         ; Untyped                                                                                      ;
; CARRY_CHAIN            ; MANUAL     ; Untyped                                                                                      ;
; CASCADE_CHAIN          ; MANUAL     ; Untyped                                                                                      ;
; CARRY_CHAIN_LENGTH     ; 48         ; CARRY_CHAIN_LENGTH                                                                           ;
; CASCADE_CHAIN_LENGTH   ; 2          ; CASCADE_CHAIN_LENGTH                                                                         ;
; DEVICE_FAMILY          ; Stratix II ; Untyped                                                                                      ;
; CBXI_PARAMETER         ; cmpr_vjg   ; Untyped                                                                                      ;
; AUTO_CARRY_CHAINS      ; ON         ; AUTO_CARRY                                                                                   ;
; IGNORE_CARRY_BUFFERS   ; OFF        ; IGNORE_CARRY                                                                                 ;
; AUTO_CASCADE_CHAINS    ; ON         ; AUTO_CASCADE                                                                                 ;
; IGNORE_CASCADE_BUFFERS ; OFF        ; IGNORE_CASCADE                                                                               ;
+------------------------+------------+----------------------------------------------------------------------------------------------+
Note: In order to hide this table in the UI and the text report file, please set the "Show Parameter Settings Tables in Synthesis Report" option in "Analysis and Synthesis Settings -> More Settings" to "Off".


+------------------------------------------------------------------------------------------------------------------------+
; Parameter Settings for User Entity Instance: CACHE:inst1|cache_control:inst1|lpm_mux2:inst89|lpm_mux:lpm_mux_component ;
+------------------------+------------+----------------------------------------------------------------------------------+
; Parameter Name         ; Value      ; Type                                                                             ;
+------------------------+------------+----------------------------------------------------------------------------------+
; AUTO_CARRY_CHAINS      ; ON         ; AUTO_CARRY                                                                       ;
; IGNORE_CARRY_BUFFERS   ; OFF        ; IGNORE_CARRY                                                                     ;
; AUTO_CASCADE_CHAINS    ; ON         ; AUTO_CASCADE                                                                     ;
; IGNORE_CASCADE_BUFFERS ; OFF        ; IGNORE_CASCADE                                                                   ;
; LPM_WIDTH              ; 10         ; Untyped                                                                          ;
; LPM_SIZE               ; 2          ; Untyped                                                                          ;
; LPM_WIDTHS             ; 1          ; Untyped                                                                          ;
; LPM_PIPELINE           ; 0          ; Untyped                                                                          ;
; CBXI_PARAMETER         ; mux_7pc    ; Untyped                                                                          ;
; DEVICE_FAMILY          ; Stratix II ; Untyped                                                                          ;
+------------------------+------------+----------------------------------------------------------------------------------+
Note: In order to hide this table in the UI and the text report file, please set the "Show Parameter Settings Tables in Synthesis Report" option in "Analysis and Synthesis Settings -> More Settings" to "Off".


+------------------------------------------------------------------------------------------------------------------------------------+
; Parameter Settings for User Entity Instance: CACHE:inst1|cache_control:inst1|lpm_compare3:inst85|lpm_compare:lpm_compare_component ;
+------------------------+------------+----------------------------------------------------------------------------------------------+
; Parameter Name         ; Value      ; Type                                                                                         ;
+------------------------+------------+----------------------------------------------------------------------------------------------+
; lpm_width              ; 10         ; Untyped                                                                                      ;
; LPM_REPRESENTATION     ; UNSIGNED   ; Untyped                                                                                      ;
; LPM_PIPELINE           ; 0          ; Untyped                                                                                      ;
; CHAIN_SIZE             ; 8          ; Untyped                                                                                      ;
; ONE_INPUT_IS_CONSTANT  ; NO         ; Untyped                                                                                      ;
; CARRY_CHAIN            ; MANUAL     ; Untyped                                                                                      ;
; CASCADE_CHAIN          ; MANUAL     ; Untyped                                                                                      ;
; CARRY_CHAIN_LENGTH     ; 48         ; CARRY_CHAIN_LENGTH                                                                           ;
; CASCADE_CHAIN_LENGTH   ; 2          ; CASCADE_CHAIN_LENGTH                                                                         ;
; DEVICE_FAMILY          ; Stratix II ; Untyped                                                                                      ;
; CBXI_PARAMETER         ; cmpr_vjg   ; Untyped                                                                                      ;
; AUTO_CARRY_CHAINS      ; ON         ; AUTO_CARRY                                                                                   ;
; IGNORE_CARRY_BUFFERS   ; OFF        ; IGNORE_CARRY                                                                                 ;
; AUTO_CASCADE_CHAINS    ; ON         ; AUTO_CASCADE                                                                                 ;
; IGNORE_CASCADE_BUFFERS ; OFF        ; IGNORE_CASCADE                                                                               ;
+------------------------+------------+----------------------------------------------------------------------------------------------+
Note: In order to hide this table in the UI and the text report file, please set the "Show Parameter Settings Tables in Synthesis Report" option in "Analysis and Synthesis Settings -> More Settings" to "Off".


+------------------------------------------------------------------------------------------------------------------------------------+
; Parameter Settings for User Entity Instance: CACHE:inst1|cache_control:inst1|lpm_counter5:inst78|lpm_counter:lpm_counter_component ;
+------------------------+-------------+---------------------------------------------------------------------------------------------+
; Parameter Name         ; Value       ; Type                                                                                        ;
+------------------------+-------------+---------------------------------------------------------------------------------------------+
; AUTO_CARRY_CHAINS      ; ON          ; AUTO_CARRY                                                                                  ;
; IGNORE_CARRY_BUFFERS   ; OFF         ; IGNORE_CARRY                                                                                ;
; AUTO_CASCADE_CHAINS    ; ON          ; AUTO_CASCADE                                                                                ;
; IGNORE_CASCADE_BUFFERS ; OFF         ; IGNORE_CASCADE                                                                              ;
; LPM_WIDTH              ; 10          ; Untyped                                                                                     ;
; LPM_DIRECTION          ; UP          ; Untyped                                                                                     ;
; LPM_MODULUS            ; 0           ; Untyped                                                                                     ;
; LPM_AVALUE             ; UNUSED      ; Untyped                                                                                     ;
; LPM_SVALUE             ; UNUSED      ; Untyped                                                                                     ;
; LPM_PORT_UPDOWN        ; PORT_UNUSED ; Untyped                                                                                     ;
; DEVICE_FAMILY          ; Stratix II  ; Untyped                                                                                     ;
; CARRY_CHAIN            ; MANUAL      ; Untyped                                                                                     ;
; CARRY_CHAIN_LENGTH     ; 48          ; CARRY_CHAIN_LENGTH                                                                          ;
; NOT_GATE_PUSH_BACK     ; ON          ; NOT_GATE_PUSH_BACK                                                                          ;
; CARRY_CNT_EN           ; SMART       ; Untyped                                                                                     ;
; LABWIDE_SCLR           ; ON          ; Untyped                                                                                     ;
; USE_NEW_VERSION        ; TRUE        ; Untyped                                                                                     ;
; CBXI_PARAMETER         ; cntr_95i    ; Untyped                                                                                     ;
+------------------------+-------------+---------------------------------------------------------------------------------------------+
Note: In order to hide this table in the UI and the text report file, please set the "Show Parameter Settings Tables in Synthesis Report" option in "Analysis and Synthesis Settings -> More Settings" to "Off".


+------------------------------------------------------------------------------------------------------------------------------------+
; Parameter Settings for User Entity Instance: CACHE:inst1|cache_control:inst1|lpm_counter5:inst77|lpm_counter:lpm_counter_component ;
+------------------------+-------------+---------------------------------------------------------------------------------------------+
; Parameter Name         ; Value       ; Type                                                                                        ;
+------------------------+-------------+---------------------------------------------------------------------------------------------+
; AUTO_CARRY_CHAINS      ; ON          ; AUTO_CARRY                                                                                  ;
; IGNORE_CARRY_BUFFERS   ; OFF         ; IGNORE_CARRY                                                                                ;
; AUTO_CASCADE_CHAINS    ; ON          ; AUTO_CASCADE                                                                                ;
; IGNORE_CASCADE_BUFFERS ; OFF         ; IGNORE_CASCADE                                                                              ;
; LPM_WIDTH              ; 10          ; Untyped                                                                                     ;
; LPM_DIRECTION          ; UP          ; Untyped                                                                                     ;
; LPM_MODULUS            ; 0           ; Untyped                                                                                     ;
; LPM_AVALUE             ; UNUSED      ; Untyped                                                                                     ;
; LPM_SVALUE             ; UNUSED      ; Untyped                                                                                     ;
; LPM_PORT_UPDOWN        ; PORT_UNUSED ; Untyped                                                                                     ;
; DEVICE_FAMILY          ; Stratix II  ; Untyped                                                                                     ;
; CARRY_CHAIN            ; MANUAL      ; Untyped                                                                                     ;
; CARRY_CHAIN_LENGTH     ; 48          ; CARRY_CHAIN_LENGTH                                                                          ;
; NOT_GATE_PUSH_BACK     ; ON          ; NOT_GATE_PUSH_BACK                                                                          ;
; CARRY_CNT_EN           ; SMART       ; Untyped                                                                                     ;
; LABWIDE_SCLR           ; ON          ; Untyped                                                                                     ;
; USE_NEW_VERSION        ; TRUE        ; Untyped                                                                                     ;
; CBXI_PARAMETER         ; cntr_95i    ; Untyped                                                                                     ;
+------------------------+-------------+---------------------------------------------------------------------------------------------+
Note: In order to hide this table in the UI and the text report file, please set the "Show Parameter Settings Tables in Synthesis Report" option in "Analysis and Synthesis Settings -> More Settings" to "Off".


+------------------------------------------------------------------------------------------------------------------------+
; Parameter Settings for User Entity Instance: CACHE:inst1|cache_control:inst1|lpm_mux2:inst90|lpm_mux:lpm_mux_component ;
+------------------------+------------+----------------------------------------------------------------------------------+
; Parameter Name         ; Value      ; Type                                                                             ;
+------------------------+------------+----------------------------------------------------------------------------------+
; AUTO_CARRY_CHAINS      ; ON         ; AUTO_CARRY                                                                       ;
; IGNORE_CARRY_BUFFERS   ; OFF        ; IGNORE_CARRY                                                                     ;
; AUTO_CASCADE_CHAINS    ; ON         ; AUTO_CASCADE                                                                     ;
; IGNORE_CASCADE_BUFFERS ; OFF        ; IGNORE_CASCADE                                                                   ;
; LPM_WIDTH              ; 10         ; Untyped                                                                          ;
; LPM_SIZE               ; 2          ; Untyped                                                                          ;
; LPM_WIDTHS             ; 1          ; Untyped                                                                          ;
; LPM_PIPELINE           ; 0          ; Untyped                                                                          ;
; CBXI_PARAMETER         ; mux_7pc    ; Untyped                                                                          ;
; DEVICE_FAMILY          ; Stratix II ; Untyped                                                                          ;
+------------------------+------------+----------------------------------------------------------------------------------+
Note: In order to hide this table in the UI and the text report file, please set the "Show Parameter Settings Tables in Synthesis Report" option in "Analysis and Synthesis Settings -> More Settings" to "Off".


+------------------------------------------------------------------------------------------------------------------------------------+
; Parameter Settings for User Entity Instance: CACHE:inst1|cache_control:inst1|lpm_compare3:inst86|lpm_compare:lpm_compare_component ;
+------------------------+------------+----------------------------------------------------------------------------------------------+
; Parameter Name         ; Value      ; Type                                                                                         ;
+------------------------+------------+----------------------------------------------------------------------------------------------+
; lpm_width              ; 10         ; Untyped                                                                                      ;
; LPM_REPRESENTATION     ; UNSIGNED   ; Untyped                                                                                      ;
; LPM_PIPELINE           ; 0          ; Untyped                                                                                      ;
; CHAIN_SIZE             ; 8          ; Untyped                                                                                      ;
; ONE_INPUT_IS_CONSTANT  ; NO         ; Untyped                                                                                      ;
; CARRY_CHAIN            ; MANUAL     ; Untyped                                                                                      ;
; CASCADE_CHAIN          ; MANUAL     ; Untyped                                                                                      ;
; CARRY_CHAIN_LENGTH     ; 48         ; CARRY_CHAIN_LENGTH                                                                           ;
; CASCADE_CHAIN_LENGTH   ; 2          ; CASCADE_CHAIN_LENGTH                                                                         ;
; DEVICE_FAMILY          ; Stratix II ; Untyped                                                                                      ;
; CBXI_PARAMETER         ; cmpr_vjg   ; Untyped                                                                                      ;
; AUTO_CARRY_CHAINS      ; ON         ; AUTO_CARRY                                                                                   ;
; IGNORE_CARRY_BUFFERS   ; OFF        ; IGNORE_CARRY                                                                                 ;
; AUTO_CASCADE_CHAINS    ; ON         ; AUTO_CASCADE                                                                                 ;
; IGNORE_CASCADE_BUFFERS ; OFF        ; IGNORE_CASCADE                                                                               ;
+------------------------+------------+----------------------------------------------------------------------------------------------+
Note: In order to hide this table in the UI and the text report file, please set the "Show Parameter Settings Tables in Synthesis Report" option in "Analysis and Synthesis Settings -> More Settings" to "Off".


+------------------------------------------------------------------------------------------------------------------------------------+
; Parameter Settings for User Entity Instance: CACHE:inst1|cache_control:inst1|lpm_counter5:inst76|lpm_counter:lpm_counter_component ;
+------------------------+-------------+---------------------------------------------------------------------------------------------+
; Parameter Name         ; Value       ; Type                                                                                        ;
+------------------------+-------------+---------------------------------------------------------------------------------------------+
; AUTO_CARRY_CHAINS      ; ON          ; AUTO_CARRY                                                                                  ;
; IGNORE_CARRY_BUFFERS   ; OFF         ; IGNORE_CARRY                                                                                ;
; AUTO_CASCADE_CHAINS    ; ON          ; AUTO_CASCADE                                                                                ;
; IGNORE_CASCADE_BUFFERS ; OFF         ; IGNORE_CASCADE                                                                              ;
; LPM_WIDTH              ; 10          ; Untyped                                                                                     ;
; LPM_DIRECTION          ; UP          ; Untyped                                                                                     ;
; LPM_MODULUS            ; 0           ; Untyped                                                                                     ;
; LPM_AVALUE             ; UNUSED      ; Untyped                                                                                     ;
; LPM_SVALUE             ; UNUSED      ; Untyped                                                                                     ;
; LPM_PORT_UPDOWN        ; PORT_UNUSED ; Untyped                                                                                     ;
; DEVICE_FAMILY          ; Stratix II  ; Untyped                                                                                     ;
; CARRY_CHAIN            ; MANUAL      ; Untyped                                                                                     ;
; CARRY_CHAIN_LENGTH     ; 48          ; CARRY_CHAIN_LENGTH                                                                          ;
; NOT_GATE_PUSH_BACK     ; ON          ; NOT_GATE_PUSH_BACK                                                                          ;
; CARRY_CNT_EN           ; SMART       ; Untyped                                                                                     ;
; LABWIDE_SCLR           ; ON          ; Untyped                                                                                     ;
; USE_NEW_VERSION        ; TRUE        ; Untyped                                                                                     ;
; CBXI_PARAMETER         ; cntr_95i    ; Untyped                                                                                     ;
+------------------------+-------------+---------------------------------------------------------------------------------------------+
Note: In order to hide this table in the UI and the text report file, please set the "Show Parameter Settings Tables in Synthesis Report" option in "Analysis and Synthesis Settings -> More Settings" to "Off".


+------------------------------------------------------------------------------------------------------------------------------------+
; Parameter Settings for User Entity Instance: CACHE:inst1|cache_control:inst1|lpm_counter5:inst75|lpm_counter:lpm_counter_component ;
+------------------------+-------------+---------------------------------------------------------------------------------------------+
; Parameter Name         ; Value       ; Type                                                                                        ;
+------------------------+-------------+---------------------------------------------------------------------------------------------+
; AUTO_CARRY_CHAINS      ; ON          ; AUTO_CARRY                                                                                  ;
; IGNORE_CARRY_BUFFERS   ; OFF         ; IGNORE_CARRY                                                                                ;
; AUTO_CASCADE_CHAINS    ; ON          ; AUTO_CASCADE                                                                                ;
; IGNORE_CASCADE_BUFFERS ; OFF         ; IGNORE_CASCADE                                                                              ;
; LPM_WIDTH              ; 10          ; Untyped                                                                                     ;
; LPM_DIRECTION          ; UP          ; Untyped                                                                                     ;
; LPM_MODULUS            ; 0           ; Untyped                                                                                     ;
; LPM_AVALUE             ; UNUSED      ; Untyped                                                                                     ;
; LPM_SVALUE             ; UNUSED      ; Untyped                                                                                     ;
; LPM_PORT_UPDOWN        ; PORT_UNUSED ; Untyped                                                                                     ;
; DEVICE_FAMILY          ; Stratix II  ; Untyped                                                                                     ;
; CARRY_CHAIN            ; MANUAL      ; Untyped                                                                                     ;
; CARRY_CHAIN_LENGTH     ; 48          ; CARRY_CHAIN_LENGTH                                                                          ;
; NOT_GATE_PUSH_BACK     ; ON          ; NOT_GATE_PUSH_BACK                                                                          ;
; CARRY_CNT_EN           ; SMART       ; Untyped                                                                                     ;
; LABWIDE_SCLR           ; ON          ; Untyped                                                                                     ;
; USE_NEW_VERSION        ; TRUE        ; Untyped                                                                                     ;
; CBXI_PARAMETER         ; cntr_95i    ; Untyped                                                                                     ;
+------------------------+-------------+---------------------------------------------------------------------------------------------+
Note: In order to hide this table in the UI and the text report file, please set the "Show Parameter Settings Tables in Synthesis Report" option in "Analysis and Synthesis Settings -> More Settings" to "Off".


+---------------------------------------------------------------------------------------------------------------------------------+
; Parameter Settings for User Entity Instance: CACHE:inst1|cache_control:inst1|lpm_bustri3:inst13|lpm_bustri:lpm_bustri_component ;
+----------------+-------+--------------------------------------------------------------------------------------------------------+
; Parameter Name ; Value ; Type                                                                                                   ;
+----------------+-------+--------------------------------------------------------------------------------------------------------+
; LPM_WIDTH      ; 8     ; Untyped                                                                                                ;
+----------------+-------+--------------------------------------------------------------------------------------------------------+
Note: In order to hide this table in the UI and the text report file, please set the "Show Parameter Settings Tables in Synthesis Report" option in "Analysis and Synthesis Settings -> More Settings" to "Off".


+---------------------------------------------------------------------------------------------------------------------------------+
; Parameter Settings for User Entity Instance: CACHE:inst1|cache_control:inst1|lpm_bustri3:inst14|lpm_bustri:lpm_bustri_component ;
+----------------+-------+--------------------------------------------------------------------------------------------------------+
; Parameter Name ; Value ; Type                                                                                                   ;
+----------------+-------+--------------------------------------------------------------------------------------------------------+
; LPM_WIDTH      ; 8     ; Untyped                                                                                                ;
+----------------+-------+--------------------------------------------------------------------------------------------------------+
Note: In order to hide this table in the UI and the text report file, please set the "Show Parameter Settings Tables in Synthesis Report" option in "Analysis and Synthesis Settings -> More Settings" to "Off".


+----------------------------------------------------------------------------------------------------------------------+
; Parameter Settings for User Entity Instance: CACHE:inst1|cache_control:inst1|lpm_dff3:inst70|lpm_ff:lpm_ff_component ;
+------------------------+------------+--------------------------------------------------------------------------------+
; Parameter Name         ; Value      ; Type                                                                           ;
+------------------------+------------+--------------------------------------------------------------------------------+
; LPM_WIDTH              ; 8          ; Untyped                                                                        ;
; LPM_AVALUE             ; UNUSED     ; Untyped                                                                        ;
; LPM_SVALUE             ; UNUSED     ; Untyped                                                                        ;
; LPM_FFTYPE             ; DFF        ; Untyped                                                                        ;
; DEVICE_FAMILY          ; Stratix II ; Untyped                                                                        ;
; CBXI_PARAMETER         ; NOTHING    ; Untyped                                                                        ;
; AUTO_CARRY_CHAINS      ; ON         ; AUTO_CARRY                                                                     ;
; IGNORE_CARRY_BUFFERS   ; OFF        ; IGNORE_CARRY                                                                   ;
; AUTO_CASCADE_CHAINS    ; ON         ; AUTO_CASCADE                                                                   ;
; IGNORE_CASCADE_BUFFERS ; OFF        ; IGNORE_CASCADE                                                                 ;
+------------------------+------------+--------------------------------------------------------------------------------+
Note: In order to hide this table in the UI and the text report file, please set the "Show Parameter Settings Tables in Synthesis Report" option in "Analysis and Synthesis Settings -> More Settings" to "Off".


+------------------------------------------------------------------------------------------------------------------------+
; Parameter Settings for User Entity Instance: CACHE:inst1|LINE:inst26|lpm_decode1:inst4|lpm_decode:lpm_decode_component ;
+------------------------+------------+----------------------------------------------------------------------------------+
; Parameter Name         ; Value      ; Type                                                                             ;
+------------------------+------------+----------------------------------------------------------------------------------+
; LPM_WIDTH              ; 8          ; Untyped                                                                          ;
; LPM_DECODES            ; 256        ; Untyped                                                                          ;
; LPM_PIPELINE           ; 0          ; Untyped                                                                          ;
; CASCADE_CHAIN          ; MANUAL     ; Untyped                                                                          ;
; DEVICE_FAMILY          ; Stratix II ; Untyped                                                                          ;
; CBXI_PARAMETER         ; decode_8bf ; Untyped                                                                          ;
; AUTO_CARRY_CHAINS      ; ON         ; AUTO_CARRY                                                                       ;
; IGNORE_CARRY_BUFFERS   ; OFF        ; IGNORE_CARRY                                                                     ;
; AUTO_CASCADE_CHAINS    ; ON         ; AUTO_CASCADE                                                                     ;
; IGNORE_CASCADE_BUFFERS ; OFF        ; IGNORE_CASCADE                                                                   ;
+------------------------+------------+----------------------------------------------------------------------------------+
Note: In order to hide this table in the UI and the text report file, please set the "Show Parameter Settings Tables in Synthesis Report" option in "Analysis and Synthesis Settings -> More Settings" to "Off".


+---------------------------------------------------------------------------------------------------------------------------+
; Parameter Settings for User Entity Instance: CACHE:inst1|LINE:inst26|lpm_counter0:inst3|lpm_counter:lpm_counter_component ;
+------------------------+-------------+------------------------------------------------------------------------------------+
; Parameter Name         ; Value       ; Type                                                                               ;
+------------------------+-------------+------------------------------------------------------------------------------------+
; AUTO_CARRY_CHAINS      ; ON          ; AUTO_CARRY                                                                         ;
; IGNORE_CARRY_BUFFERS   ; OFF         ; IGNORE_CARRY                                                                       ;
; AUTO_CASCADE_CHAINS    ; ON          ; AUTO_CASCADE                                                                       ;
; IGNORE_CASCADE_BUFFERS ; OFF         ; IGNORE_CASCADE                                                                     ;
; LPM_WIDTH              ; 8           ; Untyped                                                                            ;
; LPM_DIRECTION          ; UP          ; Untyped                                                                            ;
; LPM_MODULUS            ; 0           ; Untyped                                                                            ;
; LPM_AVALUE             ; UNUSED      ; Untyped                                                                            ;
; LPM_SVALUE             ; UNUSED      ; Untyped                                                                            ;
; LPM_PORT_UPDOWN        ; PORT_UNUSED ; Untyped                                                                            ;
; DEVICE_FAMILY          ; Stratix II  ; Untyped                                                                            ;
; CARRY_CHAIN            ; MANUAL      ; Untyped                                                                            ;
; CARRY_CHAIN_LENGTH     ; 48          ; CARRY_CHAIN_LENGTH                                                                 ;
; NOT_GATE_PUSH_BACK     ; ON          ; NOT_GATE_PUSH_BACK                                                                 ;
; CARRY_CNT_EN           ; SMART       ; Untyped                                                                            ;
; LABWIDE_SCLR           ; ON          ; Untyped                                                                            ;
; USE_NEW_VERSION        ; TRUE        ; Untyped                                                                            ;
; CBXI_PARAMETER         ; cntr_coi    ; Untyped                                                                            ;
+------------------------+-------------+------------------------------------------------------------------------------------+
Note: In order to hide this table in the UI and the text report file, please set the "Show Parameter Settings Tables in Synthesis Report" option in "Analysis and Synthesis Settings -> More Settings" to "Off".


+-------------------------------------------------------------------------------------------------------------+
; Parameter Settings for User Entity Instance: CACHE:inst1|LINE:inst26|lpm_dff2:inst8|lpm_ff:lpm_ff_component ;
+------------------------+------------+-----------------------------------------------------------------------+
; Parameter Name         ; Value      ; Type                                                                  ;
+------------------------+------------+-----------------------------------------------------------------------+
; LPM_WIDTH              ; 7          ; Untyped                                                               ;
; LPM_AVALUE             ; UNUSED     ; Untyped                                                               ;
; LPM_SVALUE             ; UNUSED     ; Untyped                                                               ;
; LPM_FFTYPE             ; DFF        ; Untyped                                                               ;
; DEVICE_FAMILY          ; Stratix II ; Untyped                                                               ;
; CBXI_PARAMETER         ; NOTHING    ; Untyped                                                               ;
; AUTO_CARRY_CHAINS      ; ON         ; AUTO_CARRY                                                            ;
; IGNORE_CARRY_BUFFERS   ; OFF        ; IGNORE_CARRY                                                          ;
; AUTO_CASCADE_CHAINS    ; ON         ; AUTO_CASCADE                                                          ;
; IGNORE_CASCADE_BUFFERS ; OFF        ; IGNORE_CASCADE                                                        ;
+------------------------+------------+-----------------------------------------------------------------------+
Note: In order to hide this table in the UI and the text report file, please set the "Show Parameter Settings Tables in Synthesis Report" option in "Analysis and Synthesis Settings -> More Settings" to "Off".


+------------------------------------------------------------------------------------------------------------------------+
; Parameter Settings for User Entity Instance: CACHE:inst1|LINE:inst26|lpm_decode3:inst2|lpm_decode:lpm_decode_component ;
+------------------------+------------+----------------------------------------------------------------------------------+
; Parameter Name         ; Value      ; Type                                                                             ;
+------------------------+------------+----------------------------------------------------------------------------------+
; LPM_WIDTH              ; 3          ; Untyped                                                                          ;
; LPM_DECODES            ; 8          ; Untyped                                                                          ;
; LPM_PIPELINE           ; 0          ; Untyped                                                                          ;
; CASCADE_CHAIN          ; MANUAL     ; Untyped                                                                          ;
; DEVICE_FAMILY          ; Stratix II ; Untyped                                                                          ;
; CBXI_PARAMETER         ; decode_5sf ; Untyped                                                                          ;
; AUTO_CARRY_CHAINS      ; ON         ; AUTO_CARRY                                                                       ;
; IGNORE_CARRY_BUFFERS   ; OFF        ; IGNORE_CARRY                                                                     ;
; AUTO_CASCADE_CHAINS    ; ON         ; AUTO_CASCADE                                                                     ;
; IGNORE_CASCADE_BUFFERS ; OFF        ; IGNORE_CASCADE                                                                   ;
+------------------------+------------+----------------------------------------------------------------------------------+
Note: In order to hide this table in the UI and the text report file, please set the "Show Parameter Settings Tables in Synthesis Report" option in "Analysis and Synthesis Settings -> More Settings" to "Off".


+-------------------------------------------------------------------------------------------------------------+
; Parameter Settings for User Entity Instance: CACHE:inst1|LINE:inst26|lpm_dff2:inst9|lpm_ff:lpm_ff_component ;
+------------------------+------------+-----------------------------------------------------------------------+
; Parameter Name         ; Value      ; Type                                                                  ;
+------------------------+------------+-----------------------------------------------------------------------+
; LPM_WIDTH              ; 7          ; Untyped                                                               ;
; LPM_AVALUE             ; UNUSED     ; Untyped                                                               ;
; LPM_SVALUE             ; UNUSED     ; Untyped                                                               ;
; LPM_FFTYPE             ; DFF        ; Untyped                                                               ;
; DEVICE_FAMILY          ; Stratix II ; Untyped                                                               ;
; CBXI_PARAMETER         ; NOTHING    ; Untyped                                                               ;
; AUTO_CARRY_CHAINS      ; ON         ; AUTO_CARRY                                                            ;
; IGNORE_CARRY_BUFFERS   ; OFF        ; IGNORE_CARRY                                                          ;
; AUTO_CASCADE_CHAINS    ; ON         ; AUTO_CASCADE                                                          ;
; IGNORE_CASCADE_BUFFERS ; OFF        ; IGNORE_CASCADE                                                        ;
+------------------------+------------+-----------------------------------------------------------------------+
Note: In order to hide this table in the UI and the text report file, please set the "Show Parameter Settings Tables in Synthesis Report" option in "Analysis and Synthesis Settings -> More Settings" to "Off".


+--------------------------------------------------------------------------------------------------------------+
; Parameter Settings for User Entity Instance: CACHE:inst1|LINE:inst26|lpm_dff2:inst10|lpm_ff:lpm_ff_component ;
+------------------------+------------+------------------------------------------------------------------------+
; Parameter Name         ; Value      ; Type                                                                   ;
+------------------------+------------+------------------------------------------------------------------------+
; LPM_WIDTH              ; 7          ; Untyped                                                                ;
; LPM_AVALUE             ; UNUSED     ; Untyped                                                                ;
; LPM_SVALUE             ; UNUSED     ; Untyped                                                                ;
; LPM_FFTYPE             ; DFF        ; Untyped                                                                ;
; DEVICE_FAMILY          ; Stratix II ; Untyped                                                                ;
; CBXI_PARAMETER         ; NOTHING    ; Untyped                                                                ;
; AUTO_CARRY_CHAINS      ; ON         ; AUTO_CARRY                                                             ;
; IGNORE_CARRY_BUFFERS   ; OFF        ; IGNORE_CARRY                                                           ;
; AUTO_CASCADE_CHAINS    ; ON         ; AUTO_CASCADE                                                           ;
; IGNORE_CASCADE_BUFFERS ; OFF        ; IGNORE_CASCADE                                                         ;
+------------------------+------------+------------------------------------------------------------------------+
Note: In order to hide this table in the UI and the text report file, please set the "Show Parameter Settings Tables in Synthesis Report" option in "Analysis and Synthesis Settings -> More Settings" to "Off".


+--------------------------------------------------------------------------------------------------------------+
; Parameter Settings for User Entity Instance: CACHE:inst1|LINE:inst26|lpm_dff2:inst11|lpm_ff:lpm_ff_component ;
+------------------------+------------+------------------------------------------------------------------------+
; Parameter Name         ; Value      ; Type                                                                   ;
+------------------------+------------+------------------------------------------------------------------------+
; LPM_WIDTH              ; 7          ; Untyped                                                                ;
; LPM_AVALUE             ; UNUSED     ; Untyped                                                                ;
; LPM_SVALUE             ; UNUSED     ; Untyped                                                                ;
; LPM_FFTYPE             ; DFF        ; Untyped                                                                ;
; DEVICE_FAMILY          ; Stratix II ; Untyped                                                                ;
; CBXI_PARAMETER         ; NOTHING    ; Untyped                                                                ;
; AUTO_CARRY_CHAINS      ; ON         ; AUTO_CARRY                                                             ;
; IGNORE_CARRY_BUFFERS   ; OFF        ; IGNORE_CARRY                                                           ;
; AUTO_CASCADE_CHAINS    ; ON         ; AUTO_CASCADE                                                           ;
; IGNORE_CASCADE_BUFFERS ; OFF        ; IGNORE_CASCADE                                                         ;
+------------------------+------------+------------------------------------------------------------------------+
Note: In order to hide this table in the UI and the text report file, please set the "Show Parameter Settings Tables in Synthesis Report" option in "Analysis and Synthesis Settings -> More Settings" to "Off".


+--------------------------------------------------------------------------------------------------------------+
; Parameter Settings for User Entity Instance: CACHE:inst1|LINE:inst26|lpm_dff2:inst15|lpm_ff:lpm_ff_component ;
+------------------------+------------+------------------------------------------------------------------------+
; Parameter Name         ; Value      ; Type                                                                   ;
+------------------------+------------+------------------------------------------------------------------------+
; LPM_WIDTH              ; 7          ; Untyped                                                                ;
; LPM_AVALUE             ; UNUSED     ; Untyped                                                                ;
; LPM_SVALUE             ; UNUSED     ; Untyped                                                                ;
; LPM_FFTYPE             ; DFF        ; Untyped                                                                ;
; DEVICE_FAMILY          ; Stratix II ; Untyped                                                                ;
; CBXI_PARAMETER         ; NOTHING    ; Untyped                                                                ;
; AUTO_CARRY_CHAINS      ; ON         ; AUTO_CARRY                                                             ;
; IGNORE_CARRY_BUFFERS   ; OFF        ; IGNORE_CARRY                                                           ;
; AUTO_CASCADE_CHAINS    ; ON         ; AUTO_CASCADE                                                           ;
; IGNORE_CASCADE_BUFFERS ; OFF        ; IGNORE_CASCADE                                                         ;
+------------------------+------------+------------------------------------------------------------------------+
Note: In order to hide this table in the UI and the text report file, please set the "Show Parameter Settings Tables in Synthesis Report" option in "Analysis and Synthesis Settings -> More Settings" to "Off".


+--------------------------------------------------------------------------------------------------------------+
; Parameter Settings for User Entity Instance: CACHE:inst1|LINE:inst26|lpm_dff2:inst12|lpm_ff:lpm_ff_component ;
+------------------------+------------+------------------------------------------------------------------------+
; Parameter Name         ; Value      ; Type                                                                   ;
+------------------------+------------+------------------------------------------------------------------------+
; LPM_WIDTH              ; 7          ; Untyped                                                                ;
; LPM_AVALUE             ; UNUSED     ; Untyped                                                                ;
; LPM_SVALUE             ; UNUSED     ; Untyped                                                                ;
; LPM_FFTYPE             ; DFF        ; Untyped                                                                ;
; DEVICE_FAMILY          ; Stratix II ; Untyped                                                                ;
; CBXI_PARAMETER         ; NOTHING    ; Untyped                                                                ;
; AUTO_CARRY_CHAINS      ; ON         ; AUTO_CARRY                                                             ;
; IGNORE_CARRY_BUFFERS   ; OFF        ; IGNORE_CARRY                                                           ;
; AUTO_CASCADE_CHAINS    ; ON         ; AUTO_CASCADE                                                           ;
; IGNORE_CASCADE_BUFFERS ; OFF        ; IGNORE_CASCADE                                                         ;
+------------------------+------------+------------------------------------------------------------------------+
Note: In order to hide this table in the UI and the text report file, please set the "Show Parameter Settings Tables in Synthesis Report" option in "Analysis and Synthesis Settings -> More Settings" to "Off".


+--------------------------------------------------------------------------------------------------------------+
; Parameter Settings for User Entity Instance: CACHE:inst1|LINE:inst26|lpm_dff2:inst13|lpm_ff:lpm_ff_component ;
+------------------------+------------+------------------------------------------------------------------------+
; Parameter Name         ; Value      ; Type                                                                   ;
+------------------------+------------+------------------------------------------------------------------------+
; LPM_WIDTH              ; 7          ; Untyped                                                                ;
; LPM_AVALUE             ; UNUSED     ; Untyped                                                                ;
; LPM_SVALUE             ; UNUSED     ; Untyped                                                                ;
; LPM_FFTYPE             ; DFF        ; Untyped                                                                ;
; DEVICE_FAMILY          ; Stratix II ; Untyped                                                                ;
; CBXI_PARAMETER         ; NOTHING    ; Untyped                                                                ;
; AUTO_CARRY_CHAINS      ; ON         ; AUTO_CARRY                                                             ;
; IGNORE_CARRY_BUFFERS   ; OFF        ; IGNORE_CARRY                                                           ;
; AUTO_CASCADE_CHAINS    ; ON         ; AUTO_CASCADE                                                           ;
; IGNORE_CASCADE_BUFFERS ; OFF        ; IGNORE_CASCADE                                                         ;
+------------------------+------------+------------------------------------------------------------------------+
Note: In order to hide this table in the UI and the text report file, please set the "Show Parameter Settings Tables in Synthesis Report" option in "Analysis and Synthesis Settings -> More Settings" to "Off".


+--------------------------------------------------------------------------------------------------------------+
; Parameter Settings for User Entity Instance: CACHE:inst1|LINE:inst26|lpm_dff2:inst14|lpm_ff:lpm_ff_component ;
+------------------------+------------+------------------------------------------------------------------------+
; Parameter Name         ; Value      ; Type                                                                   ;
+------------------------+------------+------------------------------------------------------------------------+
; LPM_WIDTH              ; 7          ; Untyped                                                                ;
; LPM_AVALUE             ; UNUSED     ; Untyped                                                                ;
; LPM_SVALUE             ; UNUSED     ; Untyped                                                                ;
; LPM_FFTYPE             ; DFF        ; Untyped                                                                ;
; DEVICE_FAMILY          ; Stratix II ; Untyped                                                                ;
; CBXI_PARAMETER         ; NOTHING    ; Untyped                                                                ;
; AUTO_CARRY_CHAINS      ; ON         ; AUTO_CARRY                                                             ;
; IGNORE_CARRY_BUFFERS   ; OFF        ; IGNORE_CARRY                                                           ;
; AUTO_CASCADE_CHAINS    ; ON         ; AUTO_CASCADE                                                           ;
; IGNORE_CASCADE_BUFFERS ; OFF        ; IGNORE_CASCADE                                                         ;
+------------------------+------------+------------------------------------------------------------------------+
Note: In order to hide this table in the UI and the text report file, please set the "Show Parameter Settings Tables in Synthesis Report" option in "Analysis and Synthesis Settings -> More Settings" to "Off".


+-------------------------------------------------------------------------------------------------------------------------+
; Parameter Settings for User Entity Instance: CACHE:inst1|LINE:inst26|lpm_bustri1:inst25|lpm_bustri:lpm_bustri_component ;
+----------------+-------+------------------------------------------------------------------------------------------------+
; Parameter Name ; Value ; Type                                                                                           ;
+----------------+-------+------------------------------------------------------------------------------------------------+
; LPM_WIDTH      ; 7     ; Untyped                                                                                        ;
+----------------+-------+------------------------------------------------------------------------------------------------+
Note: In order to hide this table in the UI and the text report file, please set the "Show Parameter Settings Tables in Synthesis Report" option in "Analysis and Synthesis Settings -> More Settings" to "Off".


+----------------------------------------------------------------------------------------------------------------+
; Parameter Settings for User Entity Instance: CACHE:inst1|LINE:inst26|lpm_mux0:inst24|lpm_mux:lpm_mux_component ;
+------------------------+------------+--------------------------------------------------------------------------+
; Parameter Name         ; Value      ; Type                                                                     ;
+------------------------+------------+--------------------------------------------------------------------------+
; AUTO_CARRY_CHAINS      ; ON         ; AUTO_CARRY                                                               ;
; IGNORE_CARRY_BUFFERS   ; OFF        ; IGNORE_CARRY                                                             ;
; AUTO_CASCADE_CHAINS    ; ON         ; AUTO_CASCADE                                                             ;
; IGNORE_CASCADE_BUFFERS ; OFF        ; IGNORE_CASCADE                                                           ;
; LPM_WIDTH              ; 7          ; Untyped                                                                  ;
; LPM_SIZE               ; 8          ; Untyped                                                                  ;
; LPM_WIDTHS             ; 3          ; Untyped                                                                  ;
; LPM_PIPELINE           ; 0          ; Untyped                                                                  ;
; CBXI_PARAMETER         ; mux_5oc    ; Untyped                                                                  ;
; DEVICE_FAMILY          ; Stratix II ; Untyped                                                                  ;
+------------------------+------------+--------------------------------------------------------------------------+
Note: In order to hide this table in the UI and the text report file, please set the "Show Parameter Settings Tables in Synthesis Report" option in "Analysis and Synthesis Settings -> More Settings" to "Off".


+-------------------------------------------------------------------------------------------------------------+
; Parameter Settings for User Entity Instance: CACHE:inst1|LINE:inst26|lpm_dff1:inst5|lpm_ff:lpm_ff_component ;
+------------------------+------------+-----------------------------------------------------------------------+
; Parameter Name         ; Value      ; Type                                                                  ;
+------------------------+------------+-----------------------------------------------------------------------+
; LPM_WIDTH              ; 5          ; Untyped                                                               ;
; LPM_AVALUE             ; UNUSED     ; Untyped                                                               ;
; LPM_SVALUE             ; UNUSED     ; Untyped                                                               ;
; LPM_FFTYPE             ; DFF        ; Untyped                                                               ;
; DEVICE_FAMILY          ; Stratix II ; Untyped                                                               ;
; CBXI_PARAMETER         ; NOTHING    ; Untyped                                                               ;
; AUTO_CARRY_CHAINS      ; ON         ; AUTO_CARRY                                                            ;
; IGNORE_CARRY_BUFFERS   ; OFF        ; IGNORE_CARRY                                                          ;
; AUTO_CASCADE_CHAINS    ; ON         ; AUTO_CASCADE                                                          ;
; IGNORE_CASCADE_BUFFERS ; OFF        ; IGNORE_CASCADE                                                        ;
+------------------------+------------+-----------------------------------------------------------------------+
Note: In order to hide this table in the UI and the text report file, please set the "Show Parameter Settings Tables in Synthesis Report" option in "Analysis and Synthesis Settings -> More Settings" to "Off".


+-------------------------------------------------------------------------------------------------------------+
; Parameter Settings for User Entity Instance: CACHE:inst1|lpm_decode2:inst34|lpm_decode:lpm_decode_component ;
+------------------------+------------+-----------------------------------------------------------------------+
; Parameter Name         ; Value      ; Type                                                                  ;
+------------------------+------------+-----------------------------------------------------------------------+
; LPM_WIDTH              ; 8          ; Untyped                                                               ;
; LPM_DECODES            ; 256        ; Untyped                                                               ;
; LPM_PIPELINE           ; 0          ; Untyped                                                               ;
; CASCADE_CHAIN          ; MANUAL     ; Untyped                                                               ;
; DEVICE_FAMILY          ; Stratix II ; Untyped                                                               ;
; CBXI_PARAMETER         ; decode_8bf ; Untyped                                                               ;
; AUTO_CARRY_CHAINS      ; ON         ; AUTO_CARRY                                                            ;
; IGNORE_CARRY_BUFFERS   ; OFF        ; IGNORE_CARRY                                                          ;
; AUTO_CASCADE_CHAINS    ; ON         ; AUTO_CASCADE                                                          ;
; IGNORE_CASCADE_BUFFERS ; OFF        ; IGNORE_CASCADE                                                        ;
+------------------------+------------+-----------------------------------------------------------------------+
Note: In order to hide this table in the UI and the text report file, please set the "Show Parameter Settings Tables in Synthesis Report" option in "Analysis and Synthesis Settings -> More Settings" to "Off".


+------------------------------------------------------------------------------------------------------------+
; Parameter Settings for User Entity Instance: CACHE:inst1|lpm_bustri1:inst6|lpm_bustri:lpm_bustri_component ;
+----------------+-------+-----------------------------------------------------------------------------------+
; Parameter Name ; Value ; Type                                                                              ;
+----------------+-------+-----------------------------------------------------------------------------------+
; LPM_WIDTH      ; 7     ; Untyped                                                                           ;
+----------------+-------+-----------------------------------------------------------------------------------+
Note: In order to hide this table in the UI and the text report file, please set the "Show Parameter Settings Tables in Synthesis Report" option in "Analysis and Synthesis Settings -> More Settings" to "Off".


+------------------------------------------------------------------------------------------------------------+
; Parameter Settings for User Entity Instance: CACHE:inst1|lpm_bustri1:inst7|lpm_bustri:lpm_bustri_component ;
+----------------+-------+-----------------------------------------------------------------------------------+
; Parameter Name ; Value ; Type                                                                              ;
+----------------+-------+-----------------------------------------------------------------------------------+
; LPM_WIDTH      ; 7     ; Untyped                                                                           ;
+----------------+-------+-----------------------------------------------------------------------------------+
Note: In order to hide this table in the UI and the text report file, please set the "Show Parameter Settings Tables in Synthesis Report" option in "Analysis and Synthesis Settings -> More Settings" to "Off".


+------------------------------------------------------------------------------------------------------------------------+
; Parameter Settings for User Entity Instance: CACHE:inst1|LINE:inst28|lpm_decode1:inst4|lpm_decode:lpm_decode_component ;
+------------------------+------------+----------------------------------------------------------------------------------+
; Parameter Name         ; Value      ; Type                                                                             ;
+------------------------+------------+----------------------------------------------------------------------------------+
; LPM_WIDTH              ; 8          ; Untyped                                                                          ;
; LPM_DECODES            ; 256        ; Untyped                                                                          ;
; LPM_PIPELINE           ; 0          ; Untyped                                                                          ;
; CASCADE_CHAIN          ; MANUAL     ; Untyped                                                                          ;
; DEVICE_FAMILY          ; Stratix II ; Untyped                                                                          ;
; CBXI_PARAMETER         ; decode_8bf ; Untyped                                                                          ;
; AUTO_CARRY_CHAINS      ; ON         ; AUTO_CARRY                                                                       ;
; IGNORE_CARRY_BUFFERS   ; OFF        ; IGNORE_CARRY                                                                     ;
; AUTO_CASCADE_CHAINS    ; ON         ; AUTO_CASCADE                                                                     ;
; IGNORE_CASCADE_BUFFERS ; OFF        ; IGNORE_CASCADE                                                                   ;
+------------------------+------------+----------------------------------------------------------------------------------+
Note: In order to hide this table in the UI and the text report file, please set the "Show Parameter Settings Tables in Synthesis Report" option in "Analysis and Synthesis Settings -> More Settings" to "Off".


+---------------------------------------------------------------------------------------------------------------------------+
; Parameter Settings for User Entity Instance: CACHE:inst1|LINE:inst28|lpm_counter0:inst3|lpm_counter:lpm_counter_component ;
+------------------------+-------------+------------------------------------------------------------------------------------+
; Parameter Name         ; Value       ; Type                                                                               ;
+------------------------+-------------+------------------------------------------------------------------------------------+
; AUTO_CARRY_CHAINS      ; ON          ; AUTO_CARRY                                                                         ;
; IGNORE_CARRY_BUFFERS   ; OFF         ; IGNORE_CARRY                                                                       ;
; AUTO_CASCADE_CHAINS    ; ON          ; AUTO_CASCADE                                                                       ;
; IGNORE_CASCADE_BUFFERS ; OFF         ; IGNORE_CASCADE                                                                     ;
; LPM_WIDTH              ; 8           ; Untyped                                                                            ;
; LPM_DIRECTION          ; UP          ; Untyped                                                                            ;
; LPM_MODULUS            ; 0           ; Untyped                                                                            ;
; LPM_AVALUE             ; UNUSED      ; Untyped                                                                            ;
; LPM_SVALUE             ; UNUSED      ; Untyped                                                                            ;
; LPM_PORT_UPDOWN        ; PORT_UNUSED ; Untyped                                                                            ;
; DEVICE_FAMILY          ; Stratix II  ; Untyped                                                                            ;
; CARRY_CHAIN            ; MANUAL      ; Untyped                                                                            ;
; CARRY_CHAIN_LENGTH     ; 48          ; CARRY_CHAIN_LENGTH                                                                 ;
; NOT_GATE_PUSH_BACK     ; ON          ; NOT_GATE_PUSH_BACK                                                                 ;
; CARRY_CNT_EN           ; SMART       ; Untyped                                                                            ;
; LABWIDE_SCLR           ; ON          ; Untyped                                                                            ;
; USE_NEW_VERSION        ; TRUE        ; Untyped                                                                            ;
; CBXI_PARAMETER         ; cntr_coi    ; Untyped                                                                            ;
+------------------------+-------------+------------------------------------------------------------------------------------+
Note: In order to hide this table in the UI and the text report file, please set the "Show Parameter Settings Tables in Synthesis Report" option in "Analysis and Synthesis Settings -> More Settings" to "Off".


+-------------------------------------------------------------------------------------------------------------+
; Parameter Settings for User Entity Instance: CACHE:inst1|LINE:inst28|lpm_dff2:inst8|lpm_ff:lpm_ff_component ;
+------------------------+------------+-----------------------------------------------------------------------+
; Parameter Name         ; Value      ; Type                                                                  ;
+------------------------+------------+-----------------------------------------------------------------------+
; LPM_WIDTH              ; 7          ; Untyped                                                               ;
; LPM_AVALUE             ; UNUSED     ; Untyped                                                               ;
; LPM_SVALUE             ; UNUSED     ; Untyped                                                               ;
; LPM_FFTYPE             ; DFF        ; Untyped                                                               ;
; DEVICE_FAMILY          ; Stratix II ; Untyped                                                               ;
; CBXI_PARAMETER         ; NOTHING    ; Untyped                                                               ;
; AUTO_CARRY_CHAINS      ; ON         ; AUTO_CARRY                                                            ;
; IGNORE_CARRY_BUFFERS   ; OFF        ; IGNORE_CARRY                                                          ;
; AUTO_CASCADE_CHAINS    ; ON         ; AUTO_CASCADE                                                          ;
; IGNORE_CASCADE_BUFFERS ; OFF        ; IGNORE_CASCADE                                                        ;
+------------------------+------------+-----------------------------------------------------------------------+
Note: In order to hide this table in the UI and the text report file, please set the "Show Parameter Settings Tables in Synthesis Report" option in "Analysis and Synthesis Settings -> More Settings" to "Off".


+------------------------------------------------------------------------------------------------------------------------+
; Parameter Settings for User Entity Instance: CACHE:inst1|LINE:inst28|lpm_decode3:inst2|lpm_decode:lpm_decode_component ;
+------------------------+------------+----------------------------------------------------------------------------------+
; Parameter Name         ; Value      ; Type                                                                             ;
+------------------------+------------+----------------------------------------------------------------------------------+
; LPM_WIDTH              ; 3          ; Untyped                                                                          ;
; LPM_DECODES            ; 8          ; Untyped                                                                          ;
; LPM_PIPELINE           ; 0          ; Untyped                                                                          ;
; CASCADE_CHAIN          ; MANUAL     ; Untyped                                                                          ;
; DEVICE_FAMILY          ; Stratix II ; Untyped                                                                          ;
; CBXI_PARAMETER         ; decode_5sf ; Untyped                                                                          ;
; AUTO_CARRY_CHAINS      ; ON         ; AUTO_CARRY                                                                       ;
; IGNORE_CARRY_BUFFERS   ; OFF        ; IGNORE_CARRY                                                                     ;
; AUTO_CASCADE_CHAINS    ; ON         ; AUTO_CASCADE                                                                     ;
; IGNORE_CASCADE_BUFFERS ; OFF        ; IGNORE_CASCADE                                                                   ;
+------------------------+------------+----------------------------------------------------------------------------------+
Note: In order to hide this table in the UI and the text report file, please set the "Show Parameter Settings Tables in Synthesis Report" option in "Analysis and Synthesis Settings -> More Settings" to "Off".


+-------------------------------------------------------------------------------------------------------------+
; Parameter Settings for User Entity Instance: CACHE:inst1|LINE:inst28|lpm_dff2:inst9|lpm_ff:lpm_ff_component ;
+------------------------+------------+-----------------------------------------------------------------------+
; Parameter Name         ; Value      ; Type                                                                  ;
+------------------------+------------+-----------------------------------------------------------------------+
; LPM_WIDTH              ; 7          ; Untyped                                                               ;
; LPM_AVALUE             ; UNUSED     ; Untyped                                                               ;
; LPM_SVALUE             ; UNUSED     ; Untyped                                                               ;
; LPM_FFTYPE             ; DFF        ; Untyped                                                               ;
; DEVICE_FAMILY          ; Stratix II ; Untyped                                                               ;
; CBXI_PARAMETER         ; NOTHING    ; Untyped                                                               ;
; AUTO_CARRY_CHAINS      ; ON         ; AUTO_CARRY                                                            ;
; IGNORE_CARRY_BUFFERS   ; OFF        ; IGNORE_CARRY                                                          ;
; AUTO_CASCADE_CHAINS    ; ON         ; AUTO_CASCADE                                                          ;
; IGNORE_CASCADE_BUFFERS ; OFF        ; IGNORE_CASCADE                                                        ;
+------------------------+------------+-----------------------------------------------------------------------+
Note: In order to hide this table in the UI and the text report file, please set the "Show Parameter Settings Tables in Synthesis Report" option in "Analysis and Synthesis Settings -> More Settings" to "Off".


+--------------------------------------------------------------------------------------------------------------+
; Parameter Settings for User Entity Instance: CACHE:inst1|LINE:inst28|lpm_dff2:inst10|lpm_ff:lpm_ff_component ;
+------------------------+------------+------------------------------------------------------------------------+
; Parameter Name         ; Value      ; Type                                                                   ;
+------------------------+------------+------------------------------------------------------------------------+
; LPM_WIDTH              ; 7          ; Untyped                                                                ;
; LPM_AVALUE             ; UNUSED     ; Untyped                                                                ;
; LPM_SVALUE             ; UNUSED     ; Untyped                                                                ;
; LPM_FFTYPE             ; DFF        ; Untyped                                                                ;
; DEVICE_FAMILY          ; Stratix II ; Untyped                                                                ;
; CBXI_PARAMETER         ; NOTHING    ; Untyped                                                                ;
; AUTO_CARRY_CHAINS      ; ON         ; AUTO_CARRY                                                             ;
; IGNORE_CARRY_BUFFERS   ; OFF        ; IGNORE_CARRY                                                           ;
; AUTO_CASCADE_CHAINS    ; ON         ; AUTO_CASCADE                                                           ;
; IGNORE_CASCADE_BUFFERS ; OFF        ; IGNORE_CASCADE                                                         ;
+------------------------+------------+------------------------------------------------------------------------+
Note: In order to hide this table in the UI and the text report file, please set the "Show Parameter Settings Tables in Synthesis Report" option in "Analysis and Synthesis Settings -> More Settings" to "Off".


+--------------------------------------------------------------------------------------------------------------+
; Parameter Settings for User Entity Instance: CACHE:inst1|LINE:inst28|lpm_dff2:inst11|lpm_ff:lpm_ff_component ;
+------------------------+------------+------------------------------------------------------------------------+
; Parameter Name         ; Value      ; Type                                                                   ;
+------------------------+------------+------------------------------------------------------------------------+
; LPM_WIDTH              ; 7          ; Untyped                                                                ;
; LPM_AVALUE             ; UNUSED     ; Untyped                                                                ;
; LPM_SVALUE             ; UNUSED     ; Untyped                                                                ;
; LPM_FFTYPE             ; DFF        ; Untyped                                                                ;
; DEVICE_FAMILY          ; Stratix II ; Untyped                                                                ;
; CBXI_PARAMETER         ; NOTHING    ; Untyped                                                                ;
; AUTO_CARRY_CHAINS      ; ON         ; AUTO_CARRY                                                             ;
; IGNORE_CARRY_BUFFERS   ; OFF        ; IGNORE_CARRY                                                           ;
; AUTO_CASCADE_CHAINS    ; ON         ; AUTO_CASCADE                                                           ;
; IGNORE_CASCADE_BUFFERS ; OFF        ; IGNORE_CASCADE                                                         ;
+------------------------+------------+------------------------------------------------------------------------+
Note: In order to hide this table in the UI and the text report file, please set the "Show Parameter Settings Tables in Synthesis Report" option in "Analysis and Synthesis Settings -> More Settings" to "Off".


+--------------------------------------------------------------------------------------------------------------+
; Parameter Settings for User Entity Instance: CACHE:inst1|LINE:inst28|lpm_dff2:inst15|lpm_ff:lpm_ff_component ;
+------------------------+------------+------------------------------------------------------------------------+
; Parameter Name         ; Value      ; Type                                                                   ;
+------------------------+------------+------------------------------------------------------------------------+
; LPM_WIDTH              ; 7          ; Untyped                                                                ;
; LPM_AVALUE             ; UNUSED     ; Untyped                                                                ;
; LPM_SVALUE             ; UNUSED     ; Untyped                                                                ;
; LPM_FFTYPE             ; DFF        ; Untyped                                                                ;
; DEVICE_FAMILY          ; Stratix II ; Untyped                                                                ;
; CBXI_PARAMETER         ; NOTHING    ; Untyped                                                                ;
; AUTO_CARRY_CHAINS      ; ON         ; AUTO_CARRY                                                             ;
; IGNORE_CARRY_BUFFERS   ; OFF        ; IGNORE_CARRY                                                           ;
; AUTO_CASCADE_CHAINS    ; ON         ; AUTO_CASCADE                                                           ;
; IGNORE_CASCADE_BUFFERS ; OFF        ; IGNORE_CASCADE                                                         ;
+------------------------+------------+------------------------------------------------------------------------+
Note: In order to hide this table in the UI and the text report file, please set the "Show Parameter Settings Tables in Synthesis Report" option in "Analysis and Synthesis Settings -> More Settings" to "Off".


+--------------------------------------------------------------------------------------------------------------+
; Parameter Settings for User Entity Instance: CACHE:inst1|LINE:inst28|lpm_dff2:inst12|lpm_ff:lpm_ff_component ;
+------------------------+------------+------------------------------------------------------------------------+
; Parameter Name         ; Value      ; Type                                                                   ;
+------------------------+------------+------------------------------------------------------------------------+
; LPM_WIDTH              ; 7          ; Untyped                                                                ;
; LPM_AVALUE             ; UNUSED     ; Untyped                                                                ;
; LPM_SVALUE             ; UNUSED     ; Untyped                                                                ;
; LPM_FFTYPE             ; DFF        ; Untyped                                                                ;
; DEVICE_FAMILY          ; Stratix II ; Untyped                                                                ;
; CBXI_PARAMETER         ; NOTHING    ; Untyped                                                                ;
; AUTO_CARRY_CHAINS      ; ON         ; AUTO_CARRY                                                             ;
; IGNORE_CARRY_BUFFERS   ; OFF        ; IGNORE_CARRY                                                           ;
; AUTO_CASCADE_CHAINS    ; ON         ; AUTO_CASCADE                                                           ;
; IGNORE_CASCADE_BUFFERS ; OFF        ; IGNORE_CASCADE                                                         ;
+------------------------+------------+------------------------------------------------------------------------+
Note: In order to hide this table in the UI and the text report file, please set the "Show Parameter Settings Tables in Synthesis Report" option in "Analysis and Synthesis Settings -> More Settings" to "Off".


+--------------------------------------------------------------------------------------------------------------+
; Parameter Settings for User Entity Instance: CACHE:inst1|LINE:inst28|lpm_dff2:inst13|lpm_ff:lpm_ff_component ;
+------------------------+------------+------------------------------------------------------------------------+
; Parameter Name         ; Value      ; Type                                                                   ;
+------------------------+------------+------------------------------------------------------------------------+
; LPM_WIDTH              ; 7          ; Untyped                                                                ;
; LPM_AVALUE             ; UNUSED     ; Untyped                                                                ;
; LPM_SVALUE             ; UNUSED     ; Untyped                                                                ;
; LPM_FFTYPE             ; DFF        ; Untyped                                                                ;
; DEVICE_FAMILY          ; Stratix II ; Untyped                                                                ;
; CBXI_PARAMETER         ; NOTHING    ; Untyped                                                                ;
; AUTO_CARRY_CHAINS      ; ON         ; AUTO_CARRY                                                             ;
; IGNORE_CARRY_BUFFERS   ; OFF        ; IGNORE_CARRY                                                           ;
; AUTO_CASCADE_CHAINS    ; ON         ; AUTO_CASCADE                                                           ;
; IGNORE_CASCADE_BUFFERS ; OFF        ; IGNORE_CASCADE                                                         ;
+------------------------+------------+------------------------------------------------------------------------+
Note: In order to hide this table in the UI and the text report file, please set the "Show Parameter Settings Tables in Synthesis Report" option in "Analysis and Synthesis Settings -> More Settings" to "Off".


+--------------------------------------------------------------------------------------------------------------+
; Parameter Settings for User Entity Instance: CACHE:inst1|LINE:inst28|lpm_dff2:inst14|lpm_ff:lpm_ff_component ;
+------------------------+------------+------------------------------------------------------------------------+
; Parameter Name         ; Value      ; Type                                                                   ;
+------------------------+------------+------------------------------------------------------------------------+
; LPM_WIDTH              ; 7          ; Untyped                                                                ;
; LPM_AVALUE             ; UNUSED     ; Untyped                                                                ;
; LPM_SVALUE             ; UNUSED     ; Untyped                                                                ;
; LPM_FFTYPE             ; DFF        ; Untyped                                                                ;
; DEVICE_FAMILY          ; Stratix II ; Untyped                                                                ;
; CBXI_PARAMETER         ; NOTHING    ; Untyped                                                                ;
; AUTO_CARRY_CHAINS      ; ON         ; AUTO_CARRY                                                             ;
; IGNORE_CARRY_BUFFERS   ; OFF        ; IGNORE_CARRY                                                           ;
; AUTO_CASCADE_CHAINS    ; ON         ; AUTO_CASCADE                                                           ;
; IGNORE_CASCADE_BUFFERS ; OFF        ; IGNORE_CASCADE                                                         ;
+------------------------+------------+------------------------------------------------------------------------+
Note: In order to hide this table in the UI and the text report file, please set the "Show Parameter Settings Tables in Synthesis Report" option in "Analysis and Synthesis Settings -> More Settings" to "Off".


+-------------------------------------------------------------------------------------------------------------------------+
; Parameter Settings for User Entity Instance: CACHE:inst1|LINE:inst28|lpm_bustri1:inst25|lpm_bustri:lpm_bustri_component ;
+----------------+-------+------------------------------------------------------------------------------------------------+
; Parameter Name ; Value ; Type                                                                                           ;
+----------------+-------+------------------------------------------------------------------------------------------------+
; LPM_WIDTH      ; 7     ; Untyped                                                                                        ;
+----------------+-------+------------------------------------------------------------------------------------------------+
Note: In order to hide this table in the UI and the text report file, please set the "Show Parameter Settings Tables in Synthesis Report" option in "Analysis and Synthesis Settings -> More Settings" to "Off".


+----------------------------------------------------------------------------------------------------------------+
; Parameter Settings for User Entity Instance: CACHE:inst1|LINE:inst28|lpm_mux0:inst24|lpm_mux:lpm_mux_component ;
+------------------------+------------+--------------------------------------------------------------------------+
; Parameter Name         ; Value      ; Type                                                                     ;
+------------------------+------------+--------------------------------------------------------------------------+
; AUTO_CARRY_CHAINS      ; ON         ; AUTO_CARRY                                                               ;
; IGNORE_CARRY_BUFFERS   ; OFF        ; IGNORE_CARRY                                                             ;
; AUTO_CASCADE_CHAINS    ; ON         ; AUTO_CASCADE                                                             ;
; IGNORE_CASCADE_BUFFERS ; OFF        ; IGNORE_CASCADE                                                           ;
; LPM_WIDTH              ; 7          ; Untyped                                                                  ;
; LPM_SIZE               ; 8          ; Untyped                                                                  ;
; LPM_WIDTHS             ; 3          ; Untyped                                                                  ;
; LPM_PIPELINE           ; 0          ; Untyped                                                                  ;
; CBXI_PARAMETER         ; mux_5oc    ; Untyped                                                                  ;
; DEVICE_FAMILY          ; Stratix II ; Untyped                                                                  ;
+------------------------+------------+--------------------------------------------------------------------------+
Note: In order to hide this table in the UI and the text report file, please set the "Show Parameter Settings Tables in Synthesis Report" option in "Analysis and Synthesis Settings -> More Settings" to "Off".


+-------------------------------------------------------------------------------------------------------------+
; Parameter Settings for User Entity Instance: CACHE:inst1|LINE:inst28|lpm_dff1:inst5|lpm_ff:lpm_ff_component ;
+------------------------+------------+-----------------------------------------------------------------------+
; Parameter Name         ; Value      ; Type                                                                  ;
+------------------------+------------+-----------------------------------------------------------------------+
; LPM_WIDTH              ; 5          ; Untyped                                                               ;
; LPM_AVALUE             ; UNUSED     ; Untyped                                                               ;
; LPM_SVALUE             ; UNUSED     ; Untyped                                                               ;
; LPM_FFTYPE             ; DFF        ; Untyped                                                               ;
; DEVICE_FAMILY          ; Stratix II ; Untyped                                                               ;
; CBXI_PARAMETER         ; NOTHING    ; Untyped                                                               ;
; AUTO_CARRY_CHAINS      ; ON         ; AUTO_CARRY                                                            ;
; IGNORE_CARRY_BUFFERS   ; OFF        ; IGNORE_CARRY                                                          ;
; AUTO_CASCADE_CHAINS    ; ON         ; AUTO_CASCADE                                                          ;
; IGNORE_CASCADE_BUFFERS ; OFF        ; IGNORE_CASCADE                                                        ;
+------------------------+------------+-----------------------------------------------------------------------+
Note: In order to hide this table in the UI and the text report file, please set the "Show Parameter Settings Tables in Synthesis Report" option in "Analysis and Synthesis Settings -> More Settings" to "Off".


+------------------------------------------------------------------------------------------------------------------------+
; Parameter Settings for User Entity Instance: CACHE:inst1|LINE:inst30|lpm_decode1:inst4|lpm_decode:lpm_decode_component ;
+------------------------+------------+----------------------------------------------------------------------------------+
; Parameter Name         ; Value      ; Type                                                                             ;
+------------------------+------------+----------------------------------------------------------------------------------+
; LPM_WIDTH              ; 8          ; Untyped                                                                          ;
; LPM_DECODES            ; 256        ; Untyped                                                                          ;
; LPM_PIPELINE           ; 0          ; Untyped                                                                          ;
; CASCADE_CHAIN          ; MANUAL     ; Untyped                                                                          ;
; DEVICE_FAMILY          ; Stratix II ; Untyped                                                                          ;
; CBXI_PARAMETER         ; decode_8bf ; Untyped                                                                          ;
; AUTO_CARRY_CHAINS      ; ON         ; AUTO_CARRY                                                                       ;
; IGNORE_CARRY_BUFFERS   ; OFF        ; IGNORE_CARRY                                                                     ;
; AUTO_CASCADE_CHAINS    ; ON         ; AUTO_CASCADE                                                                     ;
; IGNORE_CASCADE_BUFFERS ; OFF        ; IGNORE_CASCADE                                                                   ;
+------------------------+------------+----------------------------------------------------------------------------------+
Note: In order to hide this table in the UI and the text report file, please set the "Show Parameter Settings Tables in Synthesis Report" option in "Analysis and Synthesis Settings -> More Settings" to "Off".


+---------------------------------------------------------------------------------------------------------------------------+
; Parameter Settings for User Entity Instance: CACHE:inst1|LINE:inst30|lpm_counter0:inst3|lpm_counter:lpm_counter_component ;
+------------------------+-------------+------------------------------------------------------------------------------------+
; Parameter Name         ; Value       ; Type                                                                               ;
+------------------------+-------------+------------------------------------------------------------------------------------+
; AUTO_CARRY_CHAINS      ; ON          ; AUTO_CARRY                                                                         ;
; IGNORE_CARRY_BUFFERS   ; OFF         ; IGNORE_CARRY                                                                       ;
; AUTO_CASCADE_CHAINS    ; ON          ; AUTO_CASCADE                                                                       ;
; IGNORE_CASCADE_BUFFERS ; OFF         ; IGNORE_CASCADE                                                                     ;
; LPM_WIDTH              ; 8           ; Untyped                                                                            ;
; LPM_DIRECTION          ; UP          ; Untyped                                                                            ;
; LPM_MODULUS            ; 0           ; Untyped                                                                            ;
; LPM_AVALUE             ; UNUSED      ; Untyped                                                                            ;
; LPM_SVALUE             ; UNUSED      ; Untyped                                                                            ;
; LPM_PORT_UPDOWN        ; PORT_UNUSED ; Untyped                                                                            ;
; DEVICE_FAMILY          ; Stratix II  ; Untyped                                                                            ;
; CARRY_CHAIN            ; MANUAL      ; Untyped                                                                            ;
; CARRY_CHAIN_LENGTH     ; 48          ; CARRY_CHAIN_LENGTH                                                                 ;
; NOT_GATE_PUSH_BACK     ; ON          ; NOT_GATE_PUSH_BACK                                                                 ;
; CARRY_CNT_EN           ; SMART       ; Untyped                                                                            ;
; LABWIDE_SCLR           ; ON          ; Untyped                                                                            ;
; USE_NEW_VERSION        ; TRUE        ; Untyped                                                                            ;
; CBXI_PARAMETER         ; cntr_coi    ; Untyped                                                                            ;
+------------------------+-------------+------------------------------------------------------------------------------------+
Note: In order to hide this table in the UI and the text report file, please set the "Show Parameter Settings Tables in Synthesis Report" option in "Analysis and Synthesis Settings -> More Settings" to "Off".


+-------------------------------------------------------------------------------------------------------------+
; Parameter Settings for User Entity Instance: CACHE:inst1|LINE:inst30|lpm_dff2:inst8|lpm_ff:lpm_ff_component ;
+------------------------+------------+-----------------------------------------------------------------------+
; Parameter Name         ; Value      ; Type                                                                  ;
+------------------------+------------+-----------------------------------------------------------------------+
; LPM_WIDTH              ; 7          ; Untyped                                                               ;
; LPM_AVALUE             ; UNUSED     ; Untyped                                                               ;
; LPM_SVALUE             ; UNUSED     ; Untyped                                                               ;
; LPM_FFTYPE             ; DFF        ; Untyped                                                               ;
; DEVICE_FAMILY          ; Stratix II ; Untyped                                                               ;
; CBXI_PARAMETER         ; NOTHING    ; Untyped                                                               ;
; AUTO_CARRY_CHAINS      ; ON         ; AUTO_CARRY                                                            ;
; IGNORE_CARRY_BUFFERS   ; OFF        ; IGNORE_CARRY                                                          ;
; AUTO_CASCADE_CHAINS    ; ON         ; AUTO_CASCADE                                                          ;
; IGNORE_CASCADE_BUFFERS ; OFF        ; IGNORE_CASCADE                                                        ;
+------------------------+------------+-----------------------------------------------------------------------+
Note: In order to hide this table in the UI and the text report file, please set the "Show Parameter Settings Tables in Synthesis Report" option in "Analysis and Synthesis Settings -> More Settings" to "Off".


+------------------------------------------------------------------------------------------------------------------------+
; Parameter Settings for User Entity Instance: CACHE:inst1|LINE:inst30|lpm_decode3:inst2|lpm_decode:lpm_decode_component ;
+------------------------+------------+----------------------------------------------------------------------------------+
; Parameter Name         ; Value      ; Type                                                                             ;
+------------------------+------------+----------------------------------------------------------------------------------+
; LPM_WIDTH              ; 3          ; Untyped                                                                          ;
; LPM_DECODES            ; 8          ; Untyped                                                                          ;
; LPM_PIPELINE           ; 0          ; Untyped                                                                          ;
; CASCADE_CHAIN          ; MANUAL     ; Untyped                                                                          ;
; DEVICE_FAMILY          ; Stratix II ; Untyped                                                                          ;
; CBXI_PARAMETER         ; decode_5sf ; Untyped                                                                          ;
; AUTO_CARRY_CHAINS      ; ON         ; AUTO_CARRY                                                                       ;
; IGNORE_CARRY_BUFFERS   ; OFF        ; IGNORE_CARRY                                                                     ;
; AUTO_CASCADE_CHAINS    ; ON         ; AUTO_CASCADE                                                                     ;
; IGNORE_CASCADE_BUFFERS ; OFF        ; IGNORE_CASCADE                                                                   ;
+------------------------+------------+----------------------------------------------------------------------------------+
Note: In order to hide this table in the UI and the text report file, please set the "Show Parameter Settings Tables in Synthesis Report" option in "Analysis and Synthesis Settings -> More Settings" to "Off".


+-------------------------------------------------------------------------------------------------------------+
; Parameter Settings for User Entity Instance: CACHE:inst1|LINE:inst30|lpm_dff2:inst9|lpm_ff:lpm_ff_component ;
+------------------------+------------+-----------------------------------------------------------------------+
; Parameter Name         ; Value      ; Type                                                                  ;
+------------------------+------------+-----------------------------------------------------------------------+
; LPM_WIDTH              ; 7          ; Untyped                                                               ;
; LPM_AVALUE             ; UNUSED     ; Untyped                                                               ;
; LPM_SVALUE             ; UNUSED     ; Untyped                                                               ;
; LPM_FFTYPE             ; DFF        ; Untyped                                                               ;
; DEVICE_FAMILY          ; Stratix II ; Untyped                                                               ;
; CBXI_PARAMETER         ; NOTHING    ; Untyped                                                               ;
; AUTO_CARRY_CHAINS      ; ON         ; AUTO_CARRY                                                            ;
; IGNORE_CARRY_BUFFERS   ; OFF        ; IGNORE_CARRY                                                          ;
; AUTO_CASCADE_CHAINS    ; ON         ; AUTO_CASCADE                                                          ;
; IGNORE_CASCADE_BUFFERS ; OFF        ; IGNORE_CASCADE                                                        ;
+------------------------+------------+-----------------------------------------------------------------------+
Note: In order to hide this table in the UI and the text report file, please set the "Show Parameter Settings Tables in Synthesis Report" option in "Analysis and Synthesis Settings -> More Settings" to "Off".


+--------------------------------------------------------------------------------------------------------------+
; Parameter Settings for User Entity Instance: CACHE:inst1|LINE:inst30|lpm_dff2:inst10|lpm_ff:lpm_ff_component ;
+------------------------+------------+------------------------------------------------------------------------+
; Parameter Name         ; Value      ; Type                                                                   ;
+------------------------+------------+------------------------------------------------------------------------+
; LPM_WIDTH              ; 7          ; Untyped                                                                ;
; LPM_AVALUE             ; UNUSED     ; Untyped                                                                ;
; LPM_SVALUE             ; UNUSED     ; Untyped                                                                ;
; LPM_FFTYPE             ; DFF        ; Untyped                                                                ;
; DEVICE_FAMILY          ; Stratix II ; Untyped                                                                ;
; CBXI_PARAMETER         ; NOTHING    ; Untyped                                                                ;
; AUTO_CARRY_CHAINS      ; ON         ; AUTO_CARRY                                                             ;
; IGNORE_CARRY_BUFFERS   ; OFF        ; IGNORE_CARRY                                                           ;
; AUTO_CASCADE_CHAINS    ; ON         ; AUTO_CASCADE                                                           ;
; IGNORE_CASCADE_BUFFERS ; OFF        ; IGNORE_CASCADE                                                         ;
+------------------------+------------+------------------------------------------------------------------------+
Note: In order to hide this table in the UI and the text report file, please set the "Show Parameter Settings Tables in Synthesis Report" option in "Analysis and Synthesis Settings -> More Settings" to "Off".


+--------------------------------------------------------------------------------------------------------------+
; Parameter Settings for User Entity Instance: CACHE:inst1|LINE:inst30|lpm_dff2:inst11|lpm_ff:lpm_ff_component ;
+------------------------+------------+------------------------------------------------------------------------+
; Parameter Name         ; Value      ; Type                                                                   ;
+------------------------+------------+------------------------------------------------------------------------+
; LPM_WIDTH              ; 7          ; Untyped                                                                ;
; LPM_AVALUE             ; UNUSED     ; Untyped                                                                ;
; LPM_SVALUE             ; UNUSED     ; Untyped                                                                ;
; LPM_FFTYPE             ; DFF        ; Untyped                                                                ;
; DEVICE_FAMILY          ; Stratix II ; Untyped                                                                ;
; CBXI_PARAMETER         ; NOTHING    ; Untyped                                                                ;
; AUTO_CARRY_CHAINS      ; ON         ; AUTO_CARRY                                                             ;
; IGNORE_CARRY_BUFFERS   ; OFF        ; IGNORE_CARRY                                                           ;
; AUTO_CASCADE_CHAINS    ; ON         ; AUTO_CASCADE                                                           ;
; IGNORE_CASCADE_BUFFERS ; OFF        ; IGNORE_CASCADE                                                         ;
+------------------------+------------+------------------------------------------------------------------------+
Note: In order to hide this table in the UI and the text report file, please set the "Show Parameter Settings Tables in Synthesis Report" option in "Analysis and Synthesis Settings -> More Settings" to "Off".


+--------------------------------------------------------------------------------------------------------------+
; Parameter Settings for User Entity Instance: CACHE:inst1|LINE:inst30|lpm_dff2:inst15|lpm_ff:lpm_ff_component ;
+------------------------+------------+------------------------------------------------------------------------+
; Parameter Name         ; Value      ; Type                                                                   ;
+------------------------+------------+------------------------------------------------------------------------+
; LPM_WIDTH              ; 7          ; Untyped                                                                ;
; LPM_AVALUE             ; UNUSED     ; Untyped                                                                ;
; LPM_SVALUE             ; UNUSED     ; Untyped                                                                ;
; LPM_FFTYPE             ; DFF        ; Untyped                                                                ;
; DEVICE_FAMILY          ; Stratix II ; Untyped                                                                ;
; CBXI_PARAMETER         ; NOTHING    ; Untyped                                                                ;
; AUTO_CARRY_CHAINS      ; ON         ; AUTO_CARRY                                                             ;
; IGNORE_CARRY_BUFFERS   ; OFF        ; IGNORE_CARRY                                                           ;
; AUTO_CASCADE_CHAINS    ; ON         ; AUTO_CASCADE                                                           ;
; IGNORE_CASCADE_BUFFERS ; OFF        ; IGNORE_CASCADE                                                         ;
+------------------------+------------+------------------------------------------------------------------------+
Note: In order to hide this table in the UI and the text report file, please set the "Show Parameter Settings Tables in Synthesis Report" option in "Analysis and Synthesis Settings -> More Settings" to "Off".


+--------------------------------------------------------------------------------------------------------------+
; Parameter Settings for User Entity Instance: CACHE:inst1|LINE:inst30|lpm_dff2:inst12|lpm_ff:lpm_ff_component ;
+------------------------+------------+------------------------------------------------------------------------+
; Parameter Name         ; Value      ; Type                                                                   ;
+------------------------+------------+------------------------------------------------------------------------+
; LPM_WIDTH              ; 7          ; Untyped                                                                ;
; LPM_AVALUE             ; UNUSED     ; Untyped                                                                ;
; LPM_SVALUE             ; UNUSED     ; Untyped                                                                ;
; LPM_FFTYPE             ; DFF        ; Untyped                                                                ;
; DEVICE_FAMILY          ; Stratix II ; Untyped                                                                ;
; CBXI_PARAMETER         ; NOTHING    ; Untyped                                                                ;
; AUTO_CARRY_CHAINS      ; ON         ; AUTO_CARRY                                                             ;
; IGNORE_CARRY_BUFFERS   ; OFF        ; IGNORE_CARRY                                                           ;
; AUTO_CASCADE_CHAINS    ; ON         ; AUTO_CASCADE                                                           ;
; IGNORE_CASCADE_BUFFERS ; OFF        ; IGNORE_CASCADE                                                         ;
+------------------------+------------+------------------------------------------------------------------------+
Note: In order to hide this table in the UI and the text report file, please set the "Show Parameter Settings Tables in Synthesis Report" option in "Analysis and Synthesis Settings -> More Settings" to "Off".


+--------------------------------------------------------------------------------------------------------------+
; Parameter Settings for User Entity Instance: CACHE:inst1|LINE:inst30|lpm_dff2:inst13|lpm_ff:lpm_ff_component ;
+------------------------+------------+------------------------------------------------------------------------+
; Parameter Name         ; Value      ; Type                                                                   ;
+------------------------+------------+------------------------------------------------------------------------+
; LPM_WIDTH              ; 7          ; Untyped                                                                ;
; LPM_AVALUE             ; UNUSED     ; Untyped                                                                ;
; LPM_SVALUE             ; UNUSED     ; Untyped                                                                ;
; LPM_FFTYPE             ; DFF        ; Untyped                                                                ;
; DEVICE_FAMILY          ; Stratix II ; Untyped                                                                ;
; CBXI_PARAMETER         ; NOTHING    ; Untyped                                                                ;
; AUTO_CARRY_CHAINS      ; ON         ; AUTO_CARRY                                                             ;
; IGNORE_CARRY_BUFFERS   ; OFF        ; IGNORE_CARRY                                                           ;
; AUTO_CASCADE_CHAINS    ; ON         ; AUTO_CASCADE                                                           ;
; IGNORE_CASCADE_BUFFERS ; OFF        ; IGNORE_CASCADE                                                         ;
+------------------------+------------+------------------------------------------------------------------------+
Note: In order to hide this table in the UI and the text report file, please set the "Show Parameter Settings Tables in Synthesis Report" option in "Analysis and Synthesis Settings -> More Settings" to "Off".


+--------------------------------------------------------------------------------------------------------------+
; Parameter Settings for User Entity Instance: CACHE:inst1|LINE:inst30|lpm_dff2:inst14|lpm_ff:lpm_ff_component ;
+------------------------+------------+------------------------------------------------------------------------+
; Parameter Name         ; Value      ; Type                                                                   ;
+------------------------+------------+------------------------------------------------------------------------+
; LPM_WIDTH              ; 7          ; Untyped                                                                ;
; LPM_AVALUE             ; UNUSED     ; Untyped                                                                ;
; LPM_SVALUE             ; UNUSED     ; Untyped                                                                ;
; LPM_FFTYPE             ; DFF        ; Untyped                                                                ;
; DEVICE_FAMILY          ; Stratix II ; Untyped                                                                ;
; CBXI_PARAMETER         ; NOTHING    ; Untyped                                                                ;
; AUTO_CARRY_CHAINS      ; ON         ; AUTO_CARRY                                                             ;
; IGNORE_CARRY_BUFFERS   ; OFF        ; IGNORE_CARRY                                                           ;
; AUTO_CASCADE_CHAINS    ; ON         ; AUTO_CASCADE                                                           ;
; IGNORE_CASCADE_BUFFERS ; OFF        ; IGNORE_CASCADE                                                         ;
+------------------------+------------+------------------------------------------------------------------------+
Note: In order to hide this table in the UI and the text report file, please set the "Show Parameter Settings Tables in Synthesis Report" option in "Analysis and Synthesis Settings -> More Settings" to "Off".


+-------------------------------------------------------------------------------------------------------------------------+
; Parameter Settings for User Entity Instance: CACHE:inst1|LINE:inst30|lpm_bustri1:inst25|lpm_bustri:lpm_bustri_component ;
+----------------+-------+------------------------------------------------------------------------------------------------+
; Parameter Name ; Value ; Type                                                                                           ;
+----------------+-------+------------------------------------------------------------------------------------------------+
; LPM_WIDTH      ; 7     ; Untyped                                                                                        ;
+----------------+-------+------------------------------------------------------------------------------------------------+
Note: In order to hide this table in the UI and the text report file, please set the "Show Parameter Settings Tables in Synthesis Report" option in "Analysis and Synthesis Settings -> More Settings" to "Off".


+----------------------------------------------------------------------------------------------------------------+
; Parameter Settings for User Entity Instance: CACHE:inst1|LINE:inst30|lpm_mux0:inst24|lpm_mux:lpm_mux_component ;
+------------------------+------------+--------------------------------------------------------------------------+
; Parameter Name         ; Value      ; Type                                                                     ;
+------------------------+------------+--------------------------------------------------------------------------+
; AUTO_CARRY_CHAINS      ; ON         ; AUTO_CARRY                                                               ;
; IGNORE_CARRY_BUFFERS   ; OFF        ; IGNORE_CARRY                                                             ;
; AUTO_CASCADE_CHAINS    ; ON         ; AUTO_CASCADE                                                             ;
; IGNORE_CASCADE_BUFFERS ; OFF        ; IGNORE_CASCADE                                                           ;
; LPM_WIDTH              ; 7          ; Untyped                                                                  ;
; LPM_SIZE               ; 8          ; Untyped                                                                  ;
; LPM_WIDTHS             ; 3          ; Untyped                                                                  ;
; LPM_PIPELINE           ; 0          ; Untyped                                                                  ;
; CBXI_PARAMETER         ; mux_5oc    ; Untyped                                                                  ;
; DEVICE_FAMILY          ; Stratix II ; Untyped                                                                  ;
+------------------------+------------+--------------------------------------------------------------------------+
Note: In order to hide this table in the UI and the text report file, please set the "Show Parameter Settings Tables in Synthesis Report" option in "Analysis and Synthesis Settings -> More Settings" to "Off".


+-------------------------------------------------------------------------------------------------------------+
; Parameter Settings for User Entity Instance: CACHE:inst1|LINE:inst30|lpm_dff1:inst5|lpm_ff:lpm_ff_component ;
+------------------------+------------+-----------------------------------------------------------------------+
; Parameter Name         ; Value      ; Type                                                                  ;
+------------------------+------------+-----------------------------------------------------------------------+
; LPM_WIDTH              ; 5          ; Untyped                                                               ;
; LPM_AVALUE             ; UNUSED     ; Untyped                                                               ;
; LPM_SVALUE             ; UNUSED     ; Untyped                                                               ;
; LPM_FFTYPE             ; DFF        ; Untyped                                                               ;
; DEVICE_FAMILY          ; Stratix II ; Untyped                                                               ;
; CBXI_PARAMETER         ; NOTHING    ; Untyped                                                               ;
; AUTO_CARRY_CHAINS      ; ON         ; AUTO_CARRY                                                            ;
; IGNORE_CARRY_BUFFERS   ; OFF        ; IGNORE_CARRY                                                          ;
; AUTO_CASCADE_CHAINS    ; ON         ; AUTO_CASCADE                                                          ;
; IGNORE_CASCADE_BUFFERS ; OFF        ; IGNORE_CASCADE                                                        ;
+------------------------+------------+-----------------------------------------------------------------------+
Note: In order to hide this table in the UI and the text report file, please set the "Show Parameter Settings Tables in Synthesis Report" option in "Analysis and Synthesis Settings -> More Settings" to "Off".


+------------------------------------------------------------------------------------------------------------------------+
; Parameter Settings for User Entity Instance: CACHE:inst1|LINE:inst32|lpm_decode1:inst4|lpm_decode:lpm_decode_component ;
+------------------------+------------+----------------------------------------------------------------------------------+
; Parameter Name         ; Value      ; Type                                                                             ;
+------------------------+------------+----------------------------------------------------------------------------------+
; LPM_WIDTH              ; 8          ; Untyped                                                                          ;
; LPM_DECODES            ; 256        ; Untyped                                                                          ;
; LPM_PIPELINE           ; 0          ; Untyped                                                                          ;
; CASCADE_CHAIN          ; MANUAL     ; Untyped                                                                          ;
; DEVICE_FAMILY          ; Stratix II ; Untyped                                                                          ;
; CBXI_PARAMETER         ; decode_8bf ; Untyped                                                                          ;
; AUTO_CARRY_CHAINS      ; ON         ; AUTO_CARRY                                                                       ;
; IGNORE_CARRY_BUFFERS   ; OFF        ; IGNORE_CARRY                                                                     ;
; AUTO_CASCADE_CHAINS    ; ON         ; AUTO_CASCADE                                                                     ;
; IGNORE_CASCADE_BUFFERS ; OFF        ; IGNORE_CASCADE                                                                   ;
+------------------------+------------+----------------------------------------------------------------------------------+
Note: In order to hide this table in the UI and the text report file, please set the "Show Parameter Settings Tables in Synthesis Report" option in "Analysis and Synthesis Settings -> More Settings" to "Off".


+---------------------------------------------------------------------------------------------------------------------------+
; Parameter Settings for User Entity Instance: CACHE:inst1|LINE:inst32|lpm_counter0:inst3|lpm_counter:lpm_counter_component ;
+------------------------+-------------+------------------------------------------------------------------------------------+
; Parameter Name         ; Value       ; Type                                                                               ;
+------------------------+-------------+------------------------------------------------------------------------------------+
; AUTO_CARRY_CHAINS      ; ON          ; AUTO_CARRY                                                                         ;
; IGNORE_CARRY_BUFFERS   ; OFF         ; IGNORE_CARRY                                                                       ;
; AUTO_CASCADE_CHAINS    ; ON          ; AUTO_CASCADE                                                                       ;
; IGNORE_CASCADE_BUFFERS ; OFF         ; IGNORE_CASCADE                                                                     ;
; LPM_WIDTH              ; 8           ; Untyped                                                                            ;
; LPM_DIRECTION          ; UP          ; Untyped                                                                            ;
; LPM_MODULUS            ; 0           ; Untyped                                                                            ;
; LPM_AVALUE             ; UNUSED      ; Untyped                                                                            ;
; LPM_SVALUE             ; UNUSED      ; Untyped                                                                            ;
; LPM_PORT_UPDOWN        ; PORT_UNUSED ; Untyped                                                                            ;
; DEVICE_FAMILY          ; Stratix II  ; Untyped                                                                            ;
; CARRY_CHAIN            ; MANUAL      ; Untyped                                                                            ;
; CARRY_CHAIN_LENGTH     ; 48          ; CARRY_CHAIN_LENGTH                                                                 ;
; NOT_GATE_PUSH_BACK     ; ON          ; NOT_GATE_PUSH_BACK                                                                 ;
; CARRY_CNT_EN           ; SMART       ; Untyped                                                                            ;
; LABWIDE_SCLR           ; ON          ; Untyped                                                                            ;
; USE_NEW_VERSION        ; TRUE        ; Untyped                                                                            ;
; CBXI_PARAMETER         ; cntr_coi    ; Untyped                                                                            ;
+------------------------+-------------+------------------------------------------------------------------------------------+
Note: In order to hide this table in the UI and the text report file, please set the "Show Parameter Settings Tables in Synthesis Report" option in "Analysis and Synthesis Settings -> More Settings" to "Off".


+-------------------------------------------------------------------------------------------------------------+
; Parameter Settings for User Entity Instance: CACHE:inst1|LINE:inst32|lpm_dff2:inst8|lpm_ff:lpm_ff_component ;
+------------------------+------------+-----------------------------------------------------------------------+
; Parameter Name         ; Value      ; Type                                                                  ;
+------------------------+------------+-----------------------------------------------------------------------+
; LPM_WIDTH              ; 7          ; Untyped                                                               ;
; LPM_AVALUE             ; UNUSED     ; Untyped                                                               ;
; LPM_SVALUE             ; UNUSED     ; Untyped                                                               ;
; LPM_FFTYPE             ; DFF        ; Untyped                                                               ;
; DEVICE_FAMILY          ; Stratix II ; Untyped                                                               ;
; CBXI_PARAMETER         ; NOTHING    ; Untyped                                                               ;
; AUTO_CARRY_CHAINS      ; ON         ; AUTO_CARRY                                                            ;
; IGNORE_CARRY_BUFFERS   ; OFF        ; IGNORE_CARRY                                                          ;
; AUTO_CASCADE_CHAINS    ; ON         ; AUTO_CASCADE                                                          ;
; IGNORE_CASCADE_BUFFERS ; OFF        ; IGNORE_CASCADE                                                        ;
+------------------------+------------+-----------------------------------------------------------------------+
Note: In order to hide this table in the UI and the text report file, please set the "Show Parameter Settings Tables in Synthesis Report" option in "Analysis and Synthesis Settings -> More Settings" to "Off".


+------------------------------------------------------------------------------------------------------------------------+
; Parameter Settings for User Entity Instance: CACHE:inst1|LINE:inst32|lpm_decode3:inst2|lpm_decode:lpm_decode_component ;
+------------------------+------------+----------------------------------------------------------------------------------+
; Parameter Name         ; Value      ; Type                                                                             ;
+------------------------+------------+----------------------------------------------------------------------------------+
; LPM_WIDTH              ; 3          ; Untyped                                                                          ;
; LPM_DECODES            ; 8          ; Untyped                                                                          ;
; LPM_PIPELINE           ; 0          ; Untyped                                                                          ;
; CASCADE_CHAIN          ; MANUAL     ; Untyped                                                                          ;
; DEVICE_FAMILY          ; Stratix II ; Untyped                                                                          ;
; CBXI_PARAMETER         ; decode_5sf ; Untyped                                                                          ;
; AUTO_CARRY_CHAINS      ; ON         ; AUTO_CARRY                                                                       ;
; IGNORE_CARRY_BUFFERS   ; OFF        ; IGNORE_CARRY                                                                     ;
; AUTO_CASCADE_CHAINS    ; ON         ; AUTO_CASCADE                                                                     ;
; IGNORE_CASCADE_BUFFERS ; OFF        ; IGNORE_CASCADE                                                                   ;
+------------------------+------------+----------------------------------------------------------------------------------+
Note: In order to hide this table in the UI and the text report file, please set the "Show Parameter Settings Tables in Synthesis Report" option in "Analysis and Synthesis Settings -> More Settings" to "Off".


+-------------------------------------------------------------------------------------------------------------+
; Parameter Settings for User Entity Instance: CACHE:inst1|LINE:inst32|lpm_dff2:inst9|lpm_ff:lpm_ff_component ;
+------------------------+------------+-----------------------------------------------------------------------+
; Parameter Name         ; Value      ; Type                                                                  ;
+------------------------+------------+-----------------------------------------------------------------------+
; LPM_WIDTH              ; 7          ; Untyped                                                               ;
; LPM_AVALUE             ; UNUSED     ; Untyped                                                               ;
; LPM_SVALUE             ; UNUSED     ; Untyped                                                               ;
; LPM_FFTYPE             ; DFF        ; Untyped                                                               ;
; DEVICE_FAMILY          ; Stratix II ; Untyped                                                               ;
; CBXI_PARAMETER         ; NOTHING    ; Untyped                                                               ;
; AUTO_CARRY_CHAINS      ; ON         ; AUTO_CARRY                                                            ;
; IGNORE_CARRY_BUFFERS   ; OFF        ; IGNORE_CARRY                                                          ;
; AUTO_CASCADE_CHAINS    ; ON         ; AUTO_CASCADE                                                          ;
; IGNORE_CASCADE_BUFFERS ; OFF        ; IGNORE_CASCADE                                                        ;
+------------------------+------------+-----------------------------------------------------------------------+
Note: In order to hide this table in the UI and the text report file, please set the "Show Parameter Settings Tables in Synthesis Report" option in "Analysis and Synthesis Settings -> More Settings" to "Off".


+--------------------------------------------------------------------------------------------------------------+
; Parameter Settings for User Entity Instance: CACHE:inst1|LINE:inst32|lpm_dff2:inst10|lpm_ff:lpm_ff_component ;
+------------------------+------------+------------------------------------------------------------------------+
; Parameter Name         ; Value      ; Type                                                                   ;
+------------------------+------------+------------------------------------------------------------------------+
; LPM_WIDTH              ; 7          ; Untyped                                                                ;
; LPM_AVALUE             ; UNUSED     ; Untyped                                                                ;
; LPM_SVALUE             ; UNUSED     ; Untyped                                                                ;
; LPM_FFTYPE             ; DFF        ; Untyped                                                                ;
; DEVICE_FAMILY          ; Stratix II ; Untyped                                                                ;
; CBXI_PARAMETER         ; NOTHING    ; Untyped                                                                ;
; AUTO_CARRY_CHAINS      ; ON         ; AUTO_CARRY                                                             ;
; IGNORE_CARRY_BUFFERS   ; OFF        ; IGNORE_CARRY                                                           ;
; AUTO_CASCADE_CHAINS    ; ON         ; AUTO_CASCADE                                                           ;
; IGNORE_CASCADE_BUFFERS ; OFF        ; IGNORE_CASCADE                                                         ;
+------------------------+------------+------------------------------------------------------------------------+
Note: In order to hide this table in the UI and the text report file, please set the "Show Parameter Settings Tables in Synthesis Report" option in "Analysis and Synthesis Settings -> More Settings" to "Off".


+--------------------------------------------------------------------------------------------------------------+
; Parameter Settings for User Entity Instance: CACHE:inst1|LINE:inst32|lpm_dff2:inst11|lpm_ff:lpm_ff_component ;
+------------------------+------------+------------------------------------------------------------------------+
; Parameter Name         ; Value      ; Type                                                                   ;
+------------------------+------------+------------------------------------------------------------------------+
; LPM_WIDTH              ; 7          ; Untyped                                                                ;
; LPM_AVALUE             ; UNUSED     ; Untyped                                                                ;
; LPM_SVALUE             ; UNUSED     ; Untyped                                                                ;
; LPM_FFTYPE             ; DFF        ; Untyped                                                                ;
; DEVICE_FAMILY          ; Stratix II ; Untyped                                                                ;
; CBXI_PARAMETER         ; NOTHING    ; Untyped                                                                ;
; AUTO_CARRY_CHAINS      ; ON         ; AUTO_CARRY                                                             ;
; IGNORE_CARRY_BUFFERS   ; OFF        ; IGNORE_CARRY                                                           ;
; AUTO_CASCADE_CHAINS    ; ON         ; AUTO_CASCADE                                                           ;
; IGNORE_CASCADE_BUFFERS ; OFF        ; IGNORE_CASCADE                                                         ;
+------------------------+------------+------------------------------------------------------------------------+
Note: In order to hide this table in the UI and the text report file, please set the "Show Parameter Settings Tables in Synthesis Report" option in "Analysis and Synthesis Settings -> More Settings" to "Off".


+--------------------------------------------------------------------------------------------------------------+
; Parameter Settings for User Entity Instance: CACHE:inst1|LINE:inst32|lpm_dff2:inst15|lpm_ff:lpm_ff_component ;
+------------------------+------------+------------------------------------------------------------------------+
; Parameter Name         ; Value      ; Type                                                                   ;
+------------------------+------------+------------------------------------------------------------------------+
; LPM_WIDTH              ; 7          ; Untyped                                                                ;
; LPM_AVALUE             ; UNUSED     ; Untyped                                                                ;
; LPM_SVALUE             ; UNUSED     ; Untyped                                                                ;
; LPM_FFTYPE             ; DFF        ; Untyped                                                                ;
; DEVICE_FAMILY          ; Stratix II ; Untyped                                                                ;
; CBXI_PARAMETER         ; NOTHING    ; Untyped                                                                ;
; AUTO_CARRY_CHAINS      ; ON         ; AUTO_CARRY                                                             ;
; IGNORE_CARRY_BUFFERS   ; OFF        ; IGNORE_CARRY                                                           ;
; AUTO_CASCADE_CHAINS    ; ON         ; AUTO_CASCADE                                                           ;
; IGNORE_CASCADE_BUFFERS ; OFF        ; IGNORE_CASCADE                                                         ;
+------------------------+------------+------------------------------------------------------------------------+
Note: In order to hide this table in the UI and the text report file, please set the "Show Parameter Settings Tables in Synthesis Report" option in "Analysis and Synthesis Settings -> More Settings" to "Off".


+--------------------------------------------------------------------------------------------------------------+
; Parameter Settings for User Entity Instance: CACHE:inst1|LINE:inst32|lpm_dff2:inst12|lpm_ff:lpm_ff_component ;
+------------------------+------------+------------------------------------------------------------------------+
; Parameter Name         ; Value      ; Type                                                                   ;
+------------------------+------------+------------------------------------------------------------------------+
; LPM_WIDTH              ; 7          ; Untyped                                                                ;
; LPM_AVALUE             ; UNUSED     ; Untyped                                                                ;
; LPM_SVALUE             ; UNUSED     ; Untyped                                                                ;
; LPM_FFTYPE             ; DFF        ; Untyped                                                                ;
; DEVICE_FAMILY          ; Stratix II ; Untyped                                                                ;
; CBXI_PARAMETER         ; NOTHING    ; Untyped                                                                ;
; AUTO_CARRY_CHAINS      ; ON         ; AUTO_CARRY                                                             ;
; IGNORE_CARRY_BUFFERS   ; OFF        ; IGNORE_CARRY                                                           ;
; AUTO_CASCADE_CHAINS    ; ON         ; AUTO_CASCADE                                                           ;
; IGNORE_CASCADE_BUFFERS ; OFF        ; IGNORE_CASCADE                                                         ;
+------------------------+------------+------------------------------------------------------------------------+
Note: In order to hide this table in the UI and the text report file, please set the "Show Parameter Settings Tables in Synthesis Report" option in "Analysis and Synthesis Settings -> More Settings" to "Off".


+--------------------------------------------------------------------------------------------------------------+
; Parameter Settings for User Entity Instance: CACHE:inst1|LINE:inst32|lpm_dff2:inst13|lpm_ff:lpm_ff_component ;
+------------------------+------------+------------------------------------------------------------------------+
; Parameter Name         ; Value      ; Type                                                                   ;
+------------------------+------------+------------------------------------------------------------------------+
; LPM_WIDTH              ; 7          ; Untyped                                                                ;
; LPM_AVALUE             ; UNUSED     ; Untyped                                                                ;
; LPM_SVALUE             ; UNUSED     ; Untyped                                                                ;
; LPM_FFTYPE             ; DFF        ; Untyped                                                                ;
; DEVICE_FAMILY          ; Stratix II ; Untyped                                                                ;
; CBXI_PARAMETER         ; NOTHING    ; Untyped                                                                ;
; AUTO_CARRY_CHAINS      ; ON         ; AUTO_CARRY                                                             ;
; IGNORE_CARRY_BUFFERS   ; OFF        ; IGNORE_CARRY                                                           ;
; AUTO_CASCADE_CHAINS    ; ON         ; AUTO_CASCADE                                                           ;
; IGNORE_CASCADE_BUFFERS ; OFF        ; IGNORE_CASCADE                                                         ;
+------------------------+------------+------------------------------------------------------------------------+
Note: In order to hide this table in the UI and the text report file, please set the "Show Parameter Settings Tables in Synthesis Report" option in "Analysis and Synthesis Settings -> More Settings" to "Off".


+--------------------------------------------------------------------------------------------------------------+
; Parameter Settings for User Entity Instance: CACHE:inst1|LINE:inst32|lpm_dff2:inst14|lpm_ff:lpm_ff_component ;
+------------------------+------------+------------------------------------------------------------------------+
; Parameter Name         ; Value      ; Type                                                                   ;
+------------------------+------------+------------------------------------------------------------------------+
; LPM_WIDTH              ; 7          ; Untyped                                                                ;
; LPM_AVALUE             ; UNUSED     ; Untyped                                                                ;
; LPM_SVALUE             ; UNUSED     ; Untyped                                                                ;
; LPM_FFTYPE             ; DFF        ; Untyped                                                                ;
; DEVICE_FAMILY          ; Stratix II ; Untyped                                                                ;
; CBXI_PARAMETER         ; NOTHING    ; Untyped                                                                ;
; AUTO_CARRY_CHAINS      ; ON         ; AUTO_CARRY                                                             ;
; IGNORE_CARRY_BUFFERS   ; OFF        ; IGNORE_CARRY                                                           ;
; AUTO_CASCADE_CHAINS    ; ON         ; AUTO_CASCADE                                                           ;
; IGNORE_CASCADE_BUFFERS ; OFF        ; IGNORE_CASCADE                                                         ;
+------------------------+------------+------------------------------------------------------------------------+
Note: In order to hide this table in the UI and the text report file, please set the "Show Parameter Settings Tables in Synthesis Report" option in "Analysis and Synthesis Settings -> More Settings" to "Off".


+-------------------------------------------------------------------------------------------------------------------------+
; Parameter Settings for User Entity Instance: CACHE:inst1|LINE:inst32|lpm_bustri1:inst25|lpm_bustri:lpm_bustri_component ;
+----------------+-------+------------------------------------------------------------------------------------------------+
; Parameter Name ; Value ; Type                                                                                           ;
+----------------+-------+------------------------------------------------------------------------------------------------+
; LPM_WIDTH      ; 7     ; Untyped                                                                                        ;
+----------------+-------+------------------------------------------------------------------------------------------------+
Note: In order to hide this table in the UI and the text report file, please set the "Show Parameter Settings Tables in Synthesis Report" option in "Analysis and Synthesis Settings -> More Settings" to "Off".


+----------------------------------------------------------------------------------------------------------------+
; Parameter Settings for User Entity Instance: CACHE:inst1|LINE:inst32|lpm_mux0:inst24|lpm_mux:lpm_mux_component ;
+------------------------+------------+--------------------------------------------------------------------------+
; Parameter Name         ; Value      ; Type                                                                     ;
+------------------------+------------+--------------------------------------------------------------------------+
; AUTO_CARRY_CHAINS      ; ON         ; AUTO_CARRY                                                               ;
; IGNORE_CARRY_BUFFERS   ; OFF        ; IGNORE_CARRY                                                             ;
; AUTO_CASCADE_CHAINS    ; ON         ; AUTO_CASCADE                                                             ;
; IGNORE_CASCADE_BUFFERS ; OFF        ; IGNORE_CASCADE                                                           ;
; LPM_WIDTH              ; 7          ; Untyped                                                                  ;
; LPM_SIZE               ; 8          ; Untyped                                                                  ;
; LPM_WIDTHS             ; 3          ; Untyped                                                                  ;
; LPM_PIPELINE           ; 0          ; Untyped                                                                  ;
; CBXI_PARAMETER         ; mux_5oc    ; Untyped                                                                  ;
; DEVICE_FAMILY          ; Stratix II ; Untyped                                                                  ;
+------------------------+------------+--------------------------------------------------------------------------+
Note: In order to hide this table in the UI and the text report file, please set the "Show Parameter Settings Tables in Synthesis Report" option in "Analysis and Synthesis Settings -> More Settings" to "Off".


+-------------------------------------------------------------------------------------------------------------+
; Parameter Settings for User Entity Instance: CACHE:inst1|LINE:inst32|lpm_dff1:inst5|lpm_ff:lpm_ff_component ;
+------------------------+------------+-----------------------------------------------------------------------+
; Parameter Name         ; Value      ; Type                                                                  ;
+------------------------+------------+-----------------------------------------------------------------------+
; LPM_WIDTH              ; 5          ; Untyped                                                               ;
; LPM_AVALUE             ; UNUSED     ; Untyped                                                               ;
; LPM_SVALUE             ; UNUSED     ; Untyped                                                               ;
; LPM_FFTYPE             ; DFF        ; Untyped                                                               ;
; DEVICE_FAMILY          ; Stratix II ; Untyped                                                               ;
; CBXI_PARAMETER         ; NOTHING    ; Untyped                                                               ;
; AUTO_CARRY_CHAINS      ; ON         ; AUTO_CARRY                                                            ;
; IGNORE_CARRY_BUFFERS   ; OFF        ; IGNORE_CARRY                                                          ;
; AUTO_CASCADE_CHAINS    ; ON         ; AUTO_CASCADE                                                          ;
; IGNORE_CASCADE_BUFFERS ; OFF        ; IGNORE_CASCADE                                                        ;
+------------------------+------------+-----------------------------------------------------------------------+
Note: In order to hide this table in the UI and the text report file, please set the "Show Parameter Settings Tables in Synthesis Report" option in "Analysis and Synthesis Settings -> More Settings" to "Off".


+------------------------------------------------------------------------------------------------------------------------+
; Parameter Settings for User Entity Instance: CACHE:inst1|LINE:inst42|lpm_decode1:inst4|lpm_decode:lpm_decode_component ;
+------------------------+------------+----------------------------------------------------------------------------------+
; Parameter Name         ; Value      ; Type                                                                             ;
+------------------------+------------+----------------------------------------------------------------------------------+
; LPM_WIDTH              ; 8          ; Untyped                                                                          ;
; LPM_DECODES            ; 256        ; Untyped                                                                          ;
; LPM_PIPELINE           ; 0          ; Untyped                                                                          ;
; CASCADE_CHAIN          ; MANUAL     ; Untyped                                                                          ;
; DEVICE_FAMILY          ; Stratix II ; Untyped                                                                          ;
; CBXI_PARAMETER         ; decode_8bf ; Untyped                                                                          ;
; AUTO_CARRY_CHAINS      ; ON         ; AUTO_CARRY                                                                       ;
; IGNORE_CARRY_BUFFERS   ; OFF        ; IGNORE_CARRY                                                                     ;
; AUTO_CASCADE_CHAINS    ; ON         ; AUTO_CASCADE                                                                     ;
; IGNORE_CASCADE_BUFFERS ; OFF        ; IGNORE_CASCADE                                                                   ;
+------------------------+------------+----------------------------------------------------------------------------------+
Note: In order to hide this table in the UI and the text report file, please set the "Show Parameter Settings Tables in Synthesis Report" option in "Analysis and Synthesis Settings -> More Settings" to "Off".


+---------------------------------------------------------------------------------------------------------------------------+
; Parameter Settings for User Entity Instance: CACHE:inst1|LINE:inst42|lpm_counter0:inst3|lpm_counter:lpm_counter_component ;
+------------------------+-------------+------------------------------------------------------------------------------------+
; Parameter Name         ; Value       ; Type                                                                               ;
+------------------------+-------------+------------------------------------------------------------------------------------+
; AUTO_CARRY_CHAINS      ; ON          ; AUTO_CARRY                                                                         ;
; IGNORE_CARRY_BUFFERS   ; OFF         ; IGNORE_CARRY                                                                       ;
; AUTO_CASCADE_CHAINS    ; ON          ; AUTO_CASCADE                                                                       ;
; IGNORE_CASCADE_BUFFERS ; OFF         ; IGNORE_CASCADE                                                                     ;
; LPM_WIDTH              ; 8           ; Untyped                                                                            ;
; LPM_DIRECTION          ; UP          ; Untyped                                                                            ;
; LPM_MODULUS            ; 0           ; Untyped                                                                            ;
; LPM_AVALUE             ; UNUSED      ; Untyped                                                                            ;
; LPM_SVALUE             ; UNUSED      ; Untyped                                                                            ;
; LPM_PORT_UPDOWN        ; PORT_UNUSED ; Untyped                                                                            ;
; DEVICE_FAMILY          ; Stratix II  ; Untyped                                                                            ;
; CARRY_CHAIN            ; MANUAL      ; Untyped                                                                            ;
; CARRY_CHAIN_LENGTH     ; 48          ; CARRY_CHAIN_LENGTH                                                                 ;
; NOT_GATE_PUSH_BACK     ; ON          ; NOT_GATE_PUSH_BACK                                                                 ;
; CARRY_CNT_EN           ; SMART       ; Untyped                                                                            ;
; LABWIDE_SCLR           ; ON          ; Untyped                                                                            ;
; USE_NEW_VERSION        ; TRUE        ; Untyped                                                                            ;
; CBXI_PARAMETER         ; cntr_coi    ; Untyped                                                                            ;
+------------------------+-------------+------------------------------------------------------------------------------------+
Note: In order to hide this table in the UI and the text report file, please set the "Show Parameter Settings Tables in Synthesis Report" option in "Analysis and Synthesis Settings -> More Settings" to "Off".


+-------------------------------------------------------------------------------------------------------------+
; Parameter Settings for User Entity Instance: CACHE:inst1|LINE:inst42|lpm_dff2:inst8|lpm_ff:lpm_ff_component ;
+------------------------+------------+-----------------------------------------------------------------------+
; Parameter Name         ; Value      ; Type                                                                  ;
+------------------------+------------+-----------------------------------------------------------------------+
; LPM_WIDTH              ; 7          ; Untyped                                                               ;
; LPM_AVALUE             ; UNUSED     ; Untyped                                                               ;
; LPM_SVALUE             ; UNUSED     ; Untyped                                                               ;
; LPM_FFTYPE             ; DFF        ; Untyped                                                               ;
; DEVICE_FAMILY          ; Stratix II ; Untyped                                                               ;
; CBXI_PARAMETER         ; NOTHING    ; Untyped                                                               ;
; AUTO_CARRY_CHAINS      ; ON         ; AUTO_CARRY                                                            ;
; IGNORE_CARRY_BUFFERS   ; OFF        ; IGNORE_CARRY                                                          ;
; AUTO_CASCADE_CHAINS    ; ON         ; AUTO_CASCADE                                                          ;
; IGNORE_CASCADE_BUFFERS ; OFF        ; IGNORE_CASCADE                                                        ;
+------------------------+------------+-----------------------------------------------------------------------+
Note: In order to hide this table in the UI and the text report file, please set the "Show Parameter Settings Tables in Synthesis Report" option in "Analysis and Synthesis Settings -> More Settings" to "Off".


+------------------------------------------------------------------------------------------------------------------------+
; Parameter Settings for User Entity Instance: CACHE:inst1|LINE:inst42|lpm_decode3:inst2|lpm_decode:lpm_decode_component ;
+------------------------+------------+----------------------------------------------------------------------------------+
; Parameter Name         ; Value      ; Type                                                                             ;
+------------------------+------------+----------------------------------------------------------------------------------+
; LPM_WIDTH              ; 3          ; Untyped                                                                          ;
; LPM_DECODES            ; 8          ; Untyped                                                                          ;
; LPM_PIPELINE           ; 0          ; Untyped                                                                          ;
; CASCADE_CHAIN          ; MANUAL     ; Untyped                                                                          ;
; DEVICE_FAMILY          ; Stratix II ; Untyped                                                                          ;
; CBXI_PARAMETER         ; decode_5sf ; Untyped                                                                          ;
; AUTO_CARRY_CHAINS      ; ON         ; AUTO_CARRY                                                                       ;
; IGNORE_CARRY_BUFFERS   ; OFF        ; IGNORE_CARRY                                                                     ;
; AUTO_CASCADE_CHAINS    ; ON         ; AUTO_CASCADE                                                                     ;
; IGNORE_CASCADE_BUFFERS ; OFF        ; IGNORE_CASCADE                                                                   ;
+------------------------+------------+----------------------------------------------------------------------------------+
Note: In order to hide this table in the UI and the text report file, please set the "Show Parameter Settings Tables in Synthesis Report" option in "Analysis and Synthesis Settings -> More Settings" to "Off".


+-------------------------------------------------------------------------------------------------------------+
; Parameter Settings for User Entity Instance: CACHE:inst1|LINE:inst42|lpm_dff2:inst9|lpm_ff:lpm_ff_component ;
+------------------------+------------+-----------------------------------------------------------------------+
; Parameter Name         ; Value      ; Type                                                                  ;
+------------------------+------------+-----------------------------------------------------------------------+
; LPM_WIDTH              ; 7          ; Untyped                                                               ;
; LPM_AVALUE             ; UNUSED     ; Untyped                                                               ;
; LPM_SVALUE             ; UNUSED     ; Untyped                                                               ;
; LPM_FFTYPE             ; DFF        ; Untyped                                                               ;
; DEVICE_FAMILY          ; Stratix II ; Untyped                                                               ;
; CBXI_PARAMETER         ; NOTHING    ; Untyped                                                               ;
; AUTO_CARRY_CHAINS      ; ON         ; AUTO_CARRY                                                            ;
; IGNORE_CARRY_BUFFERS   ; OFF        ; IGNORE_CARRY                                                          ;
; AUTO_CASCADE_CHAINS    ; ON         ; AUTO_CASCADE                                                          ;
; IGNORE_CASCADE_BUFFERS ; OFF        ; IGNORE_CASCADE                                                        ;
+------------------------+------------+-----------------------------------------------------------------------+
Note: In order to hide this table in the UI and the text report file, please set the "Show Parameter Settings Tables in Synthesis Report" option in "Analysis and Synthesis Settings -> More Settings" to "Off".


+--------------------------------------------------------------------------------------------------------------+
; Parameter Settings for User Entity Instance: CACHE:inst1|LINE:inst42|lpm_dff2:inst10|lpm_ff:lpm_ff_component ;
+------------------------+------------+------------------------------------------------------------------------+
; Parameter Name         ; Value      ; Type                                                                   ;
+------------------------+------------+------------------------------------------------------------------------+
; LPM_WIDTH              ; 7          ; Untyped                                                                ;
; LPM_AVALUE             ; UNUSED     ; Untyped                                                                ;
; LPM_SVALUE             ; UNUSED     ; Untyped                                                                ;
; LPM_FFTYPE             ; DFF        ; Untyped                                                                ;
; DEVICE_FAMILY          ; Stratix II ; Untyped                                                                ;
; CBXI_PARAMETER         ; NOTHING    ; Untyped                                                                ;
; AUTO_CARRY_CHAINS      ; ON         ; AUTO_CARRY                                                             ;
; IGNORE_CARRY_BUFFERS   ; OFF        ; IGNORE_CARRY                                                           ;
; AUTO_CASCADE_CHAINS    ; ON         ; AUTO_CASCADE                                                           ;
; IGNORE_CASCADE_BUFFERS ; OFF        ; IGNORE_CASCADE                                                         ;
+------------------------+------------+------------------------------------------------------------------------+
Note: In order to hide this table in the UI and the text report file, please set the "Show Parameter Settings Tables in Synthesis Report" option in "Analysis and Synthesis Settings -> More Settings" to "Off".


+--------------------------------------------------------------------------------------------------------------+
; Parameter Settings for User Entity Instance: CACHE:inst1|LINE:inst42|lpm_dff2:inst11|lpm_ff:lpm_ff_component ;
+------------------------+------------+------------------------------------------------------------------------+
; Parameter Name         ; Value      ; Type                                                                   ;
+------------------------+------------+------------------------------------------------------------------------+
; LPM_WIDTH              ; 7          ; Untyped                                                                ;
; LPM_AVALUE             ; UNUSED     ; Untyped                                                                ;
; LPM_SVALUE             ; UNUSED     ; Untyped                                                                ;
; LPM_FFTYPE             ; DFF        ; Untyped                                                                ;
; DEVICE_FAMILY          ; Stratix II ; Untyped                                                                ;
; CBXI_PARAMETER         ; NOTHING    ; Untyped                                                                ;
; AUTO_CARRY_CHAINS      ; ON         ; AUTO_CARRY                                                             ;
; IGNORE_CARRY_BUFFERS   ; OFF        ; IGNORE_CARRY                                                           ;
; AUTO_CASCADE_CHAINS    ; ON         ; AUTO_CASCADE                                                           ;
; IGNORE_CASCADE_BUFFERS ; OFF        ; IGNORE_CASCADE                                                         ;
+------------------------+------------+------------------------------------------------------------------------+
Note: In order to hide this table in the UI and the text report file, please set the "Show Parameter Settings Tables in Synthesis Report" option in "Analysis and Synthesis Settings -> More Settings" to "Off".


+--------------------------------------------------------------------------------------------------------------+
; Parameter Settings for User Entity Instance: CACHE:inst1|LINE:inst42|lpm_dff2:inst15|lpm_ff:lpm_ff_component ;
+------------------------+------------+------------------------------------------------------------------------+
; Parameter Name         ; Value      ; Type                                                                   ;
+------------------------+------------+------------------------------------------------------------------------+
; LPM_WIDTH              ; 7          ; Untyped                                                                ;
; LPM_AVALUE             ; UNUSED     ; Untyped                                                                ;
; LPM_SVALUE             ; UNUSED     ; Untyped                                                                ;
; LPM_FFTYPE             ; DFF        ; Untyped                                                                ;
; DEVICE_FAMILY          ; Stratix II ; Untyped                                                                ;
; CBXI_PARAMETER         ; NOTHING    ; Untyped                                                                ;
; AUTO_CARRY_CHAINS      ; ON         ; AUTO_CARRY                                                             ;
; IGNORE_CARRY_BUFFERS   ; OFF        ; IGNORE_CARRY                                                           ;
; AUTO_CASCADE_CHAINS    ; ON         ; AUTO_CASCADE                                                           ;
; IGNORE_CASCADE_BUFFERS ; OFF        ; IGNORE_CASCADE                                                         ;
+------------------------+------------+------------------------------------------------------------------------+
Note: In order to hide this table in the UI and the text report file, please set the "Show Parameter Settings Tables in Synthesis Report" option in "Analysis and Synthesis Settings -> More Settings" to "Off".


+--------------------------------------------------------------------------------------------------------------+
; Parameter Settings for User Entity Instance: CACHE:inst1|LINE:inst42|lpm_dff2:inst12|lpm_ff:lpm_ff_component ;
+------------------------+------------+------------------------------------------------------------------------+
; Parameter Name         ; Value      ; Type                                                                   ;
+------------------------+------------+------------------------------------------------------------------------+
; LPM_WIDTH              ; 7          ; Untyped                                                                ;
; LPM_AVALUE             ; UNUSED     ; Untyped                                                                ;
; LPM_SVALUE             ; UNUSED     ; Untyped                                                                ;
; LPM_FFTYPE             ; DFF        ; Untyped                                                                ;
; DEVICE_FAMILY          ; Stratix II ; Untyped                                                                ;
; CBXI_PARAMETER         ; NOTHING    ; Untyped                                                                ;
; AUTO_CARRY_CHAINS      ; ON         ; AUTO_CARRY                                                             ;
; IGNORE_CARRY_BUFFERS   ; OFF        ; IGNORE_CARRY                                                           ;
; AUTO_CASCADE_CHAINS    ; ON         ; AUTO_CASCADE                                                           ;
; IGNORE_CASCADE_BUFFERS ; OFF        ; IGNORE_CASCADE                                                         ;
+------------------------+------------+------------------------------------------------------------------------+
Note: In order to hide this table in the UI and the text report file, please set the "Show Parameter Settings Tables in Synthesis Report" option in "Analysis and Synthesis Settings -> More Settings" to "Off".


+--------------------------------------------------------------------------------------------------------------+
; Parameter Settings for User Entity Instance: CACHE:inst1|LINE:inst42|lpm_dff2:inst13|lpm_ff:lpm_ff_component ;
+------------------------+------------+------------------------------------------------------------------------+
; Parameter Name         ; Value      ; Type                                                                   ;
+------------------------+------------+------------------------------------------------------------------------+
; LPM_WIDTH              ; 7          ; Untyped                                                                ;
; LPM_AVALUE             ; UNUSED     ; Untyped                                                                ;
; LPM_SVALUE             ; UNUSED     ; Untyped                                                                ;
; LPM_FFTYPE             ; DFF        ; Untyped                                                                ;
; DEVICE_FAMILY          ; Stratix II ; Untyped                                                                ;
; CBXI_PARAMETER         ; NOTHING    ; Untyped                                                                ;
; AUTO_CARRY_CHAINS      ; ON         ; AUTO_CARRY                                                             ;
; IGNORE_CARRY_BUFFERS   ; OFF        ; IGNORE_CARRY                                                           ;
; AUTO_CASCADE_CHAINS    ; ON         ; AUTO_CASCADE                                                           ;
; IGNORE_CASCADE_BUFFERS ; OFF        ; IGNORE_CASCADE                                                         ;
+------------------------+------------+------------------------------------------------------------------------+
Note: In order to hide this table in the UI and the text report file, please set the "Show Parameter Settings Tables in Synthesis Report" option in "Analysis and Synthesis Settings -> More Settings" to "Off".


+--------------------------------------------------------------------------------------------------------------+
; Parameter Settings for User Entity Instance: CACHE:inst1|LINE:inst42|lpm_dff2:inst14|lpm_ff:lpm_ff_component ;
+------------------------+------------+------------------------------------------------------------------------+
; Parameter Name         ; Value      ; Type                                                                   ;
+------------------------+------------+------------------------------------------------------------------------+
; LPM_WIDTH              ; 7          ; Untyped                                                                ;
; LPM_AVALUE             ; UNUSED     ; Untyped                                                                ;
; LPM_SVALUE             ; UNUSED     ; Untyped                                                                ;
; LPM_FFTYPE             ; DFF        ; Untyped                                                                ;
; DEVICE_FAMILY          ; Stratix II ; Untyped                                                                ;
; CBXI_PARAMETER         ; NOTHING    ; Untyped                                                                ;
; AUTO_CARRY_CHAINS      ; ON         ; AUTO_CARRY                                                             ;
; IGNORE_CARRY_BUFFERS   ; OFF        ; IGNORE_CARRY                                                           ;
; AUTO_CASCADE_CHAINS    ; ON         ; AUTO_CASCADE                                                           ;
; IGNORE_CASCADE_BUFFERS ; OFF        ; IGNORE_CASCADE                                                         ;
+------------------------+------------+------------------------------------------------------------------------+
Note: In order to hide this table in the UI and the text report file, please set the "Show Parameter Settings Tables in Synthesis Report" option in "Analysis and Synthesis Settings -> More Settings" to "Off".


+-------------------------------------------------------------------------------------------------------------------------+
; Parameter Settings for User Entity Instance: CACHE:inst1|LINE:inst42|lpm_bustri1:inst25|lpm_bustri:lpm_bustri_component ;
+----------------+-------+------------------------------------------------------------------------------------------------+
; Parameter Name ; Value ; Type                                                                                           ;
+----------------+-------+------------------------------------------------------------------------------------------------+
; LPM_WIDTH      ; 7     ; Untyped                                                                                        ;
+----------------+-------+------------------------------------------------------------------------------------------------+
Note: In order to hide this table in the UI and the text report file, please set the "Show Parameter Settings Tables in Synthesis Report" option in "Analysis and Synthesis Settings -> More Settings" to "Off".


+----------------------------------------------------------------------------------------------------------------+
; Parameter Settings for User Entity Instance: CACHE:inst1|LINE:inst42|lpm_mux0:inst24|lpm_mux:lpm_mux_component ;
+------------------------+------------+--------------------------------------------------------------------------+
; Parameter Name         ; Value      ; Type                                                                     ;
+------------------------+------------+--------------------------------------------------------------------------+
; AUTO_CARRY_CHAINS      ; ON         ; AUTO_CARRY                                                               ;
; IGNORE_CARRY_BUFFERS   ; OFF        ; IGNORE_CARRY                                                             ;
; AUTO_CASCADE_CHAINS    ; ON         ; AUTO_CASCADE                                                             ;
; IGNORE_CASCADE_BUFFERS ; OFF        ; IGNORE_CASCADE                                                           ;
; LPM_WIDTH              ; 7          ; Untyped                                                                  ;
; LPM_SIZE               ; 8          ; Untyped                                                                  ;
; LPM_WIDTHS             ; 3          ; Untyped                                                                  ;
; LPM_PIPELINE           ; 0          ; Untyped                                                                  ;
; CBXI_PARAMETER         ; mux_5oc    ; Untyped                                                                  ;
; DEVICE_FAMILY          ; Stratix II ; Untyped                                                                  ;
+------------------------+------------+--------------------------------------------------------------------------+
Note: In order to hide this table in the UI and the text report file, please set the "Show Parameter Settings Tables in Synthesis Report" option in "Analysis and Synthesis Settings -> More Settings" to "Off".


+-------------------------------------------------------------------------------------------------------------+
; Parameter Settings for User Entity Instance: CACHE:inst1|LINE:inst42|lpm_dff1:inst5|lpm_ff:lpm_ff_component ;
+------------------------+------------+-----------------------------------------------------------------------+
; Parameter Name         ; Value      ; Type                                                                  ;
+------------------------+------------+-----------------------------------------------------------------------+
; LPM_WIDTH              ; 5          ; Untyped                                                               ;
; LPM_AVALUE             ; UNUSED     ; Untyped                                                               ;
; LPM_SVALUE             ; UNUSED     ; Untyped                                                               ;
; LPM_FFTYPE             ; DFF        ; Untyped                                                               ;
; DEVICE_FAMILY          ; Stratix II ; Untyped                                                               ;
; CBXI_PARAMETER         ; NOTHING    ; Untyped                                                               ;
; AUTO_CARRY_CHAINS      ; ON         ; AUTO_CARRY                                                            ;
; IGNORE_CARRY_BUFFERS   ; OFF        ; IGNORE_CARRY                                                          ;
; AUTO_CASCADE_CHAINS    ; ON         ; AUTO_CASCADE                                                          ;
; IGNORE_CASCADE_BUFFERS ; OFF        ; IGNORE_CASCADE                                                        ;
+------------------------+------------+-----------------------------------------------------------------------+
Note: In order to hide this table in the UI and the text report file, please set the "Show Parameter Settings Tables in Synthesis Report" option in "Analysis and Synthesis Settings -> More Settings" to "Off".


+------------------------------------------------------------------------------------------------------------------------+
; Parameter Settings for User Entity Instance: CACHE:inst1|LINE:inst36|lpm_decode1:inst4|lpm_decode:lpm_decode_component ;
+------------------------+------------+----------------------------------------------------------------------------------+
; Parameter Name         ; Value      ; Type                                                                             ;
+------------------------+------------+----------------------------------------------------------------------------------+
; LPM_WIDTH              ; 8          ; Untyped                                                                          ;
; LPM_DECODES            ; 256        ; Untyped                                                                          ;
; LPM_PIPELINE           ; 0          ; Untyped                                                                          ;
; CASCADE_CHAIN          ; MANUAL     ; Untyped                                                                          ;
; DEVICE_FAMILY          ; Stratix II ; Untyped                                                                          ;
; CBXI_PARAMETER         ; decode_8bf ; Untyped                                                                          ;
; AUTO_CARRY_CHAINS      ; ON         ; AUTO_CARRY                                                                       ;
; IGNORE_CARRY_BUFFERS   ; OFF        ; IGNORE_CARRY                                                                     ;
; AUTO_CASCADE_CHAINS    ; ON         ; AUTO_CASCADE                                                                     ;
; IGNORE_CASCADE_BUFFERS ; OFF        ; IGNORE_CASCADE                                                                   ;
+------------------------+------------+----------------------------------------------------------------------------------+
Note: In order to hide this table in the UI and the text report file, please set the "Show Parameter Settings Tables in Synthesis Report" option in "Analysis and Synthesis Settings -> More Settings" to "Off".


+---------------------------------------------------------------------------------------------------------------------------+
; Parameter Settings for User Entity Instance: CACHE:inst1|LINE:inst36|lpm_counter0:inst3|lpm_counter:lpm_counter_component ;
+------------------------+-------------+------------------------------------------------------------------------------------+
; Parameter Name         ; Value       ; Type                                                                               ;
+------------------------+-------------+------------------------------------------------------------------------------------+
; AUTO_CARRY_CHAINS      ; ON          ; AUTO_CARRY                                                                         ;
; IGNORE_CARRY_BUFFERS   ; OFF         ; IGNORE_CARRY                                                                       ;
; AUTO_CASCADE_CHAINS    ; ON          ; AUTO_CASCADE                                                                       ;
; IGNORE_CASCADE_BUFFERS ; OFF         ; IGNORE_CASCADE                                                                     ;
; LPM_WIDTH              ; 8           ; Untyped                                                                            ;
; LPM_DIRECTION          ; UP          ; Untyped                                                                            ;
; LPM_MODULUS            ; 0           ; Untyped                                                                            ;
; LPM_AVALUE             ; UNUSED      ; Untyped                                                                            ;
; LPM_SVALUE             ; UNUSED      ; Untyped                                                                            ;
; LPM_PORT_UPDOWN        ; PORT_UNUSED ; Untyped                                                                            ;
; DEVICE_FAMILY          ; Stratix II  ; Untyped                                                                            ;
; CARRY_CHAIN            ; MANUAL      ; Untyped                                                                            ;
; CARRY_CHAIN_LENGTH     ; 48          ; CARRY_CHAIN_LENGTH                                                                 ;
; NOT_GATE_PUSH_BACK     ; ON          ; NOT_GATE_PUSH_BACK                                                                 ;
; CARRY_CNT_EN           ; SMART       ; Untyped                                                                            ;
; LABWIDE_SCLR           ; ON          ; Untyped                                                                            ;
; USE_NEW_VERSION        ; TRUE        ; Untyped                                                                            ;
; CBXI_PARAMETER         ; cntr_coi    ; Untyped                                                                            ;
+------------------------+-------------+------------------------------------------------------------------------------------+
Note: In order to hide this table in the UI and the text report file, please set the "Show Parameter Settings Tables in Synthesis Report" option in "Analysis and Synthesis Settings -> More Settings" to "Off".


+-------------------------------------------------------------------------------------------------------------+
; Parameter Settings for User Entity Instance: CACHE:inst1|LINE:inst36|lpm_dff2:inst8|lpm_ff:lpm_ff_component ;
+------------------------+------------+-----------------------------------------------------------------------+
; Parameter Name         ; Value      ; Type                                                                  ;
+------------------------+------------+-----------------------------------------------------------------------+
; LPM_WIDTH              ; 7          ; Untyped                                                               ;
; LPM_AVALUE             ; UNUSED     ; Untyped                                                               ;
; LPM_SVALUE             ; UNUSED     ; Untyped                                                               ;
; LPM_FFTYPE             ; DFF        ; Untyped                                                               ;
; DEVICE_FAMILY          ; Stratix II ; Untyped                                                               ;
; CBXI_PARAMETER         ; NOTHING    ; Untyped                                                               ;
; AUTO_CARRY_CHAINS      ; ON         ; AUTO_CARRY                                                            ;
; IGNORE_CARRY_BUFFERS   ; OFF        ; IGNORE_CARRY                                                          ;
; AUTO_CASCADE_CHAINS    ; ON         ; AUTO_CASCADE                                                          ;
; IGNORE_CASCADE_BUFFERS ; OFF        ; IGNORE_CASCADE                                                        ;
+------------------------+------------+-----------------------------------------------------------------------+
Note: In order to hide this table in the UI and the text report file, please set the "Show Parameter Settings Tables in Synthesis Report" option in "Analysis and Synthesis Settings -> More Settings" to "Off".


+------------------------------------------------------------------------------------------------------------------------+
; Parameter Settings for User Entity Instance: CACHE:inst1|LINE:inst36|lpm_decode3:inst2|lpm_decode:lpm_decode_component ;
+------------------------+------------+----------------------------------------------------------------------------------+
; Parameter Name         ; Value      ; Type                                                                             ;
+------------------------+------------+----------------------------------------------------------------------------------+
; LPM_WIDTH              ; 3          ; Untyped                                                                          ;
; LPM_DECODES            ; 8          ; Untyped                                                                          ;
; LPM_PIPELINE           ; 0          ; Untyped                                                                          ;
; CASCADE_CHAIN          ; MANUAL     ; Untyped                                                                          ;
; DEVICE_FAMILY          ; Stratix II ; Untyped                                                                          ;
; CBXI_PARAMETER         ; decode_5sf ; Untyped                                                                          ;
; AUTO_CARRY_CHAINS      ; ON         ; AUTO_CARRY                                                                       ;
; IGNORE_CARRY_BUFFERS   ; OFF        ; IGNORE_CARRY                                                                     ;
; AUTO_CASCADE_CHAINS    ; ON         ; AUTO_CASCADE                                                                     ;
; IGNORE_CASCADE_BUFFERS ; OFF        ; IGNORE_CASCADE                                                                   ;
+------------------------+------------+----------------------------------------------------------------------------------+
Note: In order to hide this table in the UI and the text report file, please set the "Show Parameter Settings Tables in Synthesis Report" option in "Analysis and Synthesis Settings -> More Settings" to "Off".


+-------------------------------------------------------------------------------------------------------------+
; Parameter Settings for User Entity Instance: CACHE:inst1|LINE:inst36|lpm_dff2:inst9|lpm_ff:lpm_ff_component ;
+------------------------+------------+-----------------------------------------------------------------------+
; Parameter Name         ; Value      ; Type                                                                  ;
+------------------------+------------+-----------------------------------------------------------------------+
; LPM_WIDTH              ; 7          ; Untyped                                                               ;
; LPM_AVALUE             ; UNUSED     ; Untyped                                                               ;
; LPM_SVALUE             ; UNUSED     ; Untyped                                                               ;
; LPM_FFTYPE             ; DFF        ; Untyped                                                               ;
; DEVICE_FAMILY          ; Stratix II ; Untyped                                                               ;
; CBXI_PARAMETER         ; NOTHING    ; Untyped                                                               ;
; AUTO_CARRY_CHAINS      ; ON         ; AUTO_CARRY                                                            ;
; IGNORE_CARRY_BUFFERS   ; OFF        ; IGNORE_CARRY                                                          ;
; AUTO_CASCADE_CHAINS    ; ON         ; AUTO_CASCADE                                                          ;
; IGNORE_CASCADE_BUFFERS ; OFF        ; IGNORE_CASCADE                                                        ;
+------------------------+------------+-----------------------------------------------------------------------+
Note: In order to hide this table in the UI and the text report file, please set the "Show Parameter Settings Tables in Synthesis Report" option in "Analysis and Synthesis Settings -> More Settings" to "Off".


+--------------------------------------------------------------------------------------------------------------+
; Parameter Settings for User Entity Instance: CACHE:inst1|LINE:inst36|lpm_dff2:inst10|lpm_ff:lpm_ff_component ;
+------------------------+------------+------------------------------------------------------------------------+
; Parameter Name         ; Value      ; Type                                                                   ;
+------------------------+------------+------------------------------------------------------------------------+
; LPM_WIDTH              ; 7          ; Untyped                                                                ;
; LPM_AVALUE             ; UNUSED     ; Untyped                                                                ;
; LPM_SVALUE             ; UNUSED     ; Untyped                                                                ;
; LPM_FFTYPE             ; DFF        ; Untyped                                                                ;
; DEVICE_FAMILY          ; Stratix II ; Untyped                                                                ;
; CBXI_PARAMETER         ; NOTHING    ; Untyped                                                                ;
; AUTO_CARRY_CHAINS      ; ON         ; AUTO_CARRY                                                             ;
; IGNORE_CARRY_BUFFERS   ; OFF        ; IGNORE_CARRY                                                           ;
; AUTO_CASCADE_CHAINS    ; ON         ; AUTO_CASCADE                                                           ;
; IGNORE_CASCADE_BUFFERS ; OFF        ; IGNORE_CASCADE                                                         ;
+------------------------+------------+------------------------------------------------------------------------+
Note: In order to hide this table in the UI and the text report file, please set the "Show Parameter Settings Tables in Synthesis Report" option in "Analysis and Synthesis Settings -> More Settings" to "Off".


+--------------------------------------------------------------------------------------------------------------+
; Parameter Settings for User Entity Instance: CACHE:inst1|LINE:inst36|lpm_dff2:inst11|lpm_ff:lpm_ff_component ;
+------------------------+------------+------------------------------------------------------------------------+
; Parameter Name         ; Value      ; Type                                                                   ;
+------------------------+------------+------------------------------------------------------------------------+
; LPM_WIDTH              ; 7          ; Untyped                                                                ;
; LPM_AVALUE             ; UNUSED     ; Untyped                                                                ;
; LPM_SVALUE             ; UNUSED     ; Untyped                                                                ;
; LPM_FFTYPE             ; DFF        ; Untyped                                                                ;
; DEVICE_FAMILY          ; Stratix II ; Untyped                                                                ;
; CBXI_PARAMETER         ; NOTHING    ; Untyped                                                                ;
; AUTO_CARRY_CHAINS      ; ON         ; AUTO_CARRY                                                             ;
; IGNORE_CARRY_BUFFERS   ; OFF        ; IGNORE_CARRY                                                           ;
; AUTO_CASCADE_CHAINS    ; ON         ; AUTO_CASCADE                                                           ;
; IGNORE_CASCADE_BUFFERS ; OFF        ; IGNORE_CASCADE                                                         ;
+------------------------+------------+------------------------------------------------------------------------+
Note: In order to hide this table in the UI and the text report file, please set the "Show Parameter Settings Tables in Synthesis Report" option in "Analysis and Synthesis Settings -> More Settings" to "Off".


+--------------------------------------------------------------------------------------------------------------+
; Parameter Settings for User Entity Instance: CACHE:inst1|LINE:inst36|lpm_dff2:inst15|lpm_ff:lpm_ff_component ;
+------------------------+------------+------------------------------------------------------------------------+
; Parameter Name         ; Value      ; Type                                                                   ;
+------------------------+------------+------------------------------------------------------------------------+
; LPM_WIDTH              ; 7          ; Untyped                                                                ;
; LPM_AVALUE             ; UNUSED     ; Untyped                                                                ;
; LPM_SVALUE             ; UNUSED     ; Untyped                                                                ;
; LPM_FFTYPE             ; DFF        ; Untyped                                                                ;
; DEVICE_FAMILY          ; Stratix II ; Untyped                                                                ;
; CBXI_PARAMETER         ; NOTHING    ; Untyped                                                                ;
; AUTO_CARRY_CHAINS      ; ON         ; AUTO_CARRY                                                             ;
; IGNORE_CARRY_BUFFERS   ; OFF        ; IGNORE_CARRY                                                           ;
; AUTO_CASCADE_CHAINS    ; ON         ; AUTO_CASCADE                                                           ;
; IGNORE_CASCADE_BUFFERS ; OFF        ; IGNORE_CASCADE                                                         ;
+------------------------+------------+------------------------------------------------------------------------+
Note: In order to hide this table in the UI and the text report file, please set the "Show Parameter Settings Tables in Synthesis Report" option in "Analysis and Synthesis Settings -> More Settings" to "Off".


+--------------------------------------------------------------------------------------------------------------+
; Parameter Settings for User Entity Instance: CACHE:inst1|LINE:inst36|lpm_dff2:inst12|lpm_ff:lpm_ff_component ;
+------------------------+------------+------------------------------------------------------------------------+
; Parameter Name         ; Value      ; Type                                                                   ;
+------------------------+------------+------------------------------------------------------------------------+
; LPM_WIDTH              ; 7          ; Untyped                                                                ;
; LPM_AVALUE             ; UNUSED     ; Untyped                                                                ;
; LPM_SVALUE             ; UNUSED     ; Untyped                                                                ;
; LPM_FFTYPE             ; DFF        ; Untyped                                                                ;
; DEVICE_FAMILY          ; Stratix II ; Untyped                                                                ;
; CBXI_PARAMETER         ; NOTHING    ; Untyped                                                                ;
; AUTO_CARRY_CHAINS      ; ON         ; AUTO_CARRY                                                             ;
; IGNORE_CARRY_BUFFERS   ; OFF        ; IGNORE_CARRY                                                           ;
; AUTO_CASCADE_CHAINS    ; ON         ; AUTO_CASCADE                                                           ;
; IGNORE_CASCADE_BUFFERS ; OFF        ; IGNORE_CASCADE                                                         ;
+------------------------+------------+------------------------------------------------------------------------+
Note: In order to hide this table in the UI and the text report file, please set the "Show Parameter Settings Tables in Synthesis Report" option in "Analysis and Synthesis Settings -> More Settings" to "Off".


+--------------------------------------------------------------------------------------------------------------+
; Parameter Settings for User Entity Instance: CACHE:inst1|LINE:inst36|lpm_dff2:inst13|lpm_ff:lpm_ff_component ;
+------------------------+------------+------------------------------------------------------------------------+
; Parameter Name         ; Value      ; Type                                                                   ;
+------------------------+------------+------------------------------------------------------------------------+
; LPM_WIDTH              ; 7          ; Untyped                                                                ;
; LPM_AVALUE             ; UNUSED     ; Untyped                                                                ;
; LPM_SVALUE             ; UNUSED     ; Untyped                                                                ;
; LPM_FFTYPE             ; DFF        ; Untyped                                                                ;
; DEVICE_FAMILY          ; Stratix II ; Untyped                                                                ;
; CBXI_PARAMETER         ; NOTHING    ; Untyped                                                                ;
; AUTO_CARRY_CHAINS      ; ON         ; AUTO_CARRY                                                             ;
; IGNORE_CARRY_BUFFERS   ; OFF        ; IGNORE_CARRY                                                           ;
; AUTO_CASCADE_CHAINS    ; ON         ; AUTO_CASCADE                                                           ;
; IGNORE_CASCADE_BUFFERS ; OFF        ; IGNORE_CASCADE                                                         ;
+------------------------+------------+------------------------------------------------------------------------+
Note: In order to hide this table in the UI and the text report file, please set the "Show Parameter Settings Tables in Synthesis Report" option in "Analysis and Synthesis Settings -> More Settings" to "Off".


+--------------------------------------------------------------------------------------------------------------+
; Parameter Settings for User Entity Instance: CACHE:inst1|LINE:inst36|lpm_dff2:inst14|lpm_ff:lpm_ff_component ;
+------------------------+------------+------------------------------------------------------------------------+
; Parameter Name         ; Value      ; Type                                                                   ;
+------------------------+------------+------------------------------------------------------------------------+
; LPM_WIDTH              ; 7          ; Untyped                                                                ;
; LPM_AVALUE             ; UNUSED     ; Untyped                                                                ;
; LPM_SVALUE             ; UNUSED     ; Untyped                                                                ;
; LPM_FFTYPE             ; DFF        ; Untyped                                                                ;
; DEVICE_FAMILY          ; Stratix II ; Untyped                                                                ;
; CBXI_PARAMETER         ; NOTHING    ; Untyped                                                                ;
; AUTO_CARRY_CHAINS      ; ON         ; AUTO_CARRY                                                             ;
; IGNORE_CARRY_BUFFERS   ; OFF        ; IGNORE_CARRY                                                           ;
; AUTO_CASCADE_CHAINS    ; ON         ; AUTO_CASCADE                                                           ;
; IGNORE_CASCADE_BUFFERS ; OFF        ; IGNORE_CASCADE                                                         ;
+------------------------+------------+------------------------------------------------------------------------+
Note: In order to hide this table in the UI and the text report file, please set the "Show Parameter Settings Tables in Synthesis Report" option in "Analysis and Synthesis Settings -> More Settings" to "Off".


+-------------------------------------------------------------------------------------------------------------------------+
; Parameter Settings for User Entity Instance: CACHE:inst1|LINE:inst36|lpm_bustri1:inst25|lpm_bustri:lpm_bustri_component ;
+----------------+-------+------------------------------------------------------------------------------------------------+
; Parameter Name ; Value ; Type                                                                                           ;
+----------------+-------+------------------------------------------------------------------------------------------------+
; LPM_WIDTH      ; 7     ; Untyped                                                                                        ;
+----------------+-------+------------------------------------------------------------------------------------------------+
Note: In order to hide this table in the UI and the text report file, please set the "Show Parameter Settings Tables in Synthesis Report" option in "Analysis and Synthesis Settings -> More Settings" to "Off".


+----------------------------------------------------------------------------------------------------------------+
; Parameter Settings for User Entity Instance: CACHE:inst1|LINE:inst36|lpm_mux0:inst24|lpm_mux:lpm_mux_component ;
+------------------------+------------+--------------------------------------------------------------------------+
; Parameter Name         ; Value      ; Type                                                                     ;
+------------------------+------------+--------------------------------------------------------------------------+
; AUTO_CARRY_CHAINS      ; ON         ; AUTO_CARRY                                                               ;
; IGNORE_CARRY_BUFFERS   ; OFF        ; IGNORE_CARRY                                                             ;
; AUTO_CASCADE_CHAINS    ; ON         ; AUTO_CASCADE                                                             ;
; IGNORE_CASCADE_BUFFERS ; OFF        ; IGNORE_CASCADE                                                           ;
; LPM_WIDTH              ; 7          ; Untyped                                                                  ;
; LPM_SIZE               ; 8          ; Untyped                                                                  ;
; LPM_WIDTHS             ; 3          ; Untyped                                                                  ;
; LPM_PIPELINE           ; 0          ; Untyped                                                                  ;
; CBXI_PARAMETER         ; mux_5oc    ; Untyped                                                                  ;
; DEVICE_FAMILY          ; Stratix II ; Untyped                                                                  ;
+------------------------+------------+--------------------------------------------------------------------------+
Note: In order to hide this table in the UI and the text report file, please set the "Show Parameter Settings Tables in Synthesis Report" option in "Analysis and Synthesis Settings -> More Settings" to "Off".


+-------------------------------------------------------------------------------------------------------------+
; Parameter Settings for User Entity Instance: CACHE:inst1|LINE:inst36|lpm_dff1:inst5|lpm_ff:lpm_ff_component ;
+------------------------+------------+-----------------------------------------------------------------------+
; Parameter Name         ; Value      ; Type                                                                  ;
+------------------------+------------+-----------------------------------------------------------------------+
; LPM_WIDTH              ; 5          ; Untyped                                                               ;
; LPM_AVALUE             ; UNUSED     ; Untyped                                                               ;
; LPM_SVALUE             ; UNUSED     ; Untyped                                                               ;
; LPM_FFTYPE             ; DFF        ; Untyped                                                               ;
; DEVICE_FAMILY          ; Stratix II ; Untyped                                                               ;
; CBXI_PARAMETER         ; NOTHING    ; Untyped                                                               ;
; AUTO_CARRY_CHAINS      ; ON         ; AUTO_CARRY                                                            ;
; IGNORE_CARRY_BUFFERS   ; OFF        ; IGNORE_CARRY                                                          ;
; AUTO_CASCADE_CHAINS    ; ON         ; AUTO_CASCADE                                                          ;
; IGNORE_CASCADE_BUFFERS ; OFF        ; IGNORE_CASCADE                                                        ;
+------------------------+------------+-----------------------------------------------------------------------+
Note: In order to hide this table in the UI and the text report file, please set the "Show Parameter Settings Tables in Synthesis Report" option in "Analysis and Synthesis Settings -> More Settings" to "Off".


+------------------------------------------------------------------------------------------------------------------------+
; Parameter Settings for User Entity Instance: CACHE:inst1|LINE:inst38|lpm_decode1:inst4|lpm_decode:lpm_decode_component ;
+------------------------+------------+----------------------------------------------------------------------------------+
; Parameter Name         ; Value      ; Type                                                                             ;
+------------------------+------------+----------------------------------------------------------------------------------+
; LPM_WIDTH              ; 8          ; Untyped                                                                          ;
; LPM_DECODES            ; 256        ; Untyped                                                                          ;
; LPM_PIPELINE           ; 0          ; Untyped                                                                          ;
; CASCADE_CHAIN          ; MANUAL     ; Untyped                                                                          ;
; DEVICE_FAMILY          ; Stratix II ; Untyped                                                                          ;
; CBXI_PARAMETER         ; decode_8bf ; Untyped                                                                          ;
; AUTO_CARRY_CHAINS      ; ON         ; AUTO_CARRY                                                                       ;
; IGNORE_CARRY_BUFFERS   ; OFF        ; IGNORE_CARRY                                                                     ;
; AUTO_CASCADE_CHAINS    ; ON         ; AUTO_CASCADE                                                                     ;
; IGNORE_CASCADE_BUFFERS ; OFF        ; IGNORE_CASCADE                                                                   ;
+------------------------+------------+----------------------------------------------------------------------------------+
Note: In order to hide this table in the UI and the text report file, please set the "Show Parameter Settings Tables in Synthesis Report" option in "Analysis and Synthesis Settings -> More Settings" to "Off".


+---------------------------------------------------------------------------------------------------------------------------+
; Parameter Settings for User Entity Instance: CACHE:inst1|LINE:inst38|lpm_counter0:inst3|lpm_counter:lpm_counter_component ;
+------------------------+-------------+------------------------------------------------------------------------------------+
; Parameter Name         ; Value       ; Type                                                                               ;
+------------------------+-------------+------------------------------------------------------------------------------------+
; AUTO_CARRY_CHAINS      ; ON          ; AUTO_CARRY                                                                         ;
; IGNORE_CARRY_BUFFERS   ; OFF         ; IGNORE_CARRY                                                                       ;
; AUTO_CASCADE_CHAINS    ; ON          ; AUTO_CASCADE                                                                       ;
; IGNORE_CASCADE_BUFFERS ; OFF         ; IGNORE_CASCADE                                                                     ;
; LPM_WIDTH              ; 8           ; Untyped                                                                            ;
; LPM_DIRECTION          ; UP          ; Untyped                                                                            ;
; LPM_MODULUS            ; 0           ; Untyped                                                                            ;
; LPM_AVALUE             ; UNUSED      ; Untyped                                                                            ;
; LPM_SVALUE             ; UNUSED      ; Untyped                                                                            ;
; LPM_PORT_UPDOWN        ; PORT_UNUSED ; Untyped                                                                            ;
; DEVICE_FAMILY          ; Stratix II  ; Untyped                                                                            ;
; CARRY_CHAIN            ; MANUAL      ; Untyped                                                                            ;
; CARRY_CHAIN_LENGTH     ; 48          ; CARRY_CHAIN_LENGTH                                                                 ;
; NOT_GATE_PUSH_BACK     ; ON          ; NOT_GATE_PUSH_BACK                                                                 ;
; CARRY_CNT_EN           ; SMART       ; Untyped                                                                            ;
; LABWIDE_SCLR           ; ON          ; Untyped                                                                            ;
; USE_NEW_VERSION        ; TRUE        ; Untyped                                                                            ;
; CBXI_PARAMETER         ; cntr_coi    ; Untyped                                                                            ;
+------------------------+-------------+------------------------------------------------------------------------------------+
Note: In order to hide this table in the UI and the text report file, please set the "Show Parameter Settings Tables in Synthesis Report" option in "Analysis and Synthesis Settings -> More Settings" to "Off".


+-------------------------------------------------------------------------------------------------------------+
; Parameter Settings for User Entity Instance: CACHE:inst1|LINE:inst38|lpm_dff2:inst8|lpm_ff:lpm_ff_component ;
+------------------------+------------+-----------------------------------------------------------------------+
; Parameter Name         ; Value      ; Type                                                                  ;
+------------------------+------------+-----------------------------------------------------------------------+
; LPM_WIDTH              ; 7          ; Untyped                                                               ;
; LPM_AVALUE             ; UNUSED     ; Untyped                                                               ;
; LPM_SVALUE             ; UNUSED     ; Untyped                                                               ;
; LPM_FFTYPE             ; DFF        ; Untyped                                                               ;
; DEVICE_FAMILY          ; Stratix II ; Untyped                                                               ;
; CBXI_PARAMETER         ; NOTHING    ; Untyped                                                               ;
; AUTO_CARRY_CHAINS      ; ON         ; AUTO_CARRY                                                            ;
; IGNORE_CARRY_BUFFERS   ; OFF        ; IGNORE_CARRY                                                          ;
; AUTO_CASCADE_CHAINS    ; ON         ; AUTO_CASCADE                                                          ;
; IGNORE_CASCADE_BUFFERS ; OFF        ; IGNORE_CASCADE                                                        ;
+------------------------+------------+-----------------------------------------------------------------------+
Note: In order to hide this table in the UI and the text report file, please set the "Show Parameter Settings Tables in Synthesis Report" option in "Analysis and Synthesis Settings -> More Settings" to "Off".


+------------------------------------------------------------------------------------------------------------------------+
; Parameter Settings for User Entity Instance: CACHE:inst1|LINE:inst38|lpm_decode3:inst2|lpm_decode:lpm_decode_component ;
+------------------------+------------+----------------------------------------------------------------------------------+
; Parameter Name         ; Value      ; Type                                                                             ;
+------------------------+------------+----------------------------------------------------------------------------------+
; LPM_WIDTH              ; 3          ; Untyped                                                                          ;
; LPM_DECODES            ; 8          ; Untyped                                                                          ;
; LPM_PIPELINE           ; 0          ; Untyped                                                                          ;
; CASCADE_CHAIN          ; MANUAL     ; Untyped                                                                          ;
; DEVICE_FAMILY          ; Stratix II ; Untyped                                                                          ;
; CBXI_PARAMETER         ; decode_5sf ; Untyped                                                                          ;
; AUTO_CARRY_CHAINS      ; ON         ; AUTO_CARRY                                                                       ;
; IGNORE_CARRY_BUFFERS   ; OFF        ; IGNORE_CARRY                                                                     ;
; AUTO_CASCADE_CHAINS    ; ON         ; AUTO_CASCADE                                                                     ;
; IGNORE_CASCADE_BUFFERS ; OFF        ; IGNORE_CASCADE                                                                   ;
+------------------------+------------+----------------------------------------------------------------------------------+
Note: In order to hide this table in the UI and the text report file, please set the "Show Parameter Settings Tables in Synthesis Report" option in "Analysis and Synthesis Settings -> More Settings" to "Off".


+-------------------------------------------------------------------------------------------------------------+
; Parameter Settings for User Entity Instance: CACHE:inst1|LINE:inst38|lpm_dff2:inst9|lpm_ff:lpm_ff_component ;
+------------------------+------------+-----------------------------------------------------------------------+
; Parameter Name         ; Value      ; Type                                                                  ;
+------------------------+------------+-----------------------------------------------------------------------+
; LPM_WIDTH              ; 7          ; Untyped                                                               ;
; LPM_AVALUE             ; UNUSED     ; Untyped                                                               ;
; LPM_SVALUE             ; UNUSED     ; Untyped                                                               ;
; LPM_FFTYPE             ; DFF        ; Untyped                                                               ;
; DEVICE_FAMILY          ; Stratix II ; Untyped                                                               ;
; CBXI_PARAMETER         ; NOTHING    ; Untyped                                                               ;
; AUTO_CARRY_CHAINS      ; ON         ; AUTO_CARRY                                                            ;
; IGNORE_CARRY_BUFFERS   ; OFF        ; IGNORE_CARRY                                                          ;
; AUTO_CASCADE_CHAINS    ; ON         ; AUTO_CASCADE                                                          ;
; IGNORE_CASCADE_BUFFERS ; OFF        ; IGNORE_CASCADE                                                        ;
+------------------------+------------+-----------------------------------------------------------------------+
Note: In order to hide this table in the UI and the text report file, please set the "Show Parameter Settings Tables in Synthesis Report" option in "Analysis and Synthesis Settings -> More Settings" to "Off".


+--------------------------------------------------------------------------------------------------------------+
; Parameter Settings for User Entity Instance: CACHE:inst1|LINE:inst38|lpm_dff2:inst10|lpm_ff:lpm_ff_component ;
+------------------------+------------+------------------------------------------------------------------------+
; Parameter Name         ; Value      ; Type                                                                   ;
+------------------------+------------+------------------------------------------------------------------------+
; LPM_WIDTH              ; 7          ; Untyped                                                                ;
; LPM_AVALUE             ; UNUSED     ; Untyped                                                                ;
; LPM_SVALUE             ; UNUSED     ; Untyped                                                                ;
; LPM_FFTYPE             ; DFF        ; Untyped                                                                ;
; DEVICE_FAMILY          ; Stratix II ; Untyped                                                                ;
; CBXI_PARAMETER         ; NOTHING    ; Untyped                                                                ;
; AUTO_CARRY_CHAINS      ; ON         ; AUTO_CARRY                                                             ;
; IGNORE_CARRY_BUFFERS   ; OFF        ; IGNORE_CARRY                                                           ;
; AUTO_CASCADE_CHAINS    ; ON         ; AUTO_CASCADE                                                           ;
; IGNORE_CASCADE_BUFFERS ; OFF        ; IGNORE_CASCADE                                                         ;
+------------------------+------------+------------------------------------------------------------------------+
Note: In order to hide this table in the UI and the text report file, please set the "Show Parameter Settings Tables in Synthesis Report" option in "Analysis and Synthesis Settings -> More Settings" to "Off".


+--------------------------------------------------------------------------------------------------------------+
; Parameter Settings for User Entity Instance: CACHE:inst1|LINE:inst38|lpm_dff2:inst11|lpm_ff:lpm_ff_component ;
+------------------------+------------+------------------------------------------------------------------------+
; Parameter Name         ; Value      ; Type                                                                   ;
+------------------------+------------+------------------------------------------------------------------------+
; LPM_WIDTH              ; 7          ; Untyped                                                                ;
; LPM_AVALUE             ; UNUSED     ; Untyped                                                                ;
; LPM_SVALUE             ; UNUSED     ; Untyped                                                                ;
; LPM_FFTYPE             ; DFF        ; Untyped                                                                ;
; DEVICE_FAMILY          ; Stratix II ; Untyped                                                                ;
; CBXI_PARAMETER         ; NOTHING    ; Untyped                                                                ;
; AUTO_CARRY_CHAINS      ; ON         ; AUTO_CARRY                                                             ;
; IGNORE_CARRY_BUFFERS   ; OFF        ; IGNORE_CARRY                                                           ;
; AUTO_CASCADE_CHAINS    ; ON         ; AUTO_CASCADE                                                           ;
; IGNORE_CASCADE_BUFFERS ; OFF        ; IGNORE_CASCADE                                                         ;
+------------------------+------------+------------------------------------------------------------------------+
Note: In order to hide this table in the UI and the text report file, please set the "Show Parameter Settings Tables in Synthesis Report" option in "Analysis and Synthesis Settings -> More Settings" to "Off".


+--------------------------------------------------------------------------------------------------------------+
; Parameter Settings for User Entity Instance: CACHE:inst1|LINE:inst38|lpm_dff2:inst15|lpm_ff:lpm_ff_component ;
+------------------------+------------+------------------------------------------------------------------------+
; Parameter Name         ; Value      ; Type                                                                   ;
+------------------------+------------+------------------------------------------------------------------------+
; LPM_WIDTH              ; 7          ; Untyped                                                                ;
; LPM_AVALUE             ; UNUSED     ; Untyped                                                                ;
; LPM_SVALUE             ; UNUSED     ; Untyped                                                                ;
; LPM_FFTYPE             ; DFF        ; Untyped                                                                ;
; DEVICE_FAMILY          ; Stratix II ; Untyped                                                                ;
; CBXI_PARAMETER         ; NOTHING    ; Untyped                                                                ;
; AUTO_CARRY_CHAINS      ; ON         ; AUTO_CARRY                                                             ;
; IGNORE_CARRY_BUFFERS   ; OFF        ; IGNORE_CARRY                                                           ;
; AUTO_CASCADE_CHAINS    ; ON         ; AUTO_CASCADE                                                           ;
; IGNORE_CASCADE_BUFFERS ; OFF        ; IGNORE_CASCADE                                                         ;
+------------------------+------------+------------------------------------------------------------------------+
Note: In order to hide this table in the UI and the text report file, please set the "Show Parameter Settings Tables in Synthesis Report" option in "Analysis and Synthesis Settings -> More Settings" to "Off".


+--------------------------------------------------------------------------------------------------------------+
; Parameter Settings for User Entity Instance: CACHE:inst1|LINE:inst38|lpm_dff2:inst12|lpm_ff:lpm_ff_component ;
+------------------------+------------+------------------------------------------------------------------------+
; Parameter Name         ; Value      ; Type                                                                   ;
+------------------------+------------+------------------------------------------------------------------------+
; LPM_WIDTH              ; 7          ; Untyped                                                                ;
; LPM_AVALUE             ; UNUSED     ; Untyped                                                                ;
; LPM_SVALUE             ; UNUSED     ; Untyped                                                                ;
; LPM_FFTYPE             ; DFF        ; Untyped                                                                ;
; DEVICE_FAMILY          ; Stratix II ; Untyped                                                                ;
; CBXI_PARAMETER         ; NOTHING    ; Untyped                                                                ;
; AUTO_CARRY_CHAINS      ; ON         ; AUTO_CARRY                                                             ;
; IGNORE_CARRY_BUFFERS   ; OFF        ; IGNORE_CARRY                                                           ;
; AUTO_CASCADE_CHAINS    ; ON         ; AUTO_CASCADE                                                           ;
; IGNORE_CASCADE_BUFFERS ; OFF        ; IGNORE_CASCADE                                                         ;
+------------------------+------------+------------------------------------------------------------------------+
Note: In order to hide this table in the UI and the text report file, please set the "Show Parameter Settings Tables in Synthesis Report" option in "Analysis and Synthesis Settings -> More Settings" to "Off".


+--------------------------------------------------------------------------------------------------------------+
; Parameter Settings for User Entity Instance: CACHE:inst1|LINE:inst38|lpm_dff2:inst13|lpm_ff:lpm_ff_component ;
+------------------------+------------+------------------------------------------------------------------------+
; Parameter Name         ; Value      ; Type                                                                   ;
+------------------------+------------+------------------------------------------------------------------------+
; LPM_WIDTH              ; 7          ; Untyped                                                                ;
; LPM_AVALUE             ; UNUSED     ; Untyped                                                                ;
; LPM_SVALUE             ; UNUSED     ; Untyped                                                                ;
; LPM_FFTYPE             ; DFF        ; Untyped                                                                ;
; DEVICE_FAMILY          ; Stratix II ; Untyped                                                                ;
; CBXI_PARAMETER         ; NOTHING    ; Untyped                                                                ;
; AUTO_CARRY_CHAINS      ; ON         ; AUTO_CARRY                                                             ;
; IGNORE_CARRY_BUFFERS   ; OFF        ; IGNORE_CARRY                                                           ;
; AUTO_CASCADE_CHAINS    ; ON         ; AUTO_CASCADE                                                           ;
; IGNORE_CASCADE_BUFFERS ; OFF        ; IGNORE_CASCADE                                                         ;
+------------------------+------------+------------------------------------------------------------------------+
Note: In order to hide this table in the UI and the text report file, please set the "Show Parameter Settings Tables in Synthesis Report" option in "Analysis and Synthesis Settings -> More Settings" to "Off".


+--------------------------------------------------------------------------------------------------------------+
; Parameter Settings for User Entity Instance: CACHE:inst1|LINE:inst38|lpm_dff2:inst14|lpm_ff:lpm_ff_component ;
+------------------------+------------+------------------------------------------------------------------------+
; Parameter Name         ; Value      ; Type                                                                   ;
+------------------------+------------+------------------------------------------------------------------------+
; LPM_WIDTH              ; 7          ; Untyped                                                                ;
; LPM_AVALUE             ; UNUSED     ; Untyped                                                                ;
; LPM_SVALUE             ; UNUSED     ; Untyped                                                                ;
; LPM_FFTYPE             ; DFF        ; Untyped                                                                ;
; DEVICE_FAMILY          ; Stratix II ; Untyped                                                                ;
; CBXI_PARAMETER         ; NOTHING    ; Untyped                                                                ;
; AUTO_CARRY_CHAINS      ; ON         ; AUTO_CARRY                                                             ;
; IGNORE_CARRY_BUFFERS   ; OFF        ; IGNORE_CARRY                                                           ;
; AUTO_CASCADE_CHAINS    ; ON         ; AUTO_CASCADE                                                           ;
; IGNORE_CASCADE_BUFFERS ; OFF        ; IGNORE_CASCADE                                                         ;
+------------------------+------------+------------------------------------------------------------------------+
Note: In order to hide this table in the UI and the text report file, please set the "Show Parameter Settings Tables in Synthesis Report" option in "Analysis and Synthesis Settings -> More Settings" to "Off".


+-------------------------------------------------------------------------------------------------------------------------+
; Parameter Settings for User Entity Instance: CACHE:inst1|LINE:inst38|lpm_bustri1:inst25|lpm_bustri:lpm_bustri_component ;
+----------------+-------+------------------------------------------------------------------------------------------------+
; Parameter Name ; Value ; Type                                                                                           ;
+----------------+-------+------------------------------------------------------------------------------------------------+
; LPM_WIDTH      ; 7     ; Untyped                                                                                        ;
+----------------+-------+------------------------------------------------------------------------------------------------+
Note: In order to hide this table in the UI and the text report file, please set the "Show Parameter Settings Tables in Synthesis Report" option in "Analysis and Synthesis Settings -> More Settings" to "Off".


+----------------------------------------------------------------------------------------------------------------+
; Parameter Settings for User Entity Instance: CACHE:inst1|LINE:inst38|lpm_mux0:inst24|lpm_mux:lpm_mux_component ;
+------------------------+------------+--------------------------------------------------------------------------+
; Parameter Name         ; Value      ; Type                                                                     ;
+------------------------+------------+--------------------------------------------------------------------------+
; AUTO_CARRY_CHAINS      ; ON         ; AUTO_CARRY                                                               ;
; IGNORE_CARRY_BUFFERS   ; OFF        ; IGNORE_CARRY                                                             ;
; AUTO_CASCADE_CHAINS    ; ON         ; AUTO_CASCADE                                                             ;
; IGNORE_CASCADE_BUFFERS ; OFF        ; IGNORE_CASCADE                                                           ;
; LPM_WIDTH              ; 7          ; Untyped                                                                  ;
; LPM_SIZE               ; 8          ; Untyped                                                                  ;
; LPM_WIDTHS             ; 3          ; Untyped                                                                  ;
; LPM_PIPELINE           ; 0          ; Untyped                                                                  ;
; CBXI_PARAMETER         ; mux_5oc    ; Untyped                                                                  ;
; DEVICE_FAMILY          ; Stratix II ; Untyped                                                                  ;
+------------------------+------------+--------------------------------------------------------------------------+
Note: In order to hide this table in the UI and the text report file, please set the "Show Parameter Settings Tables in Synthesis Report" option in "Analysis and Synthesis Settings -> More Settings" to "Off".


+-------------------------------------------------------------------------------------------------------------+
; Parameter Settings for User Entity Instance: CACHE:inst1|LINE:inst38|lpm_dff1:inst5|lpm_ff:lpm_ff_component ;
+------------------------+------------+-----------------------------------------------------------------------+
; Parameter Name         ; Value      ; Type                                                                  ;
+------------------------+------------+-----------------------------------------------------------------------+
; LPM_WIDTH              ; 5          ; Untyped                                                               ;
; LPM_AVALUE             ; UNUSED     ; Untyped                                                               ;
; LPM_SVALUE             ; UNUSED     ; Untyped                                                               ;
; LPM_FFTYPE             ; DFF        ; Untyped                                                               ;
; DEVICE_FAMILY          ; Stratix II ; Untyped                                                               ;
; CBXI_PARAMETER         ; NOTHING    ; Untyped                                                               ;
; AUTO_CARRY_CHAINS      ; ON         ; AUTO_CARRY                                                            ;
; IGNORE_CARRY_BUFFERS   ; OFF        ; IGNORE_CARRY                                                          ;
; AUTO_CASCADE_CHAINS    ; ON         ; AUTO_CASCADE                                                          ;
; IGNORE_CASCADE_BUFFERS ; OFF        ; IGNORE_CASCADE                                                        ;
+------------------------+------------+-----------------------------------------------------------------------+
Note: In order to hide this table in the UI and the text report file, please set the "Show Parameter Settings Tables in Synthesis Report" option in "Analysis and Synthesis Settings -> More Settings" to "Off".


+------------------------------------------------------------------------------------------------------------------------+
; Parameter Settings for User Entity Instance: CACHE:inst1|LINE:inst40|lpm_decode1:inst4|lpm_decode:lpm_decode_component ;
+------------------------+------------+----------------------------------------------------------------------------------+
; Parameter Name         ; Value      ; Type                                                                             ;
+------------------------+------------+----------------------------------------------------------------------------------+
; LPM_WIDTH              ; 8          ; Untyped                                                                          ;
; LPM_DECODES            ; 256        ; Untyped                                                                          ;
; LPM_PIPELINE           ; 0          ; Untyped                                                                          ;
; CASCADE_CHAIN          ; MANUAL     ; Untyped                                                                          ;
; DEVICE_FAMILY          ; Stratix II ; Untyped                                                                          ;
; CBXI_PARAMETER         ; decode_8bf ; Untyped                                                                          ;
; AUTO_CARRY_CHAINS      ; ON         ; AUTO_CARRY                                                                       ;
; IGNORE_CARRY_BUFFERS   ; OFF        ; IGNORE_CARRY                                                                     ;
; AUTO_CASCADE_CHAINS    ; ON         ; AUTO_CASCADE                                                                     ;
; IGNORE_CASCADE_BUFFERS ; OFF        ; IGNORE_CASCADE                                                                   ;
+------------------------+------------+----------------------------------------------------------------------------------+
Note: In order to hide this table in the UI and the text report file, please set the "Show Parameter Settings Tables in Synthesis Report" option in "Analysis and Synthesis Settings -> More Settings" to "Off".


+---------------------------------------------------------------------------------------------------------------------------+
; Parameter Settings for User Entity Instance: CACHE:inst1|LINE:inst40|lpm_counter0:inst3|lpm_counter:lpm_counter_component ;
+------------------------+-------------+------------------------------------------------------------------------------------+
; Parameter Name         ; Value       ; Type                                                                               ;
+------------------------+-------------+------------------------------------------------------------------------------------+
; AUTO_CARRY_CHAINS      ; ON          ; AUTO_CARRY                                                                         ;
; IGNORE_CARRY_BUFFERS   ; OFF         ; IGNORE_CARRY                                                                       ;
; AUTO_CASCADE_CHAINS    ; ON          ; AUTO_CASCADE                                                                       ;
; IGNORE_CASCADE_BUFFERS ; OFF         ; IGNORE_CASCADE                                                                     ;
; LPM_WIDTH              ; 8           ; Untyped                                                                            ;
; LPM_DIRECTION          ; UP          ; Untyped                                                                            ;
; LPM_MODULUS            ; 0           ; Untyped                                                                            ;
; LPM_AVALUE             ; UNUSED      ; Untyped                                                                            ;
; LPM_SVALUE             ; UNUSED      ; Untyped                                                                            ;
; LPM_PORT_UPDOWN        ; PORT_UNUSED ; Untyped                                                                            ;
; DEVICE_FAMILY          ; Stratix II  ; Untyped                                                                            ;
; CARRY_CHAIN            ; MANUAL      ; Untyped                                                                            ;
; CARRY_CHAIN_LENGTH     ; 48          ; CARRY_CHAIN_LENGTH                                                                 ;
; NOT_GATE_PUSH_BACK     ; ON          ; NOT_GATE_PUSH_BACK                                                                 ;
; CARRY_CNT_EN           ; SMART       ; Untyped                                                                            ;
; LABWIDE_SCLR           ; ON          ; Untyped                                                                            ;
; USE_NEW_VERSION        ; TRUE        ; Untyped                                                                            ;
; CBXI_PARAMETER         ; cntr_coi    ; Untyped                                                                            ;
+------------------------+-------------+------------------------------------------------------------------------------------+
Note: In order to hide this table in the UI and the text report file, please set the "Show Parameter Settings Tables in Synthesis Report" option in "Analysis and Synthesis Settings -> More Settings" to "Off".


+-------------------------------------------------------------------------------------------------------------+
; Parameter Settings for User Entity Instance: CACHE:inst1|LINE:inst40|lpm_dff2:inst8|lpm_ff:lpm_ff_component ;
+------------------------+------------+-----------------------------------------------------------------------+
; Parameter Name         ; Value      ; Type                                                                  ;
+------------------------+------------+-----------------------------------------------------------------------+
; LPM_WIDTH              ; 7          ; Untyped                                                               ;
; LPM_AVALUE             ; UNUSED     ; Untyped                                                               ;
; LPM_SVALUE             ; UNUSED     ; Untyped                                                               ;
; LPM_FFTYPE             ; DFF        ; Untyped                                                               ;
; DEVICE_FAMILY          ; Stratix II ; Untyped                                                               ;
; CBXI_PARAMETER         ; NOTHING    ; Untyped                                                               ;
; AUTO_CARRY_CHAINS      ; ON         ; AUTO_CARRY                                                            ;
; IGNORE_CARRY_BUFFERS   ; OFF        ; IGNORE_CARRY                                                          ;
; AUTO_CASCADE_CHAINS    ; ON         ; AUTO_CASCADE                                                          ;
; IGNORE_CASCADE_BUFFERS ; OFF        ; IGNORE_CASCADE                                                        ;
+------------------------+------------+-----------------------------------------------------------------------+
Note: In order to hide this table in the UI and the text report file, please set the "Show Parameter Settings Tables in Synthesis Report" option in "Analysis and Synthesis Settings -> More Settings" to "Off".


+------------------------------------------------------------------------------------------------------------------------+
; Parameter Settings for User Entity Instance: CACHE:inst1|LINE:inst40|lpm_decode3:inst2|lpm_decode:lpm_decode_component ;
+------------------------+------------+----------------------------------------------------------------------------------+
; Parameter Name         ; Value      ; Type                                                                             ;
+------------------------+------------+----------------------------------------------------------------------------------+
; LPM_WIDTH              ; 3          ; Untyped                                                                          ;
; LPM_DECODES            ; 8          ; Untyped                                                                          ;
; LPM_PIPELINE           ; 0          ; Untyped                                                                          ;
; CASCADE_CHAIN          ; MANUAL     ; Untyped                                                                          ;
; DEVICE_FAMILY          ; Stratix II ; Untyped                                                                          ;
; CBXI_PARAMETER         ; decode_5sf ; Untyped                                                                          ;
; AUTO_CARRY_CHAINS      ; ON         ; AUTO_CARRY                                                                       ;
; IGNORE_CARRY_BUFFERS   ; OFF        ; IGNORE_CARRY                                                                     ;
; AUTO_CASCADE_CHAINS    ; ON         ; AUTO_CASCADE                                                                     ;
; IGNORE_CASCADE_BUFFERS ; OFF        ; IGNORE_CASCADE                                                                   ;
+------------------------+------------+----------------------------------------------------------------------------------+
Note: In order to hide this table in the UI and the text report file, please set the "Show Parameter Settings Tables in Synthesis Report" option in "Analysis and Synthesis Settings -> More Settings" to "Off".


+-------------------------------------------------------------------------------------------------------------+
; Parameter Settings for User Entity Instance: CACHE:inst1|LINE:inst40|lpm_dff2:inst9|lpm_ff:lpm_ff_component ;
+------------------------+------------+-----------------------------------------------------------------------+
; Parameter Name         ; Value      ; Type                                                                  ;
+------------------------+------------+-----------------------------------------------------------------------+
; LPM_WIDTH              ; 7          ; Untyped                                                               ;
; LPM_AVALUE             ; UNUSED     ; Untyped                                                               ;
; LPM_SVALUE             ; UNUSED     ; Untyped                                                               ;
; LPM_FFTYPE             ; DFF        ; Untyped                                                               ;
; DEVICE_FAMILY          ; Stratix II ; Untyped                                                               ;
; CBXI_PARAMETER         ; NOTHING    ; Untyped                                                               ;
; AUTO_CARRY_CHAINS      ; ON         ; AUTO_CARRY                                                            ;
; IGNORE_CARRY_BUFFERS   ; OFF        ; IGNORE_CARRY                                                          ;
; AUTO_CASCADE_CHAINS    ; ON         ; AUTO_CASCADE                                                          ;
; IGNORE_CASCADE_BUFFERS ; OFF        ; IGNORE_CASCADE                                                        ;
+------------------------+------------+-----------------------------------------------------------------------+
Note: In order to hide this table in the UI and the text report file, please set the "Show Parameter Settings Tables in Synthesis Report" option in "Analysis and Synthesis Settings -> More Settings" to "Off".


+--------------------------------------------------------------------------------------------------------------+
; Parameter Settings for User Entity Instance: CACHE:inst1|LINE:inst40|lpm_dff2:inst10|lpm_ff:lpm_ff_component ;
+------------------------+------------+------------------------------------------------------------------------+
; Parameter Name         ; Value      ; Type                                                                   ;
+------------------------+------------+------------------------------------------------------------------------+
; LPM_WIDTH              ; 7          ; Untyped                                                                ;
; LPM_AVALUE             ; UNUSED     ; Untyped                                                                ;
; LPM_SVALUE             ; UNUSED     ; Untyped                                                                ;
; LPM_FFTYPE             ; DFF        ; Untyped                                                                ;
; DEVICE_FAMILY          ; Stratix II ; Untyped                                                                ;
; CBXI_PARAMETER         ; NOTHING    ; Untyped                                                                ;
; AUTO_CARRY_CHAINS      ; ON         ; AUTO_CARRY                                                             ;
; IGNORE_CARRY_BUFFERS   ; OFF        ; IGNORE_CARRY                                                           ;
; AUTO_CASCADE_CHAINS    ; ON         ; AUTO_CASCADE                                                           ;
; IGNORE_CASCADE_BUFFERS ; OFF        ; IGNORE_CASCADE                                                         ;
+------------------------+------------+------------------------------------------------------------------------+
Note: In order to hide this table in the UI and the text report file, please set the "Show Parameter Settings Tables in Synthesis Report" option in "Analysis and Synthesis Settings -> More Settings" to "Off".


+--------------------------------------------------------------------------------------------------------------+
; Parameter Settings for User Entity Instance: CACHE:inst1|LINE:inst40|lpm_dff2:inst11|lpm_ff:lpm_ff_component ;
+------------------------+------------+------------------------------------------------------------------------+
; Parameter Name         ; Value      ; Type                                                                   ;
+------------------------+------------+------------------------------------------------------------------------+
; LPM_WIDTH              ; 7          ; Untyped                                                                ;
; LPM_AVALUE             ; UNUSED     ; Untyped                                                                ;
; LPM_SVALUE             ; UNUSED     ; Untyped                                                                ;
; LPM_FFTYPE             ; DFF        ; Untyped                                                                ;
; DEVICE_FAMILY          ; Stratix II ; Untyped                                                                ;
; CBXI_PARAMETER         ; NOTHING    ; Untyped                                                                ;
; AUTO_CARRY_CHAINS      ; ON         ; AUTO_CARRY                                                             ;
; IGNORE_CARRY_BUFFERS   ; OFF        ; IGNORE_CARRY                                                           ;
; AUTO_CASCADE_CHAINS    ; ON         ; AUTO_CASCADE                                                           ;
; IGNORE_CASCADE_BUFFERS ; OFF        ; IGNORE_CASCADE                                                         ;
+------------------------+------------+------------------------------------------------------------------------+
Note: In order to hide this table in the UI and the text report file, please set the "Show Parameter Settings Tables in Synthesis Report" option in "Analysis and Synthesis Settings -> More Settings" to "Off".


+--------------------------------------------------------------------------------------------------------------+
; Parameter Settings for User Entity Instance: CACHE:inst1|LINE:inst40|lpm_dff2:inst15|lpm_ff:lpm_ff_component ;
+------------------------+------------+------------------------------------------------------------------------+
; Parameter Name         ; Value      ; Type                                                                   ;
+------------------------+------------+------------------------------------------------------------------------+
; LPM_WIDTH              ; 7          ; Untyped                                                                ;
; LPM_AVALUE             ; UNUSED     ; Untyped                                                                ;
; LPM_SVALUE             ; UNUSED     ; Untyped                                                                ;
; LPM_FFTYPE             ; DFF        ; Untyped                                                                ;
; DEVICE_FAMILY          ; Stratix II ; Untyped                                                                ;
; CBXI_PARAMETER         ; NOTHING    ; Untyped                                                                ;
; AUTO_CARRY_CHAINS      ; ON         ; AUTO_CARRY                                                             ;
; IGNORE_CARRY_BUFFERS   ; OFF        ; IGNORE_CARRY                                                           ;
; AUTO_CASCADE_CHAINS    ; ON         ; AUTO_CASCADE                                                           ;
; IGNORE_CASCADE_BUFFERS ; OFF        ; IGNORE_CASCADE                                                         ;
+------------------------+------------+------------------------------------------------------------------------+
Note: In order to hide this table in the UI and the text report file, please set the "Show Parameter Settings Tables in Synthesis Report" option in "Analysis and Synthesis Settings -> More Settings" to "Off".


+--------------------------------------------------------------------------------------------------------------+
; Parameter Settings for User Entity Instance: CACHE:inst1|LINE:inst40|lpm_dff2:inst12|lpm_ff:lpm_ff_component ;
+------------------------+------------+------------------------------------------------------------------------+
; Parameter Name         ; Value      ; Type                                                                   ;
+------------------------+------------+------------------------------------------------------------------------+
; LPM_WIDTH              ; 7          ; Untyped                                                                ;
; LPM_AVALUE             ; UNUSED     ; Untyped                                                                ;
; LPM_SVALUE             ; UNUSED     ; Untyped                                                                ;
; LPM_FFTYPE             ; DFF        ; Untyped                                                                ;
; DEVICE_FAMILY          ; Stratix II ; Untyped                                                                ;
; CBXI_PARAMETER         ; NOTHING    ; Untyped                                                                ;
; AUTO_CARRY_CHAINS      ; ON         ; AUTO_CARRY                                                             ;
; IGNORE_CARRY_BUFFERS   ; OFF        ; IGNORE_CARRY                                                           ;
; AUTO_CASCADE_CHAINS    ; ON         ; AUTO_CASCADE                                                           ;
; IGNORE_CASCADE_BUFFERS ; OFF        ; IGNORE_CASCADE                                                         ;
+------------------------+------------+------------------------------------------------------------------------+
Note: In order to hide this table in the UI and the text report file, please set the "Show Parameter Settings Tables in Synthesis Report" option in "Analysis and Synthesis Settings -> More Settings" to "Off".


+--------------------------------------------------------------------------------------------------------------+
; Parameter Settings for User Entity Instance: CACHE:inst1|LINE:inst40|lpm_dff2:inst13|lpm_ff:lpm_ff_component ;
+------------------------+------------+------------------------------------------------------------------------+
; Parameter Name         ; Value      ; Type                                                                   ;
+------------------------+------------+------------------------------------------------------------------------+
; LPM_WIDTH              ; 7          ; Untyped                                                                ;
; LPM_AVALUE             ; UNUSED     ; Untyped                                                                ;
; LPM_SVALUE             ; UNUSED     ; Untyped                                                                ;
; LPM_FFTYPE             ; DFF        ; Untyped                                                                ;
; DEVICE_FAMILY          ; Stratix II ; Untyped                                                                ;
; CBXI_PARAMETER         ; NOTHING    ; Untyped                                                                ;
; AUTO_CARRY_CHAINS      ; ON         ; AUTO_CARRY                                                             ;
; IGNORE_CARRY_BUFFERS   ; OFF        ; IGNORE_CARRY                                                           ;
; AUTO_CASCADE_CHAINS    ; ON         ; AUTO_CASCADE                                                           ;
; IGNORE_CASCADE_BUFFERS ; OFF        ; IGNORE_CASCADE                                                         ;
+------------------------+------------+------------------------------------------------------------------------+
Note: In order to hide this table in the UI and the text report file, please set the "Show Parameter Settings Tables in Synthesis Report" option in "Analysis and Synthesis Settings -> More Settings" to "Off".


+--------------------------------------------------------------------------------------------------------------+
; Parameter Settings for User Entity Instance: CACHE:inst1|LINE:inst40|lpm_dff2:inst14|lpm_ff:lpm_ff_component ;
+------------------------+------------+------------------------------------------------------------------------+
; Parameter Name         ; Value      ; Type                                                                   ;
+------------------------+------------+------------------------------------------------------------------------+
; LPM_WIDTH              ; 7          ; Untyped                                                                ;
; LPM_AVALUE             ; UNUSED     ; Untyped                                                                ;
; LPM_SVALUE             ; UNUSED     ; Untyped                                                                ;
; LPM_FFTYPE             ; DFF        ; Untyped                                                                ;
; DEVICE_FAMILY          ; Stratix II ; Untyped                                                                ;
; CBXI_PARAMETER         ; NOTHING    ; Untyped                                                                ;
; AUTO_CARRY_CHAINS      ; ON         ; AUTO_CARRY                                                             ;
; IGNORE_CARRY_BUFFERS   ; OFF        ; IGNORE_CARRY                                                           ;
; AUTO_CASCADE_CHAINS    ; ON         ; AUTO_CASCADE                                                           ;
; IGNORE_CASCADE_BUFFERS ; OFF        ; IGNORE_CASCADE                                                         ;
+------------------------+------------+------------------------------------------------------------------------+
Note: In order to hide this table in the UI and the text report file, please set the "Show Parameter Settings Tables in Synthesis Report" option in "Analysis and Synthesis Settings -> More Settings" to "Off".


+-------------------------------------------------------------------------------------------------------------------------+
; Parameter Settings for User Entity Instance: CACHE:inst1|LINE:inst40|lpm_bustri1:inst25|lpm_bustri:lpm_bustri_component ;
+----------------+-------+------------------------------------------------------------------------------------------------+
; Parameter Name ; Value ; Type                                                                                           ;
+----------------+-------+------------------------------------------------------------------------------------------------+
; LPM_WIDTH      ; 7     ; Untyped                                                                                        ;
+----------------+-------+------------------------------------------------------------------------------------------------+
Note: In order to hide this table in the UI and the text report file, please set the "Show Parameter Settings Tables in Synthesis Report" option in "Analysis and Synthesis Settings -> More Settings" to "Off".


+----------------------------------------------------------------------------------------------------------------+
; Parameter Settings for User Entity Instance: CACHE:inst1|LINE:inst40|lpm_mux0:inst24|lpm_mux:lpm_mux_component ;
+------------------------+------------+--------------------------------------------------------------------------+
; Parameter Name         ; Value      ; Type                                                                     ;
+------------------------+------------+--------------------------------------------------------------------------+
; AUTO_CARRY_CHAINS      ; ON         ; AUTO_CARRY                                                               ;
; IGNORE_CARRY_BUFFERS   ; OFF        ; IGNORE_CARRY                                                             ;
; AUTO_CASCADE_CHAINS    ; ON         ; AUTO_CASCADE                                                             ;
; IGNORE_CASCADE_BUFFERS ; OFF        ; IGNORE_CASCADE                                                           ;
; LPM_WIDTH              ; 7          ; Untyped                                                                  ;
; LPM_SIZE               ; 8          ; Untyped                                                                  ;
; LPM_WIDTHS             ; 3          ; Untyped                                                                  ;
; LPM_PIPELINE           ; 0          ; Untyped                                                                  ;
; CBXI_PARAMETER         ; mux_5oc    ; Untyped                                                                  ;
; DEVICE_FAMILY          ; Stratix II ; Untyped                                                                  ;
+------------------------+------------+--------------------------------------------------------------------------+
Note: In order to hide this table in the UI and the text report file, please set the "Show Parameter Settings Tables in Synthesis Report" option in "Analysis and Synthesis Settings -> More Settings" to "Off".


+-------------------------------------------------------------------------------------------------------------+
; Parameter Settings for User Entity Instance: CACHE:inst1|LINE:inst40|lpm_dff1:inst5|lpm_ff:lpm_ff_component ;
+------------------------+------------+-----------------------------------------------------------------------+
; Parameter Name         ; Value      ; Type                                                                  ;
+------------------------+------------+-----------------------------------------------------------------------+
; LPM_WIDTH              ; 5          ; Untyped                                                               ;
; LPM_AVALUE             ; UNUSED     ; Untyped                                                               ;
; LPM_SVALUE             ; UNUSED     ; Untyped                                                               ;
; LPM_FFTYPE             ; DFF        ; Untyped                                                               ;
; DEVICE_FAMILY          ; Stratix II ; Untyped                                                               ;
; CBXI_PARAMETER         ; NOTHING    ; Untyped                                                               ;
; AUTO_CARRY_CHAINS      ; ON         ; AUTO_CARRY                                                            ;
; IGNORE_CARRY_BUFFERS   ; OFF        ; IGNORE_CARRY                                                          ;
; AUTO_CASCADE_CHAINS    ; ON         ; AUTO_CASCADE                                                          ;
; IGNORE_CASCADE_BUFFERS ; OFF        ; IGNORE_CASCADE                                                        ;
+------------------------+------------+-----------------------------------------------------------------------+
Note: In order to hide this table in the UI and the text report file, please set the "Show Parameter Settings Tables in Synthesis Report" option in "Analysis and Synthesis Settings -> More Settings" to "Off".


+-------------------------------------------------------------------------------------------------------------+
; Parameter Settings for User Entity Instance: CACHE:inst1|lpm_bustri1:inst35|lpm_bustri:lpm_bustri_component ;
+----------------+-------+------------------------------------------------------------------------------------+
; Parameter Name ; Value ; Type                                                                               ;
+----------------+-------+------------------------------------------------------------------------------------+
; LPM_WIDTH      ; 7     ; Untyped                                                                            ;
+----------------+-------+------------------------------------------------------------------------------------+
Note: In order to hide this table in the UI and the text report file, please set the "Show Parameter Settings Tables in Synthesis Report" option in "Analysis and Synthesis Settings -> More Settings" to "Off".


+-------------------------------------------------------------------------------------------------------------+
; Parameter Settings for User Entity Instance: CACHE:inst1|lpm_bustri1:inst37|lpm_bustri:lpm_bustri_component ;
+----------------+-------+------------------------------------------------------------------------------------+
; Parameter Name ; Value ; Type                                                                               ;
+----------------+-------+------------------------------------------------------------------------------------+
; LPM_WIDTH      ; 7     ; Untyped                                                                            ;
+----------------+-------+------------------------------------------------------------------------------------+
Note: In order to hide this table in the UI and the text report file, please set the "Show Parameter Settings Tables in Synthesis Report" option in "Analysis and Synthesis Settings -> More Settings" to "Off".


+-------------------------------------------------------------------------------------------------------------+
; Parameter Settings for User Entity Instance: CACHE:inst1|lpm_bustri1:inst39|lpm_bustri:lpm_bustri_component ;
+----------------+-------+------------------------------------------------------------------------------------+
; Parameter Name ; Value ; Type                                                                               ;
+----------------+-------+------------------------------------------------------------------------------------+
; LPM_WIDTH      ; 7     ; Untyped                                                                            ;
+----------------+-------+------------------------------------------------------------------------------------+
Note: In order to hide this table in the UI and the text report file, please set the "Show Parameter Settings Tables in Synthesis Report" option in "Analysis and Synthesis Settings -> More Settings" to "Off".


+-------------------------------------------------------------------------------------------------------------+
; Parameter Settings for User Entity Instance: CACHE:inst1|lpm_bustri1:inst41|lpm_bustri:lpm_bustri_component ;
+----------------+-------+------------------------------------------------------------------------------------+
; Parameter Name ; Value ; Type                                                                               ;
+----------------+-------+------------------------------------------------------------------------------------+
; LPM_WIDTH      ; 7     ; Untyped                                                                            ;
+----------------+-------+------------------------------------------------------------------------------------+
Note: In order to hide this table in the UI and the text report file, please set the "Show Parameter Settings Tables in Synthesis Report" option in "Analysis and Synthesis Settings -> More Settings" to "Off".


+-------------------------------------------------------------------------------------------------------------+
; Parameter Settings for User Entity Instance: CACHE:inst1|lpm_bustri1:inst27|lpm_bustri:lpm_bustri_component ;
+----------------+-------+------------------------------------------------------------------------------------+
; Parameter Name ; Value ; Type                                                                               ;
+----------------+-------+------------------------------------------------------------------------------------+
; LPM_WIDTH      ; 7     ; Untyped                                                                            ;
+----------------+-------+------------------------------------------------------------------------------------+
Note: In order to hide this table in the UI and the text report file, please set the "Show Parameter Settings Tables in Synthesis Report" option in "Analysis and Synthesis Settings -> More Settings" to "Off".


+-------------------------------------------------------------------------------------------------------------+
; Parameter Settings for User Entity Instance: CACHE:inst1|lpm_bustri1:inst29|lpm_bustri:lpm_bustri_component ;
+----------------+-------+------------------------------------------------------------------------------------+
; Parameter Name ; Value ; Type                                                                               ;
+----------------+-------+------------------------------------------------------------------------------------+
; LPM_WIDTH      ; 7     ; Untyped                                                                            ;
+----------------+-------+------------------------------------------------------------------------------------+
Note: In order to hide this table in the UI and the text report file, please set the "Show Parameter Settings Tables in Synthesis Report" option in "Analysis and Synthesis Settings -> More Settings" to "Off".


+-------------------------------------------------------------------------------------------------------------+
; Parameter Settings for User Entity Instance: CACHE:inst1|lpm_bustri1:inst31|lpm_bustri:lpm_bustri_component ;
+----------------+-------+------------------------------------------------------------------------------------+
; Parameter Name ; Value ; Type                                                                               ;
+----------------+-------+------------------------------------------------------------------------------------+
; LPM_WIDTH      ; 7     ; Untyped                                                                            ;
+----------------+-------+------------------------------------------------------------------------------------+
Note: In order to hide this table in the UI and the text report file, please set the "Show Parameter Settings Tables in Synthesis Report" option in "Analysis and Synthesis Settings -> More Settings" to "Off".


+-------------------------------------------------------------------------------------------------------------+
; Parameter Settings for User Entity Instance: CACHE:inst1|lpm_bustri1:inst33|lpm_bustri:lpm_bustri_component ;
+----------------+-------+------------------------------------------------------------------------------------+
; Parameter Name ; Value ; Type                                                                               ;
+----------------+-------+------------------------------------------------------------------------------------+
; LPM_WIDTH      ; 7     ; Untyped                                                                            ;
+----------------+-------+------------------------------------------------------------------------------------+
Note: In order to hide this table in the UI and the text report file, please set the "Show Parameter Settings Tables in Synthesis Report" option in "Analysis and Synthesis Settings -> More Settings" to "Off".


+------------------------------------------------------------------------------------------------+
; Parameter Settings for User Entity Instance: CACHE:inst1|lpm_dff4:inst|lpm_ff:lpm_ff_component ;
+------------------------+------------+----------------------------------------------------------+
; Parameter Name         ; Value      ; Type                                                     ;
+------------------------+------------+----------------------------------------------------------+
; LPM_WIDTH              ; 7          ; Untyped                                                  ;
; LPM_AVALUE             ; UNUSED     ; Untyped                                                  ;
; LPM_SVALUE             ; UNUSED     ; Untyped                                                  ;
; LPM_FFTYPE             ; DFF        ; Untyped                                                  ;
; DEVICE_FAMILY          ; Stratix II ; Untyped                                                  ;
; CBXI_PARAMETER         ; NOTHING    ; Untyped                                                  ;
; AUTO_CARRY_CHAINS      ; ON         ; AUTO_CARRY                                               ;
; IGNORE_CARRY_BUFFERS   ; OFF        ; IGNORE_CARRY                                             ;
; AUTO_CASCADE_CHAINS    ; ON         ; AUTO_CASCADE                                             ;
; IGNORE_CASCADE_BUFFERS ; OFF        ; IGNORE_CASCADE                                           ;
+------------------------+------------+----------------------------------------------------------+
Note: In order to hide this table in the UI and the text report file, please set the "Show Parameter Settings Tables in Synthesis Report" option in "Analysis and Synthesis Settings -> More Settings" to "Off".


+---------------------------------------------------------------------------------------------------------+
; Parameter Settings for User Entity Instance: RAM:inst|lpm_bustri1:inst6|lpm_bustri:lpm_bustri_component ;
+----------------+-------+--------------------------------------------------------------------------------+
; Parameter Name ; Value ; Type                                                                           ;
+----------------+-------+--------------------------------------------------------------------------------+
; LPM_WIDTH      ; 7     ; Untyped                                                                        ;
+----------------+-------+--------------------------------------------------------------------------------+
Note: In order to hide this table in the UI and the text report file, please set the "Show Parameter Settings Tables in Synthesis Report" option in "Analysis and Synthesis Settings -> More Settings" to "Off".


+------------------------------------------------------------------------------------------------------------+
; Parameter Settings for User Entity Instance: RAM:inst|lpm_compare1:inst4|lpm_compare:lpm_compare_component ;
+------------------------+------------+----------------------------------------------------------------------+
; Parameter Name         ; Value      ; Type                                                                 ;
+------------------------+------------+----------------------------------------------------------------------+
; lpm_width              ; 8          ; Untyped                                                              ;
; LPM_REPRESENTATION     ; UNSIGNED   ; Untyped                                                              ;
; LPM_PIPELINE           ; 0          ; Untyped                                                              ;
; CHAIN_SIZE             ; 8          ; Untyped                                                              ;
; ONE_INPUT_IS_CONSTANT  ; NO         ; Untyped                                                              ;
; CARRY_CHAIN            ; MANUAL     ; Untyped                                                              ;
; CASCADE_CHAIN          ; MANUAL     ; Untyped                                                              ;
; CARRY_CHAIN_LENGTH     ; 48         ; CARRY_CHAIN_LENGTH                                                   ;
; CASCADE_CHAIN_LENGTH   ; 2          ; CASCADE_CHAIN_LENGTH                                                 ;
; DEVICE_FAMILY          ; Stratix II ; Untyped                                                              ;
; CBXI_PARAMETER         ; cmpr_fig   ; Untyped                                                              ;
; AUTO_CARRY_CHAINS      ; ON         ; AUTO_CARRY                                                           ;
; IGNORE_CARRY_BUFFERS   ; OFF        ; IGNORE_CARRY                                                         ;
; AUTO_CASCADE_CHAINS    ; ON         ; AUTO_CASCADE                                                         ;
; IGNORE_CASCADE_BUFFERS ; OFF        ; IGNORE_CASCADE                                                       ;
+------------------------+------------+----------------------------------------------------------------------+
Note: In order to hide this table in the UI and the text report file, please set the "Show Parameter Settings Tables in Synthesis Report" option in "Analysis and Synthesis Settings -> More Settings" to "Off".


+---------------------------------------------------------------------------------------------------------------+
; Parameter Settings for User Entity Instance: RAM:inst|lpm_constant1:inst3|lpm_constant:lpm_constant_component ;
+--------------------+------------------+-----------------------------------------------------------------------+
; Parameter Name     ; Value            ; Type                                                                  ;
+--------------------+------------------+-----------------------------------------------------------------------+
; LPM_WIDTH          ; 8                ; Untyped                                                               ;
; LPM_CVALUE         ; 1                ; Untyped                                                               ;
; ENABLE_RUNTIME_MOD ; NO               ; Untyped                                                               ;
; CBXI_PARAMETER     ; lpm_constant_rf6 ; Untyped                                                               ;
+--------------------+------------------+-----------------------------------------------------------------------+
Note: In order to hide this table in the UI and the text report file, please set the "Show Parameter Settings Tables in Synthesis Report" option in "Analysis and Synthesis Settings -> More Settings" to "Off".


+------------------------------------------------------------------------+
; Parameter Settings for User Entity Instance: RAM:inst|lpm_ram_dq0:inst ;
+-----------------+-------+----------------------------------------------+
; Parameter Name  ; Value ; Type                                         ;
+-----------------+-------+----------------------------------------------+
; WIDTH_BYTEENA_A ; 1     ; Untyped                                      ;
; WIDTH_BYTEENA_B ; 1     ; Untyped                                      ;
+-----------------+-------+----------------------------------------------+
Note: In order to hide this table in the UI and the text report file, please set the "Show Parameter Settings Tables in Synthesis Report" option in "Analysis and Synthesis Settings -> More Settings" to "Off".


+--------------------------------------------------------------------------------------------------------+
; Parameter Settings for User Entity Instance: RAM:inst|lpm_ram_dq0:inst|altsyncram:altsyncram_component ;
+------------------------------------+----------------------+--------------------------------------------+
; Parameter Name                     ; Value                ; Type                                       ;
+------------------------------------+----------------------+--------------------------------------------+
; BYTE_SIZE_BLOCK                    ; 8                    ; Untyped                                    ;
; AUTO_CARRY_CHAINS                  ; ON                   ; AUTO_CARRY                                 ;
; IGNORE_CARRY_BUFFERS               ; OFF                  ; IGNORE_CARRY                               ;
; AUTO_CASCADE_CHAINS                ; ON                   ; AUTO_CASCADE                               ;
; IGNORE_CASCADE_BUFFERS             ; OFF                  ; IGNORE_CASCADE                             ;
; WIDTH_BYTEENA                      ; 1                    ; Untyped                                    ;
; OPERATION_MODE                     ; SINGLE_PORT          ; Untyped                                    ;
; WIDTH_A                            ; 7                    ; Untyped                                    ;
; WIDTHAD_A                          ; 8                    ; Untyped                                    ;
; NUMWORDS_A                         ; 256                  ; Untyped                                    ;
; OUTDATA_REG_A                      ; UNREGISTERED         ; Untyped                                    ;
; ADDRESS_ACLR_A                     ; NONE                 ; Untyped                                    ;
; OUTDATA_ACLR_A                     ; NONE                 ; Untyped                                    ;
; WRCONTROL_ACLR_A                   ; NONE                 ; Untyped                                    ;
; INDATA_ACLR_A                      ; NONE                 ; Untyped                                    ;
; BYTEENA_ACLR_A                     ; NONE                 ; Untyped                                    ;
; WIDTH_B                            ; 1                    ; Untyped                                    ;
; WIDTHAD_B                          ; 1                    ; Untyped                                    ;
; NUMWORDS_B                         ; 1                    ; Untyped                                    ;
; INDATA_REG_B                       ; CLOCK1               ; Untyped                                    ;
; WRCONTROL_WRADDRESS_REG_B          ; CLOCK1               ; Untyped                                    ;
; RDCONTROL_REG_B                    ; CLOCK1               ; Untyped                                    ;
; ADDRESS_REG_B                      ; CLOCK1               ; Untyped                                    ;
; OUTDATA_REG_B                      ; UNREGISTERED         ; Untyped                                    ;
; BYTEENA_REG_B                      ; CLOCK1               ; Untyped                                    ;
; INDATA_ACLR_B                      ; NONE                 ; Untyped                                    ;
; WRCONTROL_ACLR_B                   ; NONE                 ; Untyped                                    ;
; ADDRESS_ACLR_B                     ; NONE                 ; Untyped                                    ;
; OUTDATA_ACLR_B                     ; NONE                 ; Untyped                                    ;
; RDCONTROL_ACLR_B                   ; NONE                 ; Untyped                                    ;
; BYTEENA_ACLR_B                     ; NONE                 ; Untyped                                    ;
; WIDTH_BYTEENA_A                    ; 1                    ; Untyped                                    ;
; WIDTH_BYTEENA_B                    ; 1                    ; Untyped                                    ;
; RAM_BLOCK_TYPE                     ; AUTO                 ; Untyped                                    ;
; BYTE_SIZE                          ; 8                    ; Untyped                                    ;
; READ_DURING_WRITE_MODE_MIXED_PORTS ; DONT_CARE            ; Untyped                                    ;
; READ_DURING_WRITE_MODE_PORT_A      ; NEW_DATA_NO_NBE_READ ; Untyped                                    ;
; READ_DURING_WRITE_MODE_PORT_B      ; NEW_DATA_NO_NBE_READ ; Untyped                                    ;
; INIT_FILE                          ; ram_data.mif         ; Untyped                                    ;
; INIT_FILE_LAYOUT                   ; PORT_A               ; Untyped                                    ;
; MAXIMUM_DEPTH                      ; 0                    ; Untyped                                    ;
; CLOCK_ENABLE_INPUT_A               ; NORMAL               ; Untyped                                    ;
; CLOCK_ENABLE_INPUT_B               ; NORMAL               ; Untyped                                    ;
; CLOCK_ENABLE_OUTPUT_A              ; BYPASS               ; Untyped                                    ;
; CLOCK_ENABLE_OUTPUT_B              ; NORMAL               ; Untyped                                    ;
; CLOCK_ENABLE_CORE_A                ; USE_INPUT_CLKEN      ; Untyped                                    ;
; CLOCK_ENABLE_CORE_B                ; USE_INPUT_CLKEN      ; Untyped                                    ;
; ENABLE_ECC                         ; FALSE                ; Untyped                                    ;
; DEVICE_FAMILY                      ; Stratix II           ; Untyped                                    ;
; CBXI_PARAMETER                     ; altsyncram_etd1      ; Untyped                                    ;
+------------------------------------+----------------------+--------------------------------------------+
Note: In order to hide this table in the UI and the text report file, please set the "Show Parameter Settings Tables in Synthesis Report" option in "Analysis and Synthesis Settings -> More Settings" to "Off".


+------------------------------------------------------------------------------------------------------------+
; Parameter Settings for User Entity Instance: RAM:inst|lpm_compare1:inst7|lpm_compare:lpm_compare_component ;
+------------------------+------------+----------------------------------------------------------------------+
; Parameter Name         ; Value      ; Type                                                                 ;
+------------------------+------------+----------------------------------------------------------------------+
; lpm_width              ; 8          ; Untyped                                                              ;
; LPM_REPRESENTATION     ; UNSIGNED   ; Untyped                                                              ;
; LPM_PIPELINE           ; 0          ; Untyped                                                              ;
; CHAIN_SIZE             ; 8          ; Untyped                                                              ;
; ONE_INPUT_IS_CONSTANT  ; NO         ; Untyped                                                              ;
; CARRY_CHAIN            ; MANUAL     ; Untyped                                                              ;
; CASCADE_CHAIN          ; MANUAL     ; Untyped                                                              ;
; CARRY_CHAIN_LENGTH     ; 48         ; CARRY_CHAIN_LENGTH                                                   ;
; CASCADE_CHAIN_LENGTH   ; 2          ; CASCADE_CHAIN_LENGTH                                                 ;
; DEVICE_FAMILY          ; Stratix II ; Untyped                                                              ;
; CBXI_PARAMETER         ; cmpr_fig   ; Untyped                                                              ;
; AUTO_CARRY_CHAINS      ; ON         ; AUTO_CARRY                                                           ;
; IGNORE_CARRY_BUFFERS   ; OFF        ; IGNORE_CARRY                                                         ;
; AUTO_CASCADE_CHAINS    ; ON         ; AUTO_CASCADE                                                         ;
; IGNORE_CASCADE_BUFFERS ; OFF        ; IGNORE_CASCADE                                                       ;
+------------------------+------------+----------------------------------------------------------------------+
Note: In order to hide this table in the UI and the text report file, please set the "Show Parameter Settings Tables in Synthesis Report" option in "Analysis and Synthesis Settings -> More Settings" to "Off".


+---------------------------------------------------------------------------------------------------------------+
; Parameter Settings for User Entity Instance: RAM:inst|lpm_constant2:inst5|lpm_constant:lpm_constant_component ;
+--------------------+------------------+-----------------------------------------------------------------------+
; Parameter Name     ; Value            ; Type                                                                  ;
+--------------------+------------------+-----------------------------------------------------------------------+
; LPM_WIDTH          ; 8                ; Untyped                                                               ;
; LPM_CVALUE         ; 2                ; Untyped                                                               ;
; ENABLE_RUNTIME_MOD ; NO               ; Untyped                                                               ;
; CBXI_PARAMETER     ; lpm_constant_sf6 ; Untyped                                                               ;
+--------------------+------------------+-----------------------------------------------------------------------+
Note: In order to hide this table in the UI and the text report file, please set the "Show Parameter Settings Tables in Synthesis Report" option in "Analysis and Synthesis Settings -> More Settings" to "Off".


+-------------------------------------------------------------------------------------------------------+
; altsyncram Parameter Settings by Entity Instance                                                      ;
+-------------------------------------------+-----------------------------------------------------------+
; Name                                      ; Value                                                     ;
+-------------------------------------------+-----------------------------------------------------------+
; Number of entity instances                ; 1                                                         ;
; Entity Instance                           ; RAM:inst|lpm_ram_dq0:inst|altsyncram:altsyncram_component ;
;     -- OPERATION_MODE                     ; SINGLE_PORT                                               ;
;     -- WIDTH_A                            ; 7                                                         ;
;     -- NUMWORDS_A                         ; 256                                                       ;
;     -- OUTDATA_REG_A                      ; UNREGISTERED                                              ;
;     -- WIDTH_B                            ; 1                                                         ;
;     -- NUMWORDS_B                         ; 1                                                         ;
;     -- ADDRESS_REG_B                      ; CLOCK1                                                    ;
;     -- OUTDATA_REG_B                      ; UNREGISTERED                                              ;
;     -- RAM_BLOCK_TYPE                     ; AUTO                                                      ;
;     -- READ_DURING_WRITE_MODE_MIXED_PORTS ; DONT_CARE                                                 ;
+-------------------------------------------+-----------------------------------------------------------+


+-------------------------------+
; Analysis & Synthesis Messages ;
+-------------------------------+
Info: *******************************************************************
Info: Running Quartus II Analysis & Synthesis
    Info: Version 9.1 Build 222 10/21/2009 SJ Web Edition
    Info: Processing started: Wed Apr 16 02:32:39 2025
Info: Command: quartus_map --read_settings_files=on --write_settings_files=off lab8 -c lab8
Info: Found 1 design units, including 1 entities, in source file lab8.bdf
    Info: Found entity 1: lab8
Info: Found 1 design units, including 1 entities, in source file ram.bdf
    Info: Found entity 1: RAM
Info: Found 1 design units, including 1 entities, in source file cache.bdf
    Info: Found entity 1: CACHE
Info: Found 1 design units, including 1 entities, in source file line.bdf
    Info: Found entity 1: LINE
Info: Found 1 design units, including 1 entities, in source file cache_control.bdf
    Info: Found entity 1: cache_control
Info: Elaborating entity "lab8" for the top level hierarchy
Info: Elaborating entity "CACHE" for hierarchy "CACHE:inst1"
Info: Elaborating entity "cache_control" for hierarchy "CACHE:inst1|cache_control:inst1"
Warning: Using design file lpm_compare0.tdf, which is not specified as a design file for the current project, but contains definitions for 1 design units and 1 entities in project
    Info: Found entity 1: lpm_compare0
Info: Elaborating entity "lpm_compare0" for hierarchy "CACHE:inst1|cache_control:inst1|lpm_compare0:inst1"
Info: Elaborating entity "lpm_compare" for hierarchy "CACHE:inst1|cache_control:inst1|lpm_compare0:inst1|lpm_compare:lpm_compare_component"
Info: Elaborated megafunction instantiation "CACHE:inst1|cache_control:inst1|lpm_compare0:inst1|lpm_compare:lpm_compare_component"
Info: Instantiated megafunction "CACHE:inst1|cache_control:inst1|lpm_compare0:inst1|lpm_compare:lpm_compare_component" with the following parameter:
    Info: Parameter "LPM_TYPE" = "LPM_COMPARE"
    Info: Parameter "LPM_WIDTH" = "5"
    Info: Parameter "LPM_REPRESENTATION" = "UNSIGNED"
Info: Found 1 design units, including 1 entities, in source file db/cmpr_cig.tdf
    Info: Found entity 1: cmpr_cig
Info: Elaborating entity "cmpr_cig" for hierarchy "CACHE:inst1|cache_control:inst1|lpm_compare0:inst1|lpm_compare:lpm_compare_component|cmpr_cig:auto_generated"
Warning: Using design file lpm_counter1.tdf, which is not specified as a design file for the current project, but contains definitions for 1 design units and 1 entities in project
    Info: Found entity 1: lpm_counter1
Info: Elaborating entity "lpm_counter1" for hierarchy "CACHE:inst1|cache_control:inst1|lpm_counter1:inst43"
Info: Elaborating entity "lpm_counter" for hierarchy "CACHE:inst1|cache_control:inst1|lpm_counter1:inst43|lpm_counter:lpm_counter_component"
Info: Elaborated megafunction instantiation "CACHE:inst1|cache_control:inst1|lpm_counter1:inst43|lpm_counter:lpm_counter_component"
Info: Instantiated megafunction "CACHE:inst1|cache_control:inst1|lpm_counter1:inst43|lpm_counter:lpm_counter_component" with the following parameter:
    Info: Parameter "LPM_TYPE" = "LPM_COUNTER"
    Info: Parameter "LPM_WIDTH" = "8"
    Info: Parameter "LPM_DIRECTION" = "UP"
    Info: Parameter "LPM_PORT_UPDOWN" = "PORT_UNUSED"
Info: Found 1 design units, including 1 entities, in source file db/cntr_coi.tdf
    Info: Found entity 1: cntr_coi
Info: Elaborating entity "cntr_coi" for hierarchy "CACHE:inst1|cache_control:inst1|lpm_counter1:inst43|lpm_counter:lpm_counter_component|cntr_coi:auto_generated"
Warning: Using design file lpm_constant0.tdf, which is not specified as a design file for the current project, but contains definitions for 1 design units and 1 entities in project
    Info: Found entity 1: lpm_constant0
Info: Elaborating entity "lpm_constant0" for hierarchy "CACHE:inst1|cache_control:inst1|lpm_constant0:inst42"
Info: Elaborating entity "lpm_constant" for hierarchy "CACHE:inst1|cache_control:inst1|lpm_constant0:inst42|lpm_constant:lpm_constant_component"
Info: Elaborated megafunction instantiation "CACHE:inst1|cache_control:inst1|lpm_constant0:inst42|lpm_constant:lpm_constant_component"
Info: Instantiated megafunction "CACHE:inst1|cache_control:inst1|lpm_constant0:inst42|lpm_constant:lpm_constant_component" with the following parameter:
    Info: Parameter "LPM_TYPE" = "LPM_CONSTANT"
    Info: Parameter "LPM_HINT" = "ENABLE_RUNTIME_MOD=NO"
    Info: Parameter "LPM_WIDTH" = "8"
    Info: Parameter "LPM_CVALUE" = "0"
Warning: Using design file lpm_bustri0.tdf, which is not specified as a design file for the current project, but contains definitions for 1 design units and 1 entities in project
    Info: Found entity 1: lpm_bustri0
Info: Elaborating entity "lpm_bustri0" for hierarchy "CACHE:inst1|cache_control:inst1|lpm_bustri0:inst47"
Info: Elaborating entity "lpm_bustri" for hierarchy "CACHE:inst1|cache_control:inst1|lpm_bustri0:inst47|lpm_bustri:lpm_bustri_component"
Info: Elaborated megafunction instantiation "CACHE:inst1|cache_control:inst1|lpm_bustri0:inst47|lpm_bustri:lpm_bustri_component"
Info: Instantiated megafunction "CACHE:inst1|cache_control:inst1|lpm_bustri0:inst47|lpm_bustri:lpm_bustri_component" with the following parameter:
    Info: Parameter "LPM_TYPE" = "LPM_BUSTRI"
    Info: Parameter "LPM_WIDTH" = "8"
Warning: Using design file lpm_dff0.tdf, which is not specified as a design file for the current project, but contains definitions for 1 design units and 1 entities in project
    Info: Found entity 1: lpm_dff0
Info: Elaborating entity "lpm_dff0" for hierarchy "CACHE:inst1|cache_control:inst1|lpm_dff0:inst"
Info: Elaborating entity "lpm_ff" for hierarchy "CACHE:inst1|cache_control:inst1|lpm_dff0:inst|lpm_ff:lpm_ff_component"
Info: Elaborated megafunction instantiation "CACHE:inst1|cache_control:inst1|lpm_dff0:inst|lpm_ff:lpm_ff_component"
Info: Instantiated megafunction "CACHE:inst1|cache_control:inst1|lpm_dff0:inst|lpm_ff:lpm_ff_component" with the following parameter:
    Info: Parameter "LPM_TYPE" = "LPM_FF"
    Info: Parameter "LPM_WIDTH" = "8"
    Info: Parameter "LPM_FFTYPE" = "DFF"
Warning: Using design file lpm_add_sub0.tdf, which is not specified as a design file for the current project, but contains definitions for 1 design units and 1 entities in project
    Info: Found entity 1: lpm_add_sub0
Info: Elaborating entity "lpm_add_sub0" for hierarchy "CACHE:inst1|cache_control:inst1|lpm_add_sub0:inst40"
Info: Elaborating entity "lpm_add_sub" for hierarchy "CACHE:inst1|cache_control:inst1|lpm_add_sub0:inst40|lpm_add_sub:lpm_add_sub_component"
Info: Elaborated megafunction instantiation "CACHE:inst1|cache_control:inst1|lpm_add_sub0:inst40|lpm_add_sub:lpm_add_sub_component"
Info: Instantiated megafunction "CACHE:inst1|cache_control:inst1|lpm_add_sub0:inst40|lpm_add_sub:lpm_add_sub_component" with the following parameter:
    Info: Parameter "LPM_TYPE" = "LPM_ADD_SUB"
    Info: Parameter "LPM_HINT" = "ONE_INPUT_IS_CONSTANT=NO,CIN_USED=NO"
    Info: Parameter "LPM_WIDTH" = "8"
    Info: Parameter "LPM_REPRESENTATION" = "UNSIGNED"
    Info: Parameter "LPM_DIRECTION" = "ADD"
Info: Found 1 design units, including 1 entities, in source file db/add_sub_elh.tdf
    Info: Found entity 1: add_sub_elh
Info: Elaborating entity "add_sub_elh" for hierarchy "CACHE:inst1|cache_control:inst1|lpm_add_sub0:inst40|lpm_add_sub:lpm_add_sub_component|add_sub_elh:auto_generated"
Warning: Using design file lpm_bustri3.tdf, which is not specified as a design file for the current project, but contains definitions for 1 design units and 1 entities in project
    Info: Found entity 1: lpm_bustri3
Info: Elaborating entity "lpm_bustri3" for hierarchy "CACHE:inst1|cache_control:inst1|lpm_bustri3:inst15"
Warning: Using design file lpm_constant1.tdf, which is not specified as a design file for the current project, but contains definitions for 1 design units and 1 entities in project
    Info: Found entity 1: lpm_constant1
Info: Elaborating entity "lpm_constant1" for hierarchy "CACHE:inst1|cache_control:inst1|lpm_constant1:inst51"
Info: Elaborating entity "lpm_constant" for hierarchy "CACHE:inst1|cache_control:inst1|lpm_constant1:inst51|lpm_constant:lpm_constant_component"
Info: Elaborated megafunction instantiation "CACHE:inst1|cache_control:inst1|lpm_constant1:inst51|lpm_constant:lpm_constant_component"
Info: Instantiated megafunction "CACHE:inst1|cache_control:inst1|lpm_constant1:inst51|lpm_constant:lpm_constant_component" with the following parameter:
    Info: Parameter "LPM_TYPE" = "LPM_CONSTANT"
    Info: Parameter "LPM_HINT" = "ENABLE_RUNTIME_MOD=NO"
    Info: Parameter "LPM_WIDTH" = "8"
    Info: Parameter "LPM_CVALUE" = "1"
Warning: Using design file lpm_constant2.tdf, which is not specified as a design file for the current project, but contains definitions for 1 design units and 1 entities in project
    Info: Found entity 1: lpm_constant2
Info: Elaborating entity "lpm_constant2" for hierarchy "CACHE:inst1|cache_control:inst1|lpm_constant2:inst9"
Info: Elaborating entity "lpm_constant" for hierarchy "CACHE:inst1|cache_control:inst1|lpm_constant2:inst9|lpm_constant:lpm_constant_component"
Info: Elaborated megafunction instantiation "CACHE:inst1|cache_control:inst1|lpm_constant2:inst9|lpm_constant:lpm_constant_component"
Info: Instantiated megafunction "CACHE:inst1|cache_control:inst1|lpm_constant2:inst9|lpm_constant:lpm_constant_component" with the following parameter:
    Info: Parameter "LPM_TYPE" = "LPM_CONSTANT"
    Info: Parameter "LPM_HINT" = "ENABLE_RUNTIME_MOD=NO"
    Info: Parameter "LPM_WIDTH" = "8"
    Info: Parameter "LPM_CVALUE" = "2"
Warning: Using design file lpm_compare4.tdf, which is not specified as a design file for the current project, but contains definitions for 1 design units and 1 entities in project
    Info: Found entity 1: lpm_compare4
Info: Elaborating entity "lpm_compare4" for hierarchy "CACHE:inst1|cache_control:inst1|lpm_compare4:inst99"
Info: Elaborating entity "lpm_compare" for hierarchy "CACHE:inst1|cache_control:inst1|lpm_compare4:inst99|lpm_compare:lpm_compare_component"
Info: Elaborated megafunction instantiation "CACHE:inst1|cache_control:inst1|lpm_compare4:inst99|lpm_compare:lpm_compare_component"
Info: Instantiated megafunction "CACHE:inst1|cache_control:inst1|lpm_compare4:inst99|lpm_compare:lpm_compare_component" with the following parameter:
    Info: Parameter "LPM_TYPE" = "LPM_COMPARE"
    Info: Parameter "LPM_HINT" = "ONE_INPUT_IS_CONSTANT=YES"
    Info: Parameter "LPM_WIDTH" = "8"
    Info: Parameter "LPM_REPRESENTATION" = "UNSIGNED"
Info: Found 1 design units, including 1 entities, in source file db/cmpr_o8j.tdf
    Info: Found entity 1: cmpr_o8j
Info: Elaborating entity "cmpr_o8j" for hierarchy "CACHE:inst1|cache_control:inst1|lpm_compare4:inst99|lpm_compare:lpm_compare_component|cmpr_o8j:auto_generated"
Warning: Using design file lpm_counter6.tdf, which is not specified as a design file for the current project, but contains definitions for 1 design units and 1 entities in project
    Info: Found entity 1: lpm_counter6
Info: Elaborating entity "lpm_counter6" for hierarchy "CACHE:inst1|cache_control:inst1|lpm_counter6:inst97"
Info: Elaborating entity "lpm_counter" for hierarchy "CACHE:inst1|cache_control:inst1|lpm_counter6:inst97|lpm_counter:lpm_counter_component"
Info: Elaborated megafunction instantiation "CACHE:inst1|cache_control:inst1|lpm_counter6:inst97|lpm_counter:lpm_counter_component"
Info: Instantiated megafunction "CACHE:inst1|cache_control:inst1|lpm_counter6:inst97|lpm_counter:lpm_counter_component" with the following parameter:
    Info: Parameter "LPM_TYPE" = "LPM_COUNTER"
    Info: Parameter "LPM_WIDTH" = "8"
    Info: Parameter "LPM_DIRECTION" = "UP"
    Info: Parameter "LPM_PORT_UPDOWN" = "PORT_UNUSED"
Info: Found 1 design units, including 1 entities, in source file db/cntr_ulh.tdf
    Info: Found entity 1: cntr_ulh
Info: Elaborating entity "cntr_ulh" for hierarchy "CACHE:inst1|cache_control:inst1|lpm_counter6:inst97|lpm_counter:lpm_counter_component|cntr_ulh:auto_generated"
Warning: Using design file lpm_compare3.tdf, which is not specified as a design file for the current project, but contains definitions for 1 design units and 1 entities in project
    Info: Found entity 1: lpm_compare3
Info: Elaborating entity "lpm_compare3" for hierarchy "CACHE:inst1|cache_control:inst1|lpm_compare3:inst95"
Info: Elaborating entity "lpm_compare" for hierarchy "CACHE:inst1|cache_control:inst1|lpm_compare3:inst95|lpm_compare:lpm_compare_component"
Info: Elaborated megafunction instantiation "CACHE:inst1|cache_control:inst1|lpm_compare3:inst95|lpm_compare:lpm_compare_component"
Info: Instantiated megafunction "CACHE:inst1|cache_control:inst1|lpm_compare3:inst95|lpm_compare:lpm_compare_component" with the following parameter:
    Info: Parameter "LPM_TYPE" = "LPM_COMPARE"
    Info: Parameter "LPM_WIDTH" = "10"
    Info: Parameter "LPM_REPRESENTATION" = "UNSIGNED"
Info: Found 1 design units, including 1 entities, in source file db/cmpr_vjg.tdf
    Info: Found entity 1: cmpr_vjg
Info: Elaborating entity "cmpr_vjg" for hierarchy "CACHE:inst1|cache_control:inst1|lpm_compare3:inst95|lpm_compare:lpm_compare_component|cmpr_vjg:auto_generated"
Warning: Using design file lpm_mux2.tdf, which is not specified as a design file for the current project, but contains definitions for 1 design units and 1 entities in project
    Info: Found entity 1: lpm_mux2
Info: Elaborating entity "lpm_mux2" for hierarchy "CACHE:inst1|cache_control:inst1|lpm_mux2:inst91"
Info: Elaborating entity "lpm_mux" for hierarchy "CACHE:inst1|cache_control:inst1|lpm_mux2:inst91|lpm_mux:lpm_mux_component"
Info: Elaborated megafunction instantiation "CACHE:inst1|cache_control:inst1|lpm_mux2:inst91|lpm_mux:lpm_mux_component"
Info: Instantiated megafunction "CACHE:inst1|cache_control:inst1|lpm_mux2:inst91|lpm_mux:lpm_mux_component" with the following parameter:
    Info: Parameter "LPM_TYPE" = "LPM_MUX"
    Info: Parameter "LPM_WIDTH" = "10"
    Info: Parameter "LPM_SIZE" = "2"
    Info: Parameter "LPM_WIDTHS" = "1"
Info: Found 1 design units, including 1 entities, in source file db/mux_7pc.tdf
    Info: Found entity 1: mux_7pc
Info: Elaborating entity "mux_7pc" for hierarchy "CACHE:inst1|cache_control:inst1|lpm_mux2:inst91|lpm_mux:lpm_mux_component|mux_7pc:auto_generated"
Warning: Using design file lpm_counter5.tdf, which is not specified as a design file for the current project, but contains definitions for 1 design units and 1 entities in project
    Info: Found entity 1: lpm_counter5
Info: Elaborating entity "lpm_counter5" for hierarchy "CACHE:inst1|cache_control:inst1|lpm_counter5:inst69"
Info: Elaborating entity "lpm_counter" for hierarchy "CACHE:inst1|cache_control:inst1|lpm_counter5:inst69|lpm_counter:lpm_counter_component"
Info: Elaborated megafunction instantiation "CACHE:inst1|cache_control:inst1|lpm_counter5:inst69|lpm_counter:lpm_counter_component"
Info: Instantiated megafunction "CACHE:inst1|cache_control:inst1|lpm_counter5:inst69|lpm_counter:lpm_counter_component" with the following parameter:
    Info: Parameter "LPM_TYPE" = "LPM_COUNTER"
    Info: Parameter "LPM_WIDTH" = "10"
    Info: Parameter "LPM_DIRECTION" = "UP"
    Info: Parameter "LPM_PORT_UPDOWN" = "PORT_UNUSED"
Info: Found 1 design units, including 1 entities, in source file db/cntr_95i.tdf
    Info: Found entity 1: cntr_95i
Info: Elaborating entity "cntr_95i" for hierarchy "CACHE:inst1|cache_control:inst1|lpm_counter5:inst69|lpm_counter:lpm_counter_component|cntr_95i:auto_generated"
Warning: Using design file lpm_decode2.tdf, which is not specified as a design file for the current project, but contains definitions for 1 design units and 1 entities in project
    Info: Found entity 1: lpm_decode2
Info: Elaborating entity "lpm_decode2" for hierarchy "CACHE:inst1|cache_control:inst1|lpm_decode2:inst100"
Info: Elaborating entity "lpm_decode" for hierarchy "CACHE:inst1|cache_control:inst1|lpm_decode2:inst100|lpm_decode:lpm_decode_component"
Info: Elaborated megafunction instantiation "CACHE:inst1|cache_control:inst1|lpm_decode2:inst100|lpm_decode:lpm_decode_component"
Info: Instantiated megafunction "CACHE:inst1|cache_control:inst1|lpm_decode2:inst100|lpm_decode:lpm_decode_component" with the following parameter:
    Info: Parameter "LPM_TYPE" = "LPM_DECODE"
    Info: Parameter "LPM_WIDTH" = "8"
    Info: Parameter "LPM_DECODES" = "256"
Info: Found 1 design units, including 1 entities, in source file db/decode_8bf.tdf
    Info: Found entity 1: decode_8bf
Info: Elaborating entity "decode_8bf" for hierarchy "CACHE:inst1|cache_control:inst1|lpm_decode2:inst100|lpm_decode:lpm_decode_component|decode_8bf:auto_generated"
Warning: Using design file lpm_dff3.tdf, which is not specified as a design file for the current project, but contains definitions for 1 design units and 1 entities in project
    Info: Found entity 1: lpm_dff3
Info: Elaborating entity "lpm_dff3" for hierarchy "CACHE:inst1|cache_control:inst1|lpm_dff3:inst70"
Info: Elaborating entity "lpm_ff" for hierarchy "CACHE:inst1|cache_control:inst1|lpm_dff3:inst70|lpm_ff:lpm_ff_component"
Info: Elaborated megafunction instantiation "CACHE:inst1|cache_control:inst1|lpm_dff3:inst70|lpm_ff:lpm_ff_component"
Info: Instantiated megafunction "CACHE:inst1|cache_control:inst1|lpm_dff3:inst70|lpm_ff:lpm_ff_component" with the following parameter:
    Info: Parameter "LPM_TYPE" = "LPM_FF"
    Info: Parameter "LPM_WIDTH" = "8"
    Info: Parameter "LPM_FFTYPE" = "DFF"
Info: Elaborating entity "LINE" for hierarchy "CACHE:inst1|LINE:inst26"
Warning: Using design file lpm_decode1.tdf, which is not specified as a design file for the current project, but contains definitions for 1 design units and 1 entities in project
    Info: Found entity 1: lpm_decode1
Info: Elaborating entity "lpm_decode1" for hierarchy "CACHE:inst1|LINE:inst26|lpm_decode1:inst4"
Info: Elaborating entity "lpm_decode" for hierarchy "CACHE:inst1|LINE:inst26|lpm_decode1:inst4|lpm_decode:lpm_decode_component"
Info: Elaborated megafunction instantiation "CACHE:inst1|LINE:inst26|lpm_decode1:inst4|lpm_decode:lpm_decode_component"
Info: Instantiated megafunction "CACHE:inst1|LINE:inst26|lpm_decode1:inst4|lpm_decode:lpm_decode_component" with the following parameter:
    Info: Parameter "LPM_TYPE" = "LPM_DECODE"
    Info: Parameter "LPM_WIDTH" = "8"
    Info: Parameter "LPM_DECODES" = "256"
Warning: Using design file lpm_counter0.tdf, which is not specified as a design file for the current project, but contains definitions for 1 design units and 1 entities in project
    Info: Found entity 1: lpm_counter0
Info: Elaborating entity "lpm_counter0" for hierarchy "CACHE:inst1|LINE:inst26|lpm_counter0:inst3"
Warning: Using design file lpm_dff2.tdf, which is not specified as a design file for the current project, but contains definitions for 1 design units and 1 entities in project
    Info: Found entity 1: lpm_dff2
Info: Elaborating entity "lpm_dff2" for hierarchy "CACHE:inst1|LINE:inst26|lpm_dff2:inst8"
Info: Elaborating entity "lpm_ff" for hierarchy "CACHE:inst1|LINE:inst26|lpm_dff2:inst8|lpm_ff:lpm_ff_component"
Info: Elaborated megafunction instantiation "CACHE:inst1|LINE:inst26|lpm_dff2:inst8|lpm_ff:lpm_ff_component"
Info: Instantiated megafunction "CACHE:inst1|LINE:inst26|lpm_dff2:inst8|lpm_ff:lpm_ff_component" with the following parameter:
    Info: Parameter "LPM_TYPE" = "LPM_FF"
    Info: Parameter "LPM_WIDTH" = "7"
    Info: Parameter "LPM_FFTYPE" = "DFF"
Warning: Using design file lpm_decode3.tdf, which is not specified as a design file for the current project, but contains definitions for 1 design units and 1 entities in project
    Info: Found entity 1: lpm_decode3
Info: Elaborating entity "lpm_decode3" for hierarchy "CACHE:inst1|LINE:inst26|lpm_decode3:inst2"
Info: Elaborating entity "lpm_decode" for hierarchy "CACHE:inst1|LINE:inst26|lpm_decode3:inst2|lpm_decode:lpm_decode_component"
Info: Elaborated megafunction instantiation "CACHE:inst1|LINE:inst26|lpm_decode3:inst2|lpm_decode:lpm_decode_component"
Info: Instantiated megafunction "CACHE:inst1|LINE:inst26|lpm_decode3:inst2|lpm_decode:lpm_decode_component" with the following parameter:
    Info: Parameter "LPM_TYPE" = "LPM_DECODE"
    Info: Parameter "LPM_WIDTH" = "3"
    Info: Parameter "LPM_DECODES" = "8"
Info: Found 1 design units, including 1 entities, in source file db/decode_5sf.tdf
    Info: Found entity 1: decode_5sf
Info: Elaborating entity "decode_5sf" for hierarchy "CACHE:inst1|LINE:inst26|lpm_decode3:inst2|lpm_decode:lpm_decode_component|decode_5sf:auto_generated"
Warning: Using design file lpm_bustri1.tdf, which is not specified as a design file for the current project, but contains definitions for 1 design units and 1 entities in project
    Info: Found entity 1: lpm_bustri1
Info: Elaborating entity "lpm_bustri1" for hierarchy "CACHE:inst1|LINE:inst26|lpm_bustri1:inst25"
Info: Elaborating entity "lpm_bustri" for hierarchy "CACHE:inst1|LINE:inst26|lpm_bustri1:inst25|lpm_bustri:lpm_bustri_component"
Info: Elaborated megafunction instantiation "CACHE:inst1|LINE:inst26|lpm_bustri1:inst25|lpm_bustri:lpm_bustri_component"
Info: Instantiated megafunction "CACHE:inst1|LINE:inst26|lpm_bustri1:inst25|lpm_bustri:lpm_bustri_component" with the following parameter:
    Info: Parameter "LPM_TYPE" = "LPM_BUSTRI"
    Info: Parameter "LPM_WIDTH" = "7"
Warning: Using design file lpm_mux0.tdf, which is not specified as a design file for the current project, but contains definitions for 1 design units and 1 entities in project
    Info: Found entity 1: lpm_mux0
Info: Elaborating entity "lpm_mux0" for hierarchy "CACHE:inst1|LINE:inst26|lpm_mux0:inst24"
Info: Elaborating entity "lpm_mux" for hierarchy "CACHE:inst1|LINE:inst26|lpm_mux0:inst24|lpm_mux:lpm_mux_component"
Info: Elaborated megafunction instantiation "CACHE:inst1|LINE:inst26|lpm_mux0:inst24|lpm_mux:lpm_mux_component"
Info: Instantiated megafunction "CACHE:inst1|LINE:inst26|lpm_mux0:inst24|lpm_mux:lpm_mux_component" with the following parameter:
    Info: Parameter "LPM_TYPE" = "LPM_MUX"
    Info: Parameter "LPM_WIDTH" = "7"
    Info: Parameter "LPM_SIZE" = "8"
    Info: Parameter "LPM_WIDTHS" = "3"
Info: Found 1 design units, including 1 entities, in source file db/mux_5oc.tdf
    Info: Found entity 1: mux_5oc
Info: Elaborating entity "mux_5oc" for hierarchy "CACHE:inst1|LINE:inst26|lpm_mux0:inst24|lpm_mux:lpm_mux_component|mux_5oc:auto_generated"
Warning: Using design file lpm_dff1.tdf, which is not specified as a design file for the current project, but contains definitions for 1 design units and 1 entities in project
    Info: Found entity 1: lpm_dff1
Info: Elaborating entity "lpm_dff1" for hierarchy "CACHE:inst1|LINE:inst26|lpm_dff1:inst5"
Info: Elaborating entity "lpm_ff" for hierarchy "CACHE:inst1|LINE:inst26|lpm_dff1:inst5|lpm_ff:lpm_ff_component"
Info: Elaborated megafunction instantiation "CACHE:inst1|LINE:inst26|lpm_dff1:inst5|lpm_ff:lpm_ff_component"
Info: Instantiated megafunction "CACHE:inst1|LINE:inst26|lpm_dff1:inst5|lpm_ff:lpm_ff_component" with the following parameter:
    Info: Parameter "LPM_TYPE" = "LPM_FF"
    Info: Parameter "LPM_WIDTH" = "5"
    Info: Parameter "LPM_FFTYPE" = "DFF"
Warning: Using design file lpm_dff4.tdf, which is not specified as a design file for the current project, but contains definitions for 1 design units and 1 entities in project
    Info: Found entity 1: lpm_dff4
Info: Elaborating entity "lpm_dff4" for hierarchy "CACHE:inst1|lpm_dff4:inst"
Info: Elaborating entity "lpm_ff" for hierarchy "CACHE:inst1|lpm_dff4:inst|lpm_ff:lpm_ff_component"
Info: Elaborated megafunction instantiation "CACHE:inst1|lpm_dff4:inst|lpm_ff:lpm_ff_component"
Info: Instantiated megafunction "CACHE:inst1|lpm_dff4:inst|lpm_ff:lpm_ff_component" with the following parameter:
    Info: Parameter "LPM_TYPE" = "LPM_FF"
    Info: Parameter "LPM_WIDTH" = "7"
    Info: Parameter "LPM_FFTYPE" = "DFF"
Info: Elaborating entity "RAM" for hierarchy "RAM:inst"
Warning: Using design file lpm_compare1.tdf, which is not specified as a design file for the current project, but contains definitions for 1 design units and 1 entities in project
    Info: Found entity 1: lpm_compare1
Info: Elaborating entity "lpm_compare1" for hierarchy "RAM:inst|lpm_compare1:inst4"
Info: Elaborating entity "lpm_compare" for hierarchy "RAM:inst|lpm_compare1:inst4|lpm_compare:lpm_compare_component"
Info: Elaborated megafunction instantiation "RAM:inst|lpm_compare1:inst4|lpm_compare:lpm_compare_component"
Info: Instantiated megafunction "RAM:inst|lpm_compare1:inst4|lpm_compare:lpm_compare_component" with the following parameter:
    Info: Parameter "LPM_TYPE" = "LPM_COMPARE"
    Info: Parameter "LPM_WIDTH" = "8"
    Info: Parameter "LPM_REPRESENTATION" = "UNSIGNED"
Info: Found 1 design units, including 1 entities, in source file db/cmpr_fig.tdf
    Info: Found entity 1: cmpr_fig
Info: Elaborating entity "cmpr_fig" for hierarchy "RAM:inst|lpm_compare1:inst4|lpm_compare:lpm_compare_component|cmpr_fig:auto_generated"
Warning: Using design file lpm_ram_dq0.tdf, which is not specified as a design file for the current project, but contains definitions for 1 design units and 1 entities in project
    Info: Found entity 1: lpm_ram_dq0
Info: Elaborating entity "lpm_ram_dq0" for hierarchy "RAM:inst|lpm_ram_dq0:inst"
Info: Elaborating entity "altsyncram" for hierarchy "RAM:inst|lpm_ram_dq0:inst|altsyncram:altsyncram_component"
Info: Elaborated megafunction instantiation "RAM:inst|lpm_ram_dq0:inst|altsyncram:altsyncram_component"
Info: Instantiated megafunction "RAM:inst|lpm_ram_dq0:inst|altsyncram:altsyncram_component" with the following parameter:
    Info: Parameter "POWER_UP_UNINITIALIZED" = "FALSE"
    Info: Parameter "LPM_TYPE" = "altsyncram"
    Info: Parameter "LPM_HINT" = "ENABLE_RUNTIME_MOD=NO"
    Info: Parameter "INTENDED_DEVICE_FAMILY" = "Stratix II"
    Info: Parameter "OPERATION_MODE" = "SINGLE_PORT"
    Info: Parameter "WIDTH_A" = "7"
    Info: Parameter "WIDTHAD_A" = "8"
    Info: Parameter "NUMWORDS_A" = "256"
    Info: Parameter "OUTDATA_REG_A" = "UNREGISTERED"
    Info: Parameter "OUTDATA_ACLR_A" = "NONE"
    Info: Parameter "INIT_FILE" = "ram_data.mif"
    Info: Parameter "WIDTH_BYTEENA_A" = "1"
    Info: Parameter "CLOCK_ENABLE_INPUT_A" = "NORMAL"
    Info: Parameter "CLOCK_ENABLE_OUTPUT_A" = "BYPASS"
Info: Found 1 design units, including 1 entities, in source file db/altsyncram_etd1.tdf
    Info: Found entity 1: altsyncram_etd1
Info: Elaborating entity "altsyncram_etd1" for hierarchy "RAM:inst|lpm_ram_dq0:inst|altsyncram:altsyncram_component|altsyncram_etd1:auto_generated"
Warning: Width of data items in "ram_data.mif" is greater than the memory width. Truncating data items to fit in memory.
Critical Warning: Memory depth (256) in the design file differs from memory depth (512) in the Memory Initialization File "ram_data.mif" -- truncated remaining initial content value to fit RAM
Warning: Open-drain buffer(s) that do not directly drive top-level pin(s) are removed
    Warning: Converted the fanout from the open-drain buffer "CACHE:inst1|cache_control:inst1|lpm_bustri3:inst15|lpm_bustri:lpm_bustri_component|dout[7]" to the node "RAM:inst|lpm_compare1:inst7|lpm_compare:lpm_compare_component|cmpr_fig:auto_generated|aneb_result_wire[0]" into a wire
    Warning: Converted the fanout from the open-drain buffer "CACHE:inst1|cache_control:inst1|lpm_bustri3:inst15|lpm_bustri:lpm_bustri_component|dout[6]" to the node "RAM:inst|lpm_compare1:inst7|lpm_compare:lpm_compare_component|cmpr_fig:auto_generated|aneb_result_wire[0]" into a wire
    Warning: Converted the fanout from the open-drain buffer "CACHE:inst1|cache_control:inst1|lpm_bustri3:inst15|lpm_bustri:lpm_bustri_component|dout[5]" to the node "RAM:inst|lpm_compare1:inst7|lpm_compare:lpm_compare_component|cmpr_fig:auto_generated|aneb_result_wire[0]" into a wire
    Warning: Converted the fanout from the open-drain buffer "CACHE:inst1|cache_control:inst1|lpm_bustri3:inst15|lpm_bustri:lpm_bustri_component|dout[4]" to the node "RAM:inst|lpm_compare1:inst7|lpm_compare:lpm_compare_component|cmpr_fig:auto_generated|aneb_result_wire[0]" into a wire
    Warning: Converted the fanout from the open-drain buffer "CACHE:inst1|cache_control:inst1|lpm_bustri3:inst15|lpm_bustri:lpm_bustri_component|dout[3]" to the node "RAM:inst|lpm_compare1:inst7|lpm_compare:lpm_compare_component|cmpr_fig:auto_generated|aneb_result_wire[0]" into a wire
    Warning: Converted the fanout from the open-drain buffer "CACHE:inst1|cache_control:inst1|lpm_bustri3:inst15|lpm_bustri:lpm_bustri_component|dout[2]" to the node "RAM:inst|lpm_compare1:inst7|lpm_compare:lpm_compare_component|cmpr_fig:auto_generated|aneb_result_wire[0]" into a wire
Warning: Tri-state node(s) do not directly drive top-level pin(s)
    Warning: Converted the fan-out from the tri-state buffer "CACHE:inst1|lpm_bustri1:inst6|lpm_bustri:lpm_bustri_component|dout[6]" to the node "CACHE:inst1|LINE:inst26|lpm_dff2:inst8|lpm_ff:lpm_ff_component|dffs[6]" into an OR gate
    Warning: Converted the fan-out from the tri-state buffer "CACHE:inst1|lpm_bustri1:inst6|lpm_bustri:lpm_bustri_component|dout[5]" to the node "CACHE:inst1|LINE:inst26|lpm_dff2:inst8|lpm_ff:lpm_ff_component|dffs[5]" into an OR gate
    Warning: Converted the fan-out from the tri-state buffer "CACHE:inst1|lpm_bustri1:inst6|lpm_bustri:lpm_bustri_component|dout[4]" to the node "CACHE:inst1|LINE:inst26|lpm_dff2:inst8|lpm_ff:lpm_ff_component|dffs[4]" into an OR gate
    Warning: Converted the fan-out from the tri-state buffer "CACHE:inst1|lpm_bustri1:inst6|lpm_bustri:lpm_bustri_component|dout[3]" to the node "CACHE:inst1|LINE:inst26|lpm_dff2:inst8|lpm_ff:lpm_ff_component|dffs[3]" into an OR gate
    Warning: Converted the fan-out from the tri-state buffer "CACHE:inst1|lpm_bustri1:inst6|lpm_bustri:lpm_bustri_component|dout[2]" to the node "CACHE:inst1|LINE:inst26|lpm_dff2:inst8|lpm_ff:lpm_ff_component|dffs[2]" into an OR gate
    Warning: Converted the fan-out from the tri-state buffer "CACHE:inst1|lpm_bustri1:inst6|lpm_bustri:lpm_bustri_component|dout[1]" to the node "CACHE:inst1|LINE:inst26|lpm_dff2:inst8|lpm_ff:lpm_ff_component|dffs[1]" into an OR gate
    Warning: Converted the fan-out from the tri-state buffer "CACHE:inst1|lpm_bustri1:inst6|lpm_bustri:lpm_bustri_component|dout[0]" to the node "CACHE:inst1|LINE:inst26|lpm_dff2:inst8|lpm_ff:lpm_ff_component|dffs[0]" into an OR gate
    Warning: Converted the fan-out from the tri-state buffer "CACHE:inst1|cache_control:inst1|lpm_bustri0:inst73|lpm_bustri:lpm_bustri_component|dout[7]" to the node "CACHE:inst1|cache_control:inst1|lpm_dff3:inst70|lpm_ff:lpm_ff_component|dffs[7]" into an OR gate
    Warning: Converted the fan-out from the tri-state buffer "CACHE:inst1|cache_control:inst1|lpm_bustri0:inst73|lpm_bustri:lpm_bustri_component|dout[6]" to the node "CACHE:inst1|cache_control:inst1|lpm_dff3:inst70|lpm_ff:lpm_ff_component|dffs[6]" into an OR gate
    Warning: Converted the fan-out from the tri-state buffer "CACHE:inst1|cache_control:inst1|lpm_bustri0:inst73|lpm_bustri:lpm_bustri_component|dout[5]" to the node "CACHE:inst1|cache_control:inst1|lpm_dff3:inst70|lpm_ff:lpm_ff_component|dffs[5]" into an OR gate
    Warning: Converted the fan-out from the tri-state buffer "CACHE:inst1|cache_control:inst1|lpm_bustri0:inst73|lpm_bustri:lpm_bustri_component|dout[4]" to the node "CACHE:inst1|cache_control:inst1|lpm_dff3:inst70|lpm_ff:lpm_ff_component|dffs[4]" into an OR gate
    Warning: Converted the fan-out from the tri-state buffer "CACHE:inst1|cache_control:inst1|lpm_bustri0:inst73|lpm_bustri:lpm_bustri_component|dout[3]" to the node "CACHE:inst1|cache_control:inst1|lpm_dff3:inst70|lpm_ff:lpm_ff_component|dffs[3]" into an OR gate
    Warning: Converted the fan-out from the tri-state buffer "CACHE:inst1|cache_control:inst1|lpm_bustri0:inst71|lpm_bustri:lpm_bustri_component|dout[2]" to the node "CACHE:inst1|cache_control:inst1|lpm_dff3:inst70|lpm_ff:lpm_ff_component|dffs[2]" into an OR gate
    Warning: Converted the fan-out from the tri-state buffer "CACHE:inst1|cache_control:inst1|lpm_bustri0:inst71|lpm_bustri:lpm_bustri_component|dout[1]" to the node "CACHE:inst1|cache_control:inst1|lpm_dff3:inst70|lpm_ff:lpm_ff_component|dffs[1]" into an OR gate
    Warning: Converted the fan-out from the tri-state buffer "CACHE:inst1|cache_control:inst1|lpm_bustri0:inst71|lpm_bustri:lpm_bustri_component|dout[0]" to the node "CACHE:inst1|cache_control:inst1|lpm_dff3:inst70|lpm_ff:lpm_ff_component|dffs[0]" into an OR gate
    Warning: Converted the fan-out from the tri-state buffer "CACHE:inst1|cache_control:inst1|lpm_bustri0:inst47|lpm_bustri:lpm_bustri_component|dout[7]" to the node "CACHE:inst1|LINE:inst26|lpm_dff1:inst5|lpm_ff:lpm_ff_component|dffs[4]" into an OR gate
    Warning: Converted the fan-out from the tri-state buffer "CACHE:inst1|cache_control:inst1|lpm_bustri0:inst47|lpm_bustri:lpm_bustri_component|dout[6]" to the node "CACHE:inst1|LINE:inst26|lpm_dff1:inst5|lpm_ff:lpm_ff_component|dffs[3]" into an OR gate
    Warning: Converted the fan-out from the tri-state buffer "CACHE:inst1|cache_control:inst1|lpm_bustri0:inst47|lpm_bustri:lpm_bustri_component|dout[5]" to the node "CACHE:inst1|LINE:inst26|lpm_dff1:inst5|lpm_ff:lpm_ff_component|dffs[2]" into an OR gate
    Warning: Converted the fan-out from the tri-state buffer "CACHE:inst1|cache_control:inst1|lpm_bustri0:inst47|lpm_bustri:lpm_bustri_component|dout[4]" to the node "CACHE:inst1|LINE:inst26|lpm_dff1:inst5|lpm_ff:lpm_ff_component|dffs[1]" into an OR gate
    Warning: Converted the fan-out from the tri-state buffer "CACHE:inst1|cache_control:inst1|lpm_bustri0:inst47|lpm_bustri:lpm_bustri_component|dout[3]" to the node "CACHE:inst1|LINE:inst26|lpm_dff1:inst5|lpm_ff:lpm_ff_component|dffs[0]" into an OR gate
    Warning: Converted the fan-out from the tri-state buffer "CACHE:inst1|cache_control:inst1|lpm_bustri0:inst47|lpm_bustri:lpm_bustri_component|dout[2]" to the node "CACHE:inst1|LINE:inst26|lpm_decode3:inst2|lpm_decode:lpm_decode_component|decode_5sf:auto_generated|w_anode48w[3]" into an OR gate
    Warning: Converted the fan-out from the tri-state buffer "CACHE:inst1|cache_control:inst1|lpm_bustri0:inst47|lpm_bustri:lpm_bustri_component|dout[1]" to the node "RAM:inst|lpm_ram_dq0:inst|altsyncram:altsyncram_component|altsyncram_etd1:auto_generated|q_a[0]" into an OR gate
    Warning: Converted the fan-out from the tri-state buffer "CACHE:inst1|cache_control:inst1|lpm_bustri0:inst47|lpm_bustri:lpm_bustri_component|dout[0]" to the node "RAM:inst|lpm_ram_dq0:inst|altsyncram:altsyncram_component|altsyncram_etd1:auto_generated|q_a[0]" into an OR gate
    Warning: Converted the fan-out from the tri-state buffer "CACHE:inst1|cache_control:inst1|lpm_bustri3:inst15|lpm_bustri:lpm_bustri_component|dout[1]" to the node "RAM:inst|lpm_compare1:inst7|lpm_compare:lpm_compare_component|cmpr_fig:auto_generated|aneb_result_wire[0]" into an OR gate
    Warning: Converted the fan-out from the tri-state buffer "CACHE:inst1|cache_control:inst1|lpm_bustri3:inst28|lpm_bustri:lpm_bustri_component|dout[0]" to the node "RAM:inst|lpm_compare1:inst7|lpm_compare:lpm_compare_component|cmpr_fig:auto_generated|aneb_result_wire[0]" into an OR gate
    Warning: Converted the fan-out from the tri-state buffer "CACHE:inst1|cache_control:inst1|lpm_bustri3:inst13|lpm_bustri:lpm_bustri_component|dout[7]" to the node "CACHE:inst1|lpm_decode2:inst34|lpm_decode:lpm_decode_component|decode_8bf:auto_generated|w_anode19w[3]" into an OR gate
    Warning: Converted the fan-out from the tri-state buffer "CACHE:inst1|cache_control:inst1|lpm_bustri3:inst13|lpm_bustri:lpm_bustri_component|dout[6]" to the node "CACHE:inst1|lpm_decode2:inst34|lpm_decode:lpm_decode_component|decode_8bf:auto_generated|w_anode19w[3]" into an OR gate
    Warning: Converted the fan-out from the tri-state buffer "CACHE:inst1|cache_control:inst1|lpm_bustri3:inst13|lpm_bustri:lpm_bustri_component|dout[5]" to the node "CACHE:inst1|lpm_decode2:inst34|lpm_decode:lpm_decode_component|decode_8bf:auto_generated|w_anode19w[3]" into an OR gate
    Warning: Converted the fan-out from the tri-state buffer "CACHE:inst1|cache_control:inst1|lpm_bustri3:inst13|lpm_bustri:lpm_bustri_component|dout[4]" to the node "CACHE:inst1|lpm_decode2:inst34|lpm_decode:lpm_decode_component|decode_8bf:auto_generated|w_anode19w[3]" into an OR gate
    Warning: Converted the fan-out from the tri-state buffer "CACHE:inst1|cache_control:inst1|lpm_bustri3:inst13|lpm_bustri:lpm_bustri_component|dout[3]" to the node "CACHE:inst1|lpm_decode2:inst34|lpm_decode:lpm_decode_component|decode_8bf:auto_generated|w_anode19w[3]" into an OR gate
    Warning: Converted the fan-out from the tri-state buffer "CACHE:inst1|cache_control:inst1|lpm_bustri3:inst18|lpm_bustri:lpm_bustri_component|dout[2]" to the node "CACHE:inst1|lpm_decode2:inst34|lpm_decode:lpm_decode_component|decode_8bf:auto_generated|w_anode103w[3]" into an OR gate
    Warning: Converted the fan-out from the tri-state buffer "CACHE:inst1|cache_control:inst1|lpm_bustri3:inst18|lpm_bustri:lpm_bustri_component|dout[1]" to the node "CACHE:inst1|cache_control:inst1|inst125" into an OR gate
    Warning: Converted the fan-out from the tri-state buffer "CACHE:inst1|cache_control:inst1|lpm_bustri3:inst18|lpm_bustri:lpm_bustri_component|dout[0]" to the node "CACHE:inst1|cache_control:inst1|inst125" into an OR gate
Info: Implemented 1796 device resources after synthesis - the final resource count might be different
    Info: Implemented 18 input pins
    Info: Implemented 497 output pins
    Info: Implemented 1274 logic cells
    Info: Implemented 7 RAM segments
Info: Quartus II Analysis & Synthesis was successful. 0 errors, 69 warnings
    Info: Peak virtual memory: 262 megabytes
    Info: Processing ended: Wed Apr 16 02:32:47 2025
    Info: Elapsed time: 00:00:08
    Info: Total CPU time (on all processors): 00:00:09


