time,Backup:backupCopyFilesCount,Backup:backupCopyFilesMs,BtreeOp:nBinDeltaDelete,BtreeOp:nBinDeltaGet,BtreeOp:nBinDeltaInsert,BtreeOp:nBinDeltaUpdate,BtreeOp:nRootSplits,BtreeOp:relatchesRequired,Cache:DOSBytes,Cache:adminBytes,Cache:cacheTotalBytes,Cache:dataBytes,Cache:lockBytes,Cache:lruDirtySize,Cache:lruMixedSize,Cache:nBINDeltasFetchMiss,Cache:nBINsFetch,Cache:nBINsFetchMiss,Cache:nBINsFetchMissRatio,Cache:nBinDeltaBlindOps,Cache:nBytesEvictedCACHEMODE,Cache:nBytesEvictedCRITICAL,Cache:nBytesEvictedDAEMON,Cache:nBytesEvictedEVICTORTHREAD,Cache:nBytesEvictedMANUAL,Cache:nCachedBINDeltas,Cache:nCachedBINs,Cache:nCachedUpperINs,Cache:nDirtyNodesEvicted,Cache:nEvictionRuns,Cache:nFullBINsMiss,Cache:nINCompactKey,Cache:nINNoTarget,Cache:nINSparseTarget,Cache:nLNsEvicted,Cache:nLNsFetch,Cache:nLNsFetchMiss,Cache:nNodesEvicted,Cache:nNodesMovedToDirtyLRU,Cache:nNodesMutated,Cache:nNodesPutBack,Cache:nNodesSkipped,Cache:nNodesStripped,Cache:nNodesTargeted,Cache:nRootNodesEvicted,Cache:nSharedCacheEnvironments,Cache:nThreadUnavailable,Cache:nUpperINsFetch,Cache:nUpperINsFetchMiss,Cache:sharedCacheTotalBytes,Checkpoints:lastCheckpointEnd,Checkpoints:lastCheckpointId,Checkpoints:lastCheckpointInterval,Checkpoints:lastCheckpointStart,Checkpoints:nCheckpoints,Checkpoints:nDeltaINFlush,Checkpoints:nFullBINFlush,Checkpoints:nFullINFlush,Cleaning:activeLogSize,Cleaning:availableLogSize,Cleaning:maxPredictedUtilization,Cleaning:maxUtilization,Cleaning:minPredictedUtilization,Cleaning:minUtilization,Cleaning:nBINDeltasCleaned,Cleaning:nBINDeltasDead,Cleaning:nBINDeltasMigrated,Cleaning:nBINDeltasObsolete,Cleaning:nCleanerDeletions,Cleaning:nCleanerDisksReads,Cleaning:nCleanerEntriesRead,Cleaning:nCleanerRuns,Cleaning:nINsCleaned,Cleaning:nINsDead,Cleaning:nINsMigrated,Cleaning:nINsObsolete,Cleaning:nLNQueueHits,Cleaning:nLNsCleaned,Cleaning:nLNsDead,Cleaning:nLNsExpired,Cleaning:nLNsExtinct,Cleaning:nLNsLocked,Cleaning:nLNsMarked,Cleaning:nLNsMigrated,Cleaning:nLNsObsolete,Cleaning:nPendingDBsIncomplete,Cleaning:nPendingDBsProcessed,Cleaning:nPendingLNsLocked,Cleaning:nPendingLNsProcessed,Cleaning:nRevisalRuns,Cleaning:nTwoPassRuns,Cleaning:pendingDBQueueSize,Cleaning:pendingLNQueueSize,Cleaning:protectedLogSize,Cleaning:protectedLogSizeMap,Cleaning:reservedLogSize,Cleaning:totalLogSize,Environment:environmentCreationTime,Eraser:eraserCycleEnd,Eraser:eraserCycleStart,Eraser:eraserFSyncs,Eraser:eraserFilesAlreadyDeleted,Eraser:eraserFilesDeleted,Eraser:eraserFilesErased,Eraser:eraserFilesRemaining,Eraser:eraserReadBytes,Eraser:eraserReads,Eraser:eraserWriteBytes,Eraser:eraserWrites,I/O:bufferBytes,I/O:endOfLog,I/O:fSync95Ms,I/O:fSync99Ms,I/O:fSyncAvgMs,I/O:fSyncMaxMs,I/O:nBytesReadFromWriteQueue,I/O:nBytesWrittenFromWriteQueue,I/O:nCacheMiss,I/O:nFSyncRequests,I/O:nFSyncs,I/O:nFileOpens,I/O:nGroupCommitRequests,I/O:nGrpCommitTimeouts,I/O:nLogBuffers,I/O:nLogFSyncs,I/O:nNoFreeBuffer,I/O:nNotResident,I/O:nOpenFiles,I/O:nRandomReadBytes,I/O:nRandomReads,I/O:nRandomWriteBytes,I/O:nRandomWrites,I/O:nReadsFromWriteQueue,I/O:nRepeatFaultReads,I/O:nRepeatIteratorReads,I/O:nSequentialReadBytes,I/O:nSequentialReads,I/O:nSequentialWriteBytes,I/O:nSequentialWrites,I/O:nTempBufferWrites,I/O:nWriteQueueOverflow,I/O:nWriteQueueOverflowFailures,I/O:nWritesFromWriteQueue,Jvm:G1 Concurrent GC.count,Jvm:G1 Concurrent GC.time,Jvm:G1 Old Generation.count,Jvm:G1 Old Generation.time,Jvm:G1 Young Generation.count,Jvm:G1 Young Generation.time,Jvm:heap,Jvm:loadAverage,Locks:nLatchAcquireNoWaitUnsuccessful,Locks:nLatchAcquiresNoWaitSuccessful,Locks:nLatchAcquiresNoWaiters,Locks:nLatchAcquiresSelfOwned,Locks:nLatchAcquiresWithContention,Locks:nLatchReleases,Locks:nRequests,Locks:nWaits,Node Compression:cursorsBins,Node Compression:dbClosedBins,Node Compression:inCompQueueSize,Node Compression:nonEmptyBins,Node Compression:processedBins,Node Compression:splitBins,OffHeap:offHeapAllocFailure,OffHeap:offHeapAllocOverflow,OffHeap:offHeapBINsLoaded,OffHeap:offHeapBINsStored,OffHeap:offHeapCachedBINDeltas,OffHeap:offHeapCachedBINs,OffHeap:offHeapCachedLNs,OffHeap:offHeapCriticalNodesTargeted,OffHeap:offHeapDirtyNodesEvicted,OffHeap:offHeapLNsEvicted,OffHeap:offHeapLNsLoaded,OffHeap:offHeapLNsStored,OffHeap:offHeapLruSize,OffHeap:offHeapNodesEvicted,OffHeap:offHeapNodesMutated,OffHeap:offHeapNodesSkipped,OffHeap:offHeapNodesStripped,OffHeap:offHeapNodesTargeted,OffHeap:offHeapThreadUnavailable,OffHeap:offHeapTotalBlocks,OffHeap:offHeapTotalBytes,Op:priDelete,Op:priDeleteFail,Op:priInsert,Op:priInsertFail,Op:priPosition,Op:priSearch,Op:priSearchFail,Op:priUpdate,Op:secDelete,Op:secInsert,Op:secPosition,Op:secSearch,Op:secSearchFail,Op:secUpdate,TaskCoordinator:nApplicationPermits,TaskCoordinator:nDeficitPermits,TaskCoordinator:nRealPermits
2025-11-10 14:07:59.498 UTC, , , , , , , , , ,125,3159893,14040, , ,3, ,9, , , , , , , , , ,3,3, , , , ,1,5, , , , , , , , , , , , , , , , ,1377,1,744,744,1, ,2,4,1427,45242073088,57,57,57,57, , , , , ,1,12, , , , , , , , , , , , , , , , , , , , , , , , , ,1427,1762783678931,,, , , , , , , , , ,3145728,1377,7,7,4,7, , , ,4,4,3,5, ,3,5, , , , , ,38,1, , , ,12288,3,1389,5, , , , , , , , , , ,41047712,-1, , , , , , ,9, , , , , , , , , , , , , , , , , , , , , , , , , , , , , , , , , , , , , , , , , , , , , 
2025-11-10 14:07:59.781 UTC, , , , , , , , , ,125,3270093,124240, , ,13, ,330, , , , , , , , , ,13,13, , , , ,1,13, , , , , , , , , , , , , , , , ,1377,1,744,744, , , , ,1427,45242073088,57,57,57,57, , , , , , , , , , , , , , , , , , , , , , , , , , , , , , , , ,1427,1762783678931,,, , , , , , , , , ,3145728,53353, , , , , , , , , , , , ,3, , , , , , , , , , , , , , , , , , , , , , , , , ,45242016,-1, , , , , , ,340, , , , , , , , , , , , , , , , , , , , , , , , , , , , , , ,310, , , , , , , , , , , , , , 
2025-11-10 14:08:40.073 UTC, , , , , , , , , ,125,3171237,25384, , ,3, ,72,3,0,04, , , , , , , ,3,3, ,2, ,2,1,3, ,73,31, , , , , , , , , , , , , ,58988,2, ,53621, , , , ,59035,45241245696,93,93,93,93, , , , , ,8,413, , , , , , , , , , , , , , , , , , , , , , , , , ,59035,1762783719438,,, , , , , , , , , ,3145728,58988, , , , , , ,39, , ,3, , ,3, , ,39,1,2048,1, , , , , ,218873,65, , , , , , , , , , , , ,34756256,-1, , , , , , ,53, , , , , , , , , , , , , , , , , , , , , , , , , , , , , , , , , , , , , , , , , , , , , 
2025-11-10 14:08:40.077 UTC, , , , , , , , , ,125,3171237,25384, , ,3, , , , , , , , , , , ,3,3, , , ,2,1,3, , , , , , , , , , , , , , , , ,58988,2, ,53621, , , , ,59035,45241245696,93,93,93,93, , , , , , , , , , , , , , , , , , , , , , , , , , , , , , , , ,59035,1762783719438,,, , , , , , , , , ,3145728,58988, , , , , , , , , , , , ,3, , , ,1, , , , , , , , , , , , , , , , , , , , , ,34756256,-1, , , , , , , , , , , , , , , , , , , , , , , , , , , , , , , , , , , , , , , , , , , , , , , , , , , , 
2025-11-10 14:08:54.905 UTC, , , , , , , , , ,125,3170325,24360,112, ,3, ,72,3,0,04, , , , , , , ,3,3, ,2, ,2,1,3, ,61,22, , , , , , , , , , , , , ,58988,2, ,53621, , , , ,59035,45240573952,93,93,93,93, , , , , ,8,413, , , , , , , , , , , , , , , , , , , , , , , , , ,59035,1762783734279,,, , , , , , , , , ,3145728,58988, , , , , , ,30, , ,3, , ,3, , ,30,1,2048,1, , , , , ,218442,56, , , , , , , , , , , , ,38950560,-1, , , , , , ,56, , , , , , , , , , , , , , , , , , , , , , , , , , , , , , , , , , , , , , , , , , , , , 
2025-11-10 14:08:54.915 UTC, , , , , , , , , ,125,3179589,33736, , ,4, ,2,1,0,50, , , , , , , ,4,4, , , ,4,1,4, ,31,31, , , , , , , , , , , , , ,58988,2, ,53621, , , , ,59035,45240573952,93,93,93,93, , , , , , , , , , , , , , , , , , , , , , , , , , , , , , , , ,59035,1762783734279,,, , , , , , , , , ,3145728,58988, , , , , , ,33, , , , , ,3, , ,33,1, , , , , , , ,9911,33, , , , , , , , , , , , ,38950560,-1, , , , , , ,31, , , , , , , , , , , , , , , , , , , , , , , , , , , , , , , , ,31, , , , , , , , , , , , 
2025-11-10 14:09:06.514 UTC, , , , , , , , , ,125,3170213,24360, , ,3, ,71,3,0,04, , , , , , , ,3,3, ,2, ,2,1,4, ,59,21, , , , , , , , , , , , , ,58988,2, ,53621, , , , , , ,-1,-1,-1,-1, , , , , ,8,413, , , , , , , , , , , , , , , , , , , , , , , , , , ,1762783746461,,, , , , , , , , , ,3145728,58988, , , , , , ,29, , ,2, , ,3, , ,29, ,2048,1, , , , , ,216352,54, , , , , , , , , , , , ,53630624,-1, , , , , , ,54, , , , , , , , , , , , , , , , , , , , , , , , , , , , , , , , , , , , , , , , , , , , , 
2025-11-10 14:09:06.522 UTC, , , , , , , , , ,125,3180061,34208, , ,4, ,3,1,0,33, , , , , , , ,4,4, , , ,4,1,4, ,33,32, , , , , , , , , , , , , ,58988,2, ,53621, , , , ,59035,45238984704,93,93,93,93, , , , , , , , , , , , , , , , , , , , , , , , , , , , , , , , ,59035,1762783746461,,, , , , , , , , , ,3145728,58988, , , , , , ,34, , ,1, , ,3, , ,34,1, , , , , , , ,12519,35, , , , , , , , , , , , ,53630624,-1, , , , , , ,33, , , , , , , , , , , , , , , , , , , , , , , , , , , , , , , , ,31, , , , , , , , , , , , 
2025-11-10 14:10:28.941 UTC, , , , , , , , , ,125,3170213,24360, , ,3, ,70,3,0,04, , , , , , , ,3,3, ,2, ,2,1,4, ,59,21, , , , , , , , , , , , , ,58988,2, ,53621, , , , ,59035,45220274176,93,93,93,93, , , , , ,8,413, , , , , , , , , , , , , , , , , , , , , , , , , ,59035,1762783828241,,, , , , , , , , , ,3145728,58988, , , , , , ,29, , ,2, , ,3, , ,29, ,2048,1, , , , , ,216352,54, , , , , , , , , , , , ,43144864,-1, , , , , , ,53, , , , , , , , , , , , , , , , , , , , , , , , , , , , , , , , , , , , , , , , , , , , , 
2025-11-10 14:10:29.226 UTC, , , , , , , , , ,1909,3257701,110064, , ,13, ,330,10,0,03, , , , , , , ,13,13, , , ,22,1,13, ,20,10, , , , , , , , , , , , , ,58988,2, ,53621, , , , ,59035,45220274176,93,93,93,93, , , , , , , , , , , , , , , , , , , , , , , , , , , , , , , , ,59035,1762783828241,,, , , , , , , , , ,3145728,110173, , , , , , ,30, , ,1, , ,3, , ,30,1, , , , , , , ,43481,31, , , , , , , , , , , , ,49436320,-1, , , , , , ,340, , , , , , , , , , , , , , , , , , , , , , , , , , , , , , , , , , , ,310, , , , , , , , , 
2025-11-10 14:10:45.976 UTC, , , , , , , , , ,125,3171317,25464, , ,3, ,70,3,0,04, , , , , , , ,3,3, ,2, ,2,1,4, ,61,22, , , , , , , , , , , , , ,115668,3, ,110444, , , , ,115717,45203259392,49,49,49,49, , , , , ,15,757, , , , , , , , , , , , , , , , , , , , , , , , , ,115717,1762783845384,,, , , , , , , , , ,3145728,115668, , , , , , ,30, , ,2, , ,3, , ,30, ,2048,1, , , , , ,332425,69, , , , , , , , , , , , ,45242016,-1, , , , , , ,53, , , , , , , , , , , , , , , , , , , , , , , , , , , , , , , , , , , , , , , , , , , , , 
2025-11-10 14:10:46.272 UTC, , , , , , , , , ,1909,3258805,111168, , ,13, ,330,10,0,03, , , , , , , ,13,13, , , ,22,1,13, ,20,10, , , , , , , , , , , , , ,115668,3, ,110444, , , , ,115717,45203259392,49,49,49,49, , , , , , , , , , , , , , , , , , , , , , , , , , , , , , , , ,115717,1762783845384,,, , , , , , , , , ,3145728,166856, , , , , , ,30, , ,1, , ,3, , ,30,1, , , , , , , ,43481,31, , , , , , , , , , , , ,49436320,-1, , , , , , ,340, , , , , , , , , , , , , , , , , , , , , , , , , , , , , , , , , , , ,310, , , , , , , , , 
2025-11-10 14:15:38.864 UTC, , , , , , , , , ,125,3170389,24536, , ,3, ,70,3,0,04, , , , , , , ,3,3, ,2, ,2,1,4, ,63,23, , , , , , , , , , , , , ,172653,4, ,167127, , , , ,172703,45127499776,-1,-1,-1,-1, , , , , ,22,1104, , , , , , , , , , , , , , , , , , , , , , , , , ,172703,1762784138148,,, , , , , , , , , ,3145728,172653, , , , , , ,31, , ,2, , ,3, , ,31, ,2048,1, , , , , ,447885,84, , , , , , , , , , , , ,45242016,-1, , , , , , ,53, , , , , , , , , , , , , , , , , , , , , , , , , , , , , , , , , , , , , , , , , , , , , 
2025-11-10 14:15:39.135 UTC, , , , , , , , , ,1909,3257877,110240, , ,13, ,330,10,0,03, , , , , , , ,13,13, , , ,22,1,13, ,20,10, , , , , , , , , , , , , ,172653,4, ,167127, , , , ,172703,45127499776,34,34,34,34, , , , , , , , , , , , , , , , , , , , , , , , , , , , , , , , ,172703,1762784138148,,, , , , , , , , , ,3145728,223842, , , , , , ,30, , ,1, , ,3, , ,30,1, , , , , , , ,43481,31, , , , , , , , , , , , ,49436320,-1, , , , , , ,340, , , , , , , , , , , , , , , , , , , , , , , , , , , , , , , , , , , ,310, , , , , , , , , 
2025-11-10 14:16:00.902 UTC, , , , , , , , , ,125,3170413,24560, , ,3,1,70,3,0,04, , , , , , , ,3,3, ,2,1,2,1,4, ,65,24, , , , , , , , , , , , , ,229351,5, ,224113, , , , ,229401,45124571136,-1,-1,-1,-1, , , , , ,28,1448, , , , , , , , , , , , , , , , , , , , , , , , , ,229401,1762784160252,,, , , , , , , , , ,3145728,229351, , , , , , ,33, , ,2, , ,3, , ,33, ,2048,1, , , , , ,565375,100, , , , , , , , , , , , ,43144864,-1, , , , , , ,53, , , , , , , , , , , , , , , , , , , , , , , , , , , , , , , , , , , , , , , , , , , , , 
2025-11-10 14:16:01.222 UTC, , , , , , , , , ,1909,3257901,110264, , ,13, ,330,10,0,03, , , , , , , ,13,13, , , ,22,1,13, ,20,10, , , , , , , , , , , , , ,229351,5, ,224113, , , , ,229401,45124571136,26,26,26,26, , , , , , , , , , , , , , , , , , , , , , , , , , , , , , , , ,229401,1762784160252,,, , , , , , , , , ,3145728,280540, , , , , , ,30, , ,1, , ,3, , ,30,1, , , , , , , ,43481,31, , , , , , , , , , , , ,47339168,-1, , , , , , ,340, , , , , , , , , , , , , , , , , , , , , , , , , , , , , , , , , , , ,310, , , , , , , , , 
2025-11-10 14:16:05.155 UTC, , , , , , , , , ,125,3171461,25608, , ,3, ,72,3,0,04, , , , , , , ,3,3, ,2, ,2,1,3, ,81,35, , , , , , , , , , , , , ,286378,6, ,280811, , , , ,286428,45124444160,21,21,21,21, , , , , ,35,1795, , , , , , , , , , , , , , , , , , , , , , , , , ,286428,1762784164307,,, , , , , , , , , ,3145728,286378, , , , , , ,35, , ,3, , ,3, , ,35,1,2048,1, , , , , ,664928,115, , , , , , , , , , , , ,36853408,-1, , , , , , ,53, , , , , , , , , , , , , , , , , , , , , , , , , , , , , , , , , , , , , , , , , , , , , 
2025-11-10 14:16:05.159 UTC, , , , , , , , , ,125,3171461,25608, , ,3, , , , , , , , , , , ,3,3, , , ,2,1,3, , , , , , , , , , , , , , , , ,286378,6, ,280811, , , , ,286428,45124444160,21,21,21,21, , , , , , , , , , , , , , , , , , , , , , , , , , , , , , , , ,286428,1762784164307,,, , , , , , , , , ,3145728,286378, , , , , , ,8, , , , , ,3, , ,8,1, , , , , , , , ,8, , , , , , , , , , , , ,38950560,-1, , , , , , , , , , , , , , , , , , , , , , , , , , , , , , , , , , , , , , , , , , , , , , , , , , , , 
2025-11-10 14:16:09.676 UTC, , , , , , , , , ,125,3170437,24584, , ,3, ,70,3,0,04, , , , , , , ,3,3, ,2, ,2,1,4, ,67,25, , , , , , , , , , , , , ,286378,6, ,280811, , , , , , ,-1,-1,-1,-1, , , , , ,35,1795, , , , , , , , , , , , , , , , , , , , , , , , , , ,1762784169602,,, , , , , , , , , ,3145728,286378, , , , , , ,33, , ,2, , ,3, , ,33, ,2048,1, , , , , ,662407,112, , , , , , , , , , , , ,53630624,-1, , , , , , ,53, , , , , , , , , , , , , , , , , , , , , , , , , , , , , , , , , , , , , , , , , , , , , 
2025-11-10 14:16:09.698 UTC, , , , , , , , , ,125,3180141,34288, , ,4, ,4,1,0,25, , , , , , , ,4,4, , , ,4,1,4, ,33,32, , , , , , , , , , , , , ,286378,6, ,280811, , , , ,286428,45124435968,21,21,21,21, , , , , , , , , , , , , , , , , , , , , , , , , , , , , , , , ,286428,1762784169602,,, , , , , , , , , ,3145728,286378, , , , , , ,34, , ,1, , ,3, , ,34,1, , , , , , , ,12974,35, , , , , , , , , , , , ,53630624,-1, , , , , , ,34, , , , , , , , , , , , , , , , , , , , , , , , , , , , , , , , ,31, , , , , , , , , , , , 
2025-11-12 14:26:03.300 UTC, , , , , , , , , ,125,3171461,25608, , ,3, ,72,3,0,04, , , , , , , ,3,3, ,2, ,2,1,3, ,81,35, , , , , , , , , , , , , ,286378,6, ,280811, , , , , , ,-1,-1,-1,-1, , , , , ,35,1795, , , , , , , , , , , , , , , , , , , , , , , , , , ,1762957562353,,, , , , , , , , , ,3145728,286378, , , , , , ,34, , ,3, , ,3, , ,34,1,2048,1, , , , , ,664928,112, , , , , , , , , , , , ,36853408,-1, , , , , , ,53, , , , , , , , , , , , , , , , , , , , , , , , , , , , , , , , , , , , , , , , , , , , , 
2025-11-12 14:26:03.306 UTC, , , , , , , , , ,125,3171461,25608, , ,3, , , , , , , , , , , ,3,3, , , ,2,1,3, , , , , , , , , , , , , , , , ,286378,6, ,280811, , , , ,286428,43586650112,21,21,21,21, , , , , , , , , , , , , , , , , , , , , , , , , , , , , , , , ,286428,1762957562353,,, , , , , , , , , ,3145728,286378, , , , , , ,9, , , , , ,3, , ,9,1, , , , , , , , ,11, , , , , , , , , , , , ,36853408,-1, , , , , , , , , , , , , , , , , , , , , , , , , , , , , , , , , , , , , , , , , , , , , , , , , , , , 
2025-11-12 14:26:09.189 UTC, , , , , , , , , ,125,3170437,24584, , ,3, ,71,3,0,04, , , , , , , ,3,3, ,2, ,2,1,4, ,71,25, , , , , , , , , , , , , ,286378,6, ,280811, , , , , , ,-1,-1,-1,-1, , , , , ,35,1795, , , , , , , , , , , , , , , , , , , , , , , , , , ,1762957569091,,, , , , , , , , , ,3145728,286378, , , , , , ,33, , ,2, , ,3, , ,33, ,2048,1, , , , , ,662407,112, , , , , , , , , , , , ,53630624,-1, , , , , , ,53, , , , , , , , , , , , , , , , , , , , , , , , , , , , , , , , , , , , , , , , , , , , , 
2025-11-12 14:26:09.194 UTC, , , , , , , , , ,125,3171461,25608, , ,3, ,1, , , , , , , , , ,3,3, , , ,2,1,3, ,10,10, , , , , , , , , , , , , ,286378,6, ,280811, , , , ,286428,43585773568,21,21,21,21, , , , , , , , , , , , , , , , , , , , , , , , , , , , , , , , ,286428,1762957569091,,, , , , , , , , , ,3145728,286378, , , , , , ,10, , ,1, , ,3, , ,10,1, , , , , , , ,2521,11, , , , , , , , , , , , ,53630624,-1, , , , , , , , , , , , , , , , , , , , , , , , , , , , , , , , , , , , , , , , , , , , , , , , , , , , 
2025-11-12 14:26:13.907 UTC, , , , , , , , , ,125,3170437,24584, , ,3, ,71,3,0,04, , , , , , , ,3,3, ,2, ,2,1,4, ,67,25, , , , , , , , , , , , , ,286378,6, ,280811, , , , , , ,-1,-1,-1,-1, , , , , ,35,1795, , , , , , , , , , , , , , , , , , , , , , , , , , ,1762957573802,,, , , , , , , , , ,3145728,286378, , , , , , ,33, , ,2, , ,3, , ,33, ,2048,1, , , , , ,662407,112, , , , , , , , , , , , ,68310688,-1, , , , , , ,53, , , , , , , , , , , , , , , , , , , , , , , , , , , , , , , , , , , , , , , , , , , , , 
2025-11-12 14:27:21.086 UTC, , , , , , , , , ,125,3170437,24584, , ,3, ,70,3,0,04, , , , , , , ,3,3, ,2, ,2,1,4, ,67,25, , , , , , , , , , , , , ,286378,6, ,280811, , , , , , ,-1,-1,-1,-1, , , , , ,35,1795, , , , , , , , , , , , , , , , , , , , , , , , , , ,1762957640361,,, , , , , , , , , ,3145728,286378, , , , , , ,33, , ,2, , ,3, , ,33, ,2048,1, , , , , ,662407,112, , , , , , , , , , , , ,38950560,-1, , , , , , ,53, , , , , , , , , , , , , , , , , , , , , , , , , , , , , , , , , , , , , , , , , , , , , 
2025-11-12 14:27:21.104 UTC, , , , , , , , , ,125,3179813,33960, , ,4, ,4,1,0,25, , , , , , , ,4,4, , , ,4,1,4, ,33,32, , , , , , , , , , , , , ,286378,6, ,280811, , , , ,286428,43584794624,21,21,21,21, , , , , , , , , , , , , , , , , , , , , , , , , , , , , , , , ,286428,1762957640361,,, , , , , , , , , ,3145728,286378, , , , , , ,34, , ,1, , ,3, , ,34,1, , , , , , , ,12094,35, , , , , , , , , , , , ,38950560,-1, , , , , , ,34, , , , , , , , , , , , , , , , , , , , , , , , , , , , , , , , ,31, , , , , , , , , , , , 
2025-11-12 14:33:43.678 UTC, , , , , , , , , ,125,3170437,24584, , ,3, ,71,3,0,04, , , , , , , ,3,3, ,2, ,2,1,3, ,78,33, , , , , , , , , , , , , ,286378,6, ,280811, , , , , , ,-1,-1,-1,-1, , , , , ,35,1795, , , , , , , , , , , , , , , , , , , , , , , , , , ,1762958022366,,, , , , , , , , , ,3145728,286378, , , , , , ,38, , ,3, , ,3, , ,38,1,2048,1, , , , , ,664825,118, , , , , , , , , , , , ,34756256,-1, , , , , , ,53, , , , , , , , , , , , , , , , , , , , , , , , , , , , , , , , , , , , , , , , , , , , , 
2025-11-12 14:33:43.685 UTC, , , , , , , , , ,125,3171461,25608, , ,3, ,1, , , , , , , , , ,3,3, , , ,2,1,3, ,3,2, , , , , , , , , , , , , ,286378,6, ,280811, , , , , , ,-1,-1,-1,-1, , , , , , , , , , , , , , , , , , , , , , , , , , , , , , , , , ,1762958022366,,, , , , , , , , , ,3145728,286378, , , , , , ,5, , , , , ,3, , ,5,1, , , , , , , ,103,5, , , , , , , , , , , , ,34756256,-1, , , , , , , , , , , , , , , , , , , , , , , , , , , , , , , , , , , , , , , , , , , , , , , , , , , , 
2025-11-12 14:34:06.967 UTC, , , , , , , , , ,125,3170437,24584, , ,3, ,71,3,0,04, , , , , , , ,3,3, ,2, ,2,1,3, ,72,27, , , , , , , , , , , , , ,286378,6, ,280811, , , , ,286428,43558592512,-1,-1,-1,-1, , , , , ,35,1795, , , , , , , , , , , , , , , , , , , , , , , , , ,286428,1762958046257,,, , , , , , , , , ,3145728,286378, , , , , , ,33, , ,2, , ,3, , ,33, ,2048,1, , , , , ,664493,112, , , , , , , , , , , , ,34756256,-1, , , , , , ,53, , , , , , , , , , , , , , , , , , , , , , , , , , , , , , , , , , , , , , , , , , , , , 
2025-11-12 14:34:06.972 UTC, , , , , , , , , ,125,3171461,25608, , ,3, ,1, , , , , , , , , ,3,3, , , ,2,1,3, ,9,8, , , , , , , , , , , , , ,286378,6, ,280811, , , , ,286428,43558592512,21,21,21,21, , , , , , , , , , , , , , , , , , , , , , , , , , , , , , , , ,286428,1762958046257,,, , , , , , , , , ,3145728,286378, , , , , , ,10, , ,1, , ,3, , ,10,1, , , , , , , ,435,11, , , , , , , , , , , , ,34756256,-1, , , , , , , , , , , , , , , , , , , , , , , , , , , , , , , , , , , , , , , , , , , , , , , , , , , , 
2025-11-12 14:37:41.510 UTC, , , , , , , , , ,125,3171461,25608, , ,3, ,72,3,0,04, , , , , , , ,3,3, ,2, ,2,1,3, ,81,35, , , , , , , , , , , , , ,286378,6, ,280811, , , , ,286428,43557199872,21,21,21,21, , , , , ,35,1795, , , , , , , , , , , , , , , , , , , , , , , , , ,286428,1762958260754,,, , , , , , , , , ,3145728,286378, , , , , , ,38, , ,3, , ,3, , ,38,1,2048,1, , , , , ,664928,118, , , , , , , , , , , , ,34756256,-1, , , , , , ,53, , , , , , , , , , , , , , , , , , , , , , , , , , , , , , , , , , , , , , , , , , , , , 
2025-11-12 14:37:41.514 UTC, , , , , , , , , ,125,3171461,25608, , ,3, , , , , , , , , , , ,3,3, , , ,2,1,3, , , , , , , , , , , , , , , , ,286378,6, ,280811, , , , ,286428,43557199872,21,21,21,21, , , , , , , , , , , , , , , , , , , , , , , , , , , , , , , , ,286428,1762958260754,,, , , , , , , , , ,3145728,286378, , , , , , ,5, , , , , ,3, , ,5,1, , , , , , , , ,5, , , , , , , , , , , , ,34756256,-1, , , , , , , , , , , , , , , , , , , , , , , , , , , , , , , , , , , , , , , , , , , , , , , , , , , , 
2025-11-12 14:38:10.820 UTC, , , , , , , , , ,125,3171461,25608, , ,3, ,72,3,0,04, , , , , , , ,3,3, ,2, ,2,1,3, ,81,35, , , , , , , , , , , , , ,286378,6, ,280811, , , , ,286428,43584348160,21,21,21,21, , , , , ,35,1795, , , , , , , , , , , , , , , , , , , , , , , , , ,286428,1762958289929,,, , , , , , , , , ,3145728,286378, , , , , , ,34, , ,3, , ,3, , ,34,1,2048,1, , , , , ,664928,114, , , , , , , , , , , , ,34756256,-1, , , , , , ,53, , , , , , , , , , , , , , , , , , , , , , , , , , , , , , , , , , , , , , , , , , , , , 
2025-11-12 14:38:10.826 UTC, , , , , , , , , ,125,3171461,25608, , ,3, , , , , , , , , , , ,3,3, , , ,2,1,3, , , , , , , , , , , , , , , , ,286378,6, ,280811, , , , ,286428,43584348160,21,21,21,21, , , , , , , , , , , , , , , , , , , , , , , , , , , , , , , , ,286428,1762958289929,,, , , , , , , , , ,3145728,286378, , , , , , ,9, , , , , ,3, , ,9,1, , , , , , , , ,9, , , , , , , , , , , , ,34756256,-1, , , , , , , , , , , , , , , , , , , , , , , , , , , , , , , , , , , , , , , , , , , , , , , , , , , , 
2025-11-12 14:38:29.191 UTC, , , , , , , , , ,125,3171461,25608, , ,3, ,72,3,0,04, , , , , , , ,3,3, ,2, ,2,1,3, ,81,35, , , , , , , , , , , , , ,286378,6, ,280811, , , , ,286428,43584593920,-1,-1,-1,-1, , , , , ,35,1795, , , , , , , , , , , , , , , , , , , , , , , , , ,286428,1762958308535,,, , , , , , , , , ,3145728,286378, , , , , , ,33, , ,2, , ,3, , ,33, ,2048,1, , , , , ,664928,112, , , , , , , , , , , , ,34756256,-1, , , , , , ,53, , , , , , , , , , , , , , , , , , , , , , , , , , , , , , , , , , , , , , , , , , , , , 
2025-11-12 14:38:29.196 UTC, , , , , , , , , ,125,3171461,25608, , ,3, , , , , , , , , , , ,3,3, , , ,2,1,3, , , , , , , , , , , , , , , , ,286378,6, ,280811, , , , ,286428,43584593920,21,21,21,21, , , , , , , , , , , , , , , , , , , , , , , , , , , , , , , , ,286428,1762958308535,,, , , , , , , , , ,3145728,286378, , , , , , ,10, , ,1, , ,3, , ,10,1, , , , , , , , ,11, , , , , , , , , , , , ,34756256,-1, , , , , , , , , , , , , , , , , , , , , , , , , , , , , , , , , , , , , , , , , , , , , , , , , , , , 
2025-11-12 14:42:38.782 UTC, , , , , , , , , ,125,3171461,25608, , ,3, ,72,3,0,04, , , , , , , ,3,3, ,2, ,2,1,3, ,81,35, , , , , , , , , , , , , ,286378,6, ,280811, , , , ,286428,43586404352,21,21,21,21, , , , , ,35,1795, , , , , , , , , , , , , , , , , , , , , , , , , ,286428,1762958558095,,, , , , , , , , , ,3145728,286378, , , , , , ,43, , ,3, , ,3, , ,43,1,2048,1, , , , , ,664928,123, , , , , , , , , , , , ,36853408,-1, , , , , , ,53, , , , , , , , , , , , , , , , , , , , , , , , , , , , , , , , , , , , , , , , , , , , , 
2025-11-12 14:42:38.789 UTC, , , , , , , , , ,125,3171461,25608, , ,3, , , , , , , , , , , ,3,3, , , ,2,1,3, , , , , , , , , , , , , , , , ,286378,6, ,280811, , , , ,286428,43586404352,21,21,21,21, , , , , , , , , , , , , , , , , , , , , , , , , , , , , , , , ,286428,1762958558095,,, , , , , , , , , ,3145728,286378, , , , , , , , , , , , ,3, , , ,1, , , , , , , , , , , , , , , , , , , , , ,36853408,-1, , , , , , , , , , , , , , , , , , , , , , , , , , , , , , , , , , , , , , , , , , , , , , , , , , , , 
2025-11-12 14:43:01.781 UTC, , , , , , , , , ,125,3171461,25608, , ,3, ,72,3,0,04, , , , , , , ,3,3, ,2, ,2,1,3, ,81,35, , , , , , , , , , , , , ,286378,6, ,280811, , , , ,286428,43586572288,21,21,21,21, , , , , ,35,1795, , , , , , , , , , , , , , , , , , , , , , , , , ,286428,1762958580851,,, , , , , , , , , ,3145728,286378, , , , , , ,34, , ,3, , ,3, , ,34,1,2048,1, , , , , ,664928,112, , , , , , , , , , , , ,34756256,-1, , , , , , ,53, , , , , , , , , , , , , , , , , , , , , , , , , , , , , , , , , , , , , , , , , , , , , 
2025-11-12 14:43:01.786 UTC, , , , , , , , , ,125,3171461,25608, , ,3, , , , , , , , , , , ,3,3, , , ,2,1,3, , , , , , , , , , , , , , , , ,286378,6, ,280811, , , , ,286428,43586572288,21,21,21,21, , , , , , , , , , , , , , , , , , , , , , , , , , , , , , , , ,286428,1762958580851,,, , , , , , , , , ,3145728,286378, , , , , , ,9, , , , , ,3, , ,9,1, , , , , , , , ,11, , , , , , , , , , , , ,34756256,-1, , , , , , , , , , , , , , , , , , , , , , , , , , , , , , , , , , , , , , , , , , , , , , , , , , , , 
2025-11-12 14:43:22.026 UTC, , , , , , , , , ,125,3171461,25608, , ,3, ,72,3,0,04, , , , , , , ,3,3, ,2, ,2,1,3, ,81,35, , , , , , , , , , , , , ,286378,6, ,280811, , , , ,286428,43586785280,-1,-1,-1,-1, , , , , ,35,1795, , , , , , , , , , , , , , , , , , , , , , , , , ,286428,1762958601265,,, , , , , , , , , ,3145728,286378, , , , , , ,33, , ,2, , ,3, , ,33, ,2048,1, , , , , ,664928,112, , , , , , , , , , , , ,34756256,-1, , , , , , ,53, , , , , , , , , , , , , , , , , , , , , , , , , , , , , , , , , , , , , , , , , , , , , 
2025-11-12 14:43:22.031 UTC, , , , , , , , , ,125,3171461,25608, , ,3, , , , , , , , , , , ,3,3, , , ,2,1,3, , , , , , , , , , , , , , , , ,286378,6, ,280811, , , , ,286428,43586785280,21,21,21,21, , , , , , , , , , , , , , , , , , , , , , , , , , , , , , , , ,286428,1762958601265,,, , , , , , , , , ,3145728,286378, , , , , , ,10, , ,1, , ,3, , ,10,1, , , , , , , , ,11, , , , , , , , , , , , ,34756256,-1, , , , , , , , , , , , , , , , , , , , , , , , , , , , , , , , , , , , , , , , , , , , , , , , , , , , 
2025-11-12 14:43:25.380 UTC, , , , , , , , , ,125,3170549,24584,112, ,3, ,72,3,0,04, , , , , , , ,3,3, ,2, ,2,1,3, ,69,26, , , , , , , , , , , , , ,286378,6, ,280811, , , , ,286428,43586654208,21,21,21,21, , , , , ,35,1795, , , , , , , , , , , , , , , , , , , , , , , , , ,286428,1762958604651,,, , , , , , , , , ,3145728,286378, , , , , , ,34, , ,3, , ,3, , ,34,1,2048,1, , , , , ,664493,114, , , , , , , , , , , , ,34756256,-1, , , , , , ,56, , , , , , , , , , , , , , , , , , , , , , , , , , , , , , , , , , , , , , , , , , , , , 
2025-11-12 14:43:25.386 UTC, , , , , , , , , ,125,3173157,27304, , ,4, ,1,1,1,00, , , , , , , ,4,4, , , ,4,2,4, , , , , , , , , , , , , , , , ,286378,6, ,280811, , , , ,286428,43586654208,21,21,21,21, , , , , , , , , , , , , , , , , , , , , , , , , , , , , , , , ,286428,1762958604651,,, , , , , , , , , ,3145728,286378, , , , , , ,2, , , , , ,3, , ,2,1, , , , , , , ,4096,2, , , , , , , , , , , , ,34756256,-1, , , , , , , , , , , , , , , , , , , , , , , , , , , , , , , , , , , , , , , , , ,1, , , , , , , , , , 
2025-11-12 14:43:26.583 UTC, , , , , , , , , ,125,3170573,24584,136, ,3, ,72,3,0,04, , , , , , , ,3,3, ,2, ,2,1,3, ,69,26, , , , , , , , , , , , , ,286378,6, ,280811, , , , ,286428,43586588672,-1,-1,-1,-1, , , , , ,35,1795, , , , , , , , , , , , , , , , , , , , , , , , , ,286428,1762958605802,,, , , , , , , , , ,3145728,286378, , , , , , ,34, , ,3, , ,3, , ,34,1,2048,1, , , , , ,664493,112, , , , , , , , , , , , ,36853408,-1, , , , , , ,56, , , , , , , , , , , , , , , , , , , , , , , , , , , , , , , , , , , , , , , , , , , , , 
2025-11-12 14:43:26.597 UTC, , , , , , , , , ,125,3180205,34352, , ,4, ,2,1,0,50, , , , , , , ,4,4, , , ,4,1,4, ,31,31, , , , , , , , , , , , , ,286378,6, ,280811, , , , ,286428,43586588672,21,21,21,21, , , , , , , , , , , , , , , , , , , , , , , , , , , , , , , , ,286428,1762958605802,,, , , , , , , , , ,3145728,286378, , , , , , ,33, , , , , ,3, , ,33,1, , , , , , , ,10941,35, , , , , , , , , , , , ,36853408,-1, , , , , , ,31, , , , , , , , , , , , , , , , , , , , , , , , , , , , , , , , ,31, , , , , , , , , , , , 
2025-11-12 14:43:29.454 UTC, , , , , , , , , ,125,3170517,24584,80, ,3, ,71,3,0,04, , , , , , , ,3,3, ,2, ,2,1,3, ,68,26, , , , , , , , , , , , , ,286378,6, ,280811, , , , ,286428,43586441216,-1,-1,-1,-1, , , , , ,35,1795, , , , , , , , , , , , , , , , , , , , , , , , , ,286428,1762958608807,,, , , , , , , , , ,3145728,286378, , , , , , ,33, , ,2, , ,3, , ,33, ,2048,1, , , , , ,664497,112, , , , , , , , , , , , ,36853408,-1, , , , , , ,55, , , , , , , , , , , , , , , , , , , , , , , , , , , , , , , , , , , , , , , , , , , , , 
2025-11-12 14:43:29.459 UTC, , , , , , , , , ,125,3173157,27304, , ,4, ,2,1,0,50, , , , , , , ,4,4, , , ,4,2,4, ,1, , , , , , , , , , , , , , ,286378,6, ,280811, , , , ,286428,43586441216,21,21,21,21, , , , , , , , , , , , , , , , , , , , , , , , , , , , , , , , ,286428,1762958608807,,, , , , , , , , , ,3145728,286378, , , , , , ,3, , ,1, , ,3, , ,3,1, , , , , , , ,4096,4, , , , , , , , , , , , ,36853408,-1, , , , , , ,1, , , , , , , , , , , , , , , , , , , , , , , , , , , , , , , , , , ,1, , , , , , , , , , 
2025-11-12 14:43:30.570 UTC, , , , , , , , , ,125,3170573,24584,136, ,3, ,72,3,0,04, , , , , , , ,3,3, ,2, ,2,1,3, ,69,26, , , , , , , , , , , , , ,286378,6, ,280811, , , , ,286428,43586433024,21,21,21,21, , , , , ,35,1795, , , , , , , , , , , , , , , , , , , , , , , , , ,286428,1762958609903,,, , , , , , , , , ,3145728,286378, , , , , , ,33, , ,2, , ,3, , ,33, ,2048,1, , , , , ,664497,112, , , , , , , , , , , , ,34756256,-1, , , , , , ,56, , , , , , , , , , , , , , , , , , , , , , , , , , , , , , , , , , , , , , , , , , , , , 
2025-11-12 14:43:30.585 UTC, , , , , , , , , ,125,3180141,34288, , ,4, ,2,1,0,50, , , , , , , ,4,4, , , ,4,1,4, ,31,31, , , , , , , , , , , , , ,286378,6, ,280811, , , , ,286428,43586433024,21,21,21,21, , , , , , , , , , , , , , , , , , , , , , , , , , , , , , , , ,286428,1762958609903,,, , , , , , , , , ,3145728,286378, , , , , , ,34, , ,1, , ,3, , ,34,1, , , , , , , ,10884,35, , , , , , , , , , , , ,34756256,-1, , , , , , ,31, , , , , , , , , , , , , , , , , , , , , , , , , , , , , , , , ,31, , , , , , , , , , , , 
2025-11-12 14:43:31.743 UTC, , , , , , , , , ,125,3170549,24584,112, ,3, ,72,3,0,04, , , , , , , ,3,3, ,2, ,2,1,3, ,69,26, , , , , , , , , , , , , ,286378,6, ,280811, , , , ,286428,43586297856,21,21,21,21, , , , , ,35,1795, , , , , , , , , , , , , , , , , , , , , , , , , ,286428,1762958611037,,, , , , , , , , , ,3145728,286378, , , , , , ,34, , ,3, , ,3, , ,34,1,2048,1, , , , , ,664512,114, , , , , , , , , , , , ,36853408,-1, , , , , , ,56, , , , , , , , , , , , , , , , , , , , , , , , , , , , , , , , , , , , , , , , , , , , , 
2025-11-12 14:43:31.748 UTC, , , , , , , , , ,125,3173157,27304, , ,4, ,1,1,1,00, , , , , , , ,4,4, , , ,4,2,4, , , , , , , , , , , , , , , , ,286378,6, ,280811, , , , ,286428,43586297856,21,21,21,21, , , , , , , , , , , , , , , , , , , , , , , , , , , , , , , , ,286428,1762958611037,,, , , , , , , , , ,3145728,286378, , , , , , ,2, , , , , ,3, , ,2,1, , , , , , , ,4096,2, , , , , , , , , , , , ,36853408,-1, , , , , , , , , , , , , , , , , , , , , , , , , , , , , , , , , , , , , , , , , ,1, , , , , , , , , , 
2025-11-12 14:43:32.852 UTC, , , , , , , , , ,125,3170573,24584,136, ,3, ,72,3,0,04, , , , , , , ,3,3, ,2, ,2,1,3, ,69,26, , , , , , , , , , , , , ,286378,6, ,280811, , , , ,286428,43586224128,-1,-1,-1,-1, , , , , ,35,1795, , , , , , , , , , , , , , , , , , , , , , , , , ,286428,1762958612207,,, , , , , , , , , ,3145728,286378, , , , , , ,33, , ,2, , ,3, , ,33, ,2048,1, , , , , ,664512,112, , , , , , , , , , , , ,36853408,-1, , , , , , ,56, , , , , , , , , , , , , , , , , , , , , , , , , , , , , , , , , , , , , , , , , , , , , 
2025-11-12 14:43:32.867 UTC, , , , , , , , , ,125,3177285,31432, , ,4, ,2,1,0,50, , , , , , , ,4,4, , , ,4,1,4, ,31,31, , , , , , , , , , , , , ,286378,6, ,280811, , , , ,286428,43586224128,21,21,21,21, , , , , , , , , , , , , , , , , , , , , , , , , , , , , , , , ,286428,1762958612207,,, , , , , , , , , ,3145728,286378, , , , , , ,34, , ,1, , ,3, , ,34,1, , , , , , , ,7361,35, , , , , , , , , , , , ,36853408,-1, , , , , , ,31, , , , , , , , , , , , , , , , , , , , , , , , , , , , , , , , ,31, , , , , , , , , , , , 
2025-11-12 14:43:33.951 UTC, , , , , , , , , ,125,3170517,24584,80, ,3, ,71,3,0,04, , , , , , , ,3,3, ,2, ,2,1,3, ,68,26, , , , , , , , , , , , , ,286378,6, ,280811, , , , ,286428,43586215936,-1,-1,-1,-1, , , , , ,35,1795, , , , , , , , , , , , , , , , , , , , , , , , , ,286428,1762958613299,,, , , , , , , , , ,3145728,286378, , , , , , ,33, , ,2, , ,3, , ,33, ,2048,1, , , , , ,664499,112, , , , , , , , , , , , ,36853408,-1, , , , , , ,55, , , , , , , , , , , , , , , , , , , , , , , , , , , , , , , , , , , , , , , , , , , , , 
2025-11-12 14:43:33.955 UTC, , , , , , , , , ,125,3173157,27304, , ,4, ,2,1,0,50, , , , , , , ,4,4, , , ,4,2,4, ,1, , , , , , , , , , , , , , ,286378,6, ,280811, , , , ,286428,43586215936,21,21,21,21, , , , , , , , , , , , , , , , , , , , , , , , , , , , , , , , ,286428,1762958613299,,, , , , , , , , , ,3145728,286378, , , , , , ,3, , ,1, , ,3, , ,3,1, , , , , , , ,4096,4, , , , , , , , , , , , ,36853408,-1, , , , , , ,1, , , , , , , , , , , , , , , , , , , , , , , , , , , , , , , , , , ,1, , , , , , , , , , 
2025-11-12 14:43:35.086 UTC, , , , , , , , , ,125,3170517,24584,80, ,3, ,71,3,0,04, , , , , , , ,3,3, ,2, ,2,1,3, ,68,26, , , , , , , , , , , , , ,286378,6, ,280811, , , , ,286428,43586150400,-1,-1,-1,-1, , , , , ,35,1795, , , , , , , , , , , , , , , , , , , , , , , , , ,286428,1762958614422,,, , , , , , , , , ,3145728,286378, , , , , , ,33, , ,2, , ,3, , ,33, ,2048,1, , , , , ,664499,112, , , , , , , , , , , , ,34756256,-1, , , , , , ,55, , , , , , , , , , , , , , , , , , , , , , , , , , , , , , , , , , , , , , , , , , , , , 
2025-11-12 14:43:35.109 UTC, , , , , , , , , ,125,3180285,34432, , ,4, ,3,1,0,33, , , , , , , ,4,4, , , ,4,1,4, ,32,31, , , , , , , , , , , , , ,286378,6, ,280811, , , , ,286428,43586150400,21,21,21,21, , , , , , , , , , , , , , , , , , , , , , , , , , , , , , , , ,286428,1762958614422,,, , , , , , , , , ,3145728,286378, , , , , , ,34, , ,1, , ,3, , ,34,1, , , , , , , ,10520,35, , , , , , , , , , , , ,34756256,-1, , , , , , ,32, , , , , , , , , , , , , , , , , , , , , , , , , , , , , , , , ,31, , , , , , , , , , , , 
2025-11-12 14:43:36.198 UTC, , , , , , , , , ,125,3170573,24584,136, ,3, ,72,3,0,04, , , , , , , ,3,3, ,2, ,2,1,3, ,69,26, , , , , , , , , , , , , ,286378,6, ,280811, , , , ,286428,43586146304,21,21,21,21, , , , , ,35,1795, , , , , , , , , , , , , , , , , , , , , , , , , ,286428,1762958615547,,, , , , , , , , , ,3145728,286378, , , , , , ,33, , ,2, , ,3, , ,33, ,2048,1, , , , , ,664493,112, , , , , , , , , , , , ,36853408,-1, , , , , , ,56, , , , , , , , , , , , , , , , , , , , , , , , , , , , , , , , , , , , , , , , , , , , , 
2025-11-12 14:43:36.203 UTC, , , , , , , , , ,125,3173157,27304, , ,4, ,1,1,1,00, , , , , , , ,4,4, , , ,4,2,4, , , , , , , , , , , , , , , , ,286378,6, ,280811, , , , ,286428,43586146304,21,21,21,21, , , , , , , , , , , , , , , , , , , , , , , , , , , , , , , , ,286428,1762958615547,,, , , , , , , , , ,3145728,286378, , , , , , ,3, , ,1, , ,3, , ,3,1, , , , , , , ,4096,4, , , , , , , , , , , , ,36853408,-1, , , , , , , , , , , , , , , , , , , , , , , , , , , , , , , , , , , , , , , , , ,1, , , , , , , , , , 
2025-11-12 14:43:37.333 UTC, , , , , , , , , ,125,3170573,24584,136, ,3, ,72,3,0,04, , , , , , , ,3,3, ,2, ,2,1,3, ,69,26, , , , , , , , , , , , , ,286378,6, ,280811, , , , ,286428,43586609152,-1,-1,-1,-1, , , , , ,35,1795, , , , , , , , , , , , , , , , , , , , , , , , , ,286428,1762958616667,,, , , , , , , , , ,3145728,286378, , , , , , ,33, , ,2, , ,3, , ,33, ,2048,1, , , , , ,664493,112, , , , , , , , , , , , ,36853408,-1, , , , , , ,56, , , , , , , , , , , , , , , , , , , , , , , , , , , , , , , , , , , , , , , , , , , , , 
2025-11-12 14:43:37.351 UTC, , , , , , , , , ,125,3178621,32768, , ,4, ,2,1,0,50, , , , , , , ,4,4, , , ,4,1,4, ,31,31, , , , , , , , , , , , , ,286378,6, ,280811, , , , ,286428,43586609152,21,21,21,21, , , , , , , , , , , , , , , , , , , , , , , , , , , , , , , , ,286428,1762958616667,,, , , , , , , , , ,3145728,286378, , , , , , ,34, , ,1, , ,3, , ,34,1, , , , , , , ,8930,35, , , , , , , , , , , , ,36853408,-1, , , , , , ,31, , , , , , , , , , , , , , , , , , , , , , , , , , , , , , , , ,31, , , , , , , , , , , , 
2025-11-12 14:43:38.474 UTC, , , , , , , , , ,125,3170549,24584,112, ,3, ,72,3,0,04, , , , , , , ,3,3, ,2, ,2,1,3, ,69,26, , , , , , , , , , , , , ,286378,6, ,280811, , , , ,286428,43586596864,-1,-1,-1,-1, , , , , ,35,1795, , , , , , , , , , , , , , , , , , , , , , , , , ,286428,1762958617777,,, , , , , , , , , ,3145728,286378, , , , , , ,34, , ,3, , ,3, , ,34,1,2048,1, , , , , ,664493,114, , , , , , , , , , , , ,34756256,-1, , , , , , ,56, , , , , , , , , , , , , , , , , , , , , , , , , , , , , , , , , , , , , , , , , , , , , 
2025-11-12 14:43:38.481 UTC, , , , , , , , , ,125,3173157,27304, , ,4, ,1,1,1,00, , , , , , , ,4,4, , , ,4,2,4, , , , , , , , , , , , , , , , ,286378,6, ,280811, , , , ,286428,43586596864,21,21,21,21, , , , , , , , , , , , , , , , , , , , , , , , , , , , , , , , ,286428,1762958617777,,, , , , , , , , , ,3145728,286378, , , , , , ,2, , , , , ,3, , ,2,1, , , , , , , ,4096,2, , , , , , , , , , , , ,34756256,-1, , , , , , , , , , , , , , , , , , , , , , , , , , , , , , , , , , , , , , , , , ,1, , , , , , , , , , 
2025-11-12 14:43:39.553 UTC, , , , , , , , , ,125,3170573,24584,112, ,3, ,72,3,0,04, , , , , , , ,3,3, ,2, ,2,1,3, ,69,26, , , , , , , , , , , , , ,286378,6, ,280811, , , , ,286428,43586527232,21,21,21,21, , , , , ,35,1795, , , , , , , , , , , , , , , , , , , , , , , , , ,286428,1762958618880,,, , , , , , , , , ,3145728,286378, , , , , , ,34, , ,3, , ,3, , ,34,1,2048,1, , , , , ,664493,114, , , , , , , , , , , , ,34756256,-1, , , , , , ,56, , , , , , , , , , , , , , , , , , , , , , , , , , , , , , , , , , , , , , , , , , , , , 
2025-11-12 14:43:39.566 UTC, , , , , , , , , ,125,3178621,32768, , ,4, ,2,1,0,50, , , , , , , ,4,4, , , ,4,1,4, ,31,31, , , , , , , , , , , , , ,286378,6, ,280811, , , , ,286428,43586527232,21,21,21,21, , , , , , , , , , , , , , , , , , , , , , , , , , , , , , , , ,286428,1762958618880,,, , , , , , , , , ,3145728,286378, , , , , , ,33, , , , , ,3, , ,33,1, , , , , , , ,8930,33, , , , , , , , , , , , ,34756256,-1, , , , , , ,31, , , , , , , , , , , , , , , , , , , , , , , , , , , , , , , , ,31, , , , , , , , , , , , 
2025-11-12 14:43:40.609 UTC, , , , , , , , , ,125,3170517,24584,80, ,3, ,71,3,0,04, , , , , , , ,3,3, ,2, ,2,1,3, ,68,26, , , , , , , , , , , , , ,286378,6, ,280811, , , , ,286428,43586506752,21,21,21,21, , , , , ,35,1795, , , , , , , , , , , , , , , , , , , , , , , , , ,286428,1762958619961,,, , , , , , , , , ,3145728,286378, , , , , , ,33, , ,2, , ,3, , ,33, ,2048,1, , , , , ,664499,112, , , , , , , , , , , , ,36853408,-1, , , , , , ,55, , , , , , , , , , , , , , , , , , , , , , , , , , , , , , , , , , , , , , , , , , , , , 
2025-11-12 14:43:40.616 UTC, , , , , , , , , ,125,3173157,27304, , ,4, ,2,1,0,50, , , , , , , ,4,4, , , ,4,2,4, ,1, , , , , , , , , , , , , , ,286378,6, ,280811, , , , ,286428,43586506752,21,21,21,21, , , , , , , , , , , , , , , , , , , , , , , , , , , , , , , , ,286428,1762958619961,,, , , , , , , , , ,3145728,286378, , , , , , ,3, , ,1, , ,3, , ,3,1, , , , , , , ,4096,4, , , , , , , , , , , , ,36853408,-1, , , , , , ,1, , , , , , , , , , , , , , , , , , , , , , , , , , , , , , , , , , ,1, , , , , , , , , , 
2025-11-12 14:43:41.699 UTC, , , , , , , , , ,125,3171773,25808,112, ,4, ,72,3,0,04, , , , , , , ,3,4, ,2, ,3,2,3, ,69,26, , , , , , , , , , , , , ,286378,6, ,280811, , , , ,286428,43585437696,21,21,21,21, , , , , ,35,1795, , , , , , , , , , , , , , , , , , , , , , , , , ,286428,1762958621007,,, , , , , , , , , ,3145728,286378, , , , , , ,34, , ,3, , ,3, , ,34,1,2048,1, , , , , ,666547,114, , , , , , , , , , , , ,34756256,-1, , , , , , ,56, , , , , , , , , , , , , , , , , , , , , , , , , , , , , , , , , , , , , , , , , , , , , 
2025-11-12 14:43:41.710 UTC, , , , , , , , , ,125,3180285,34432, , ,4, ,2,1,0,50, , , , , , , ,4,4, , , ,4,1,4, ,31,31, , , , , , , , , , , , , ,286378,6, ,280811, , , , ,286428,43585437696,21,21,21,21, , , , , , , , , , , , , , , , , , , , , , , , , , , , , , , , ,286428,1762958621007,,, , , , , , , , , ,3145728,286378, , , , , , ,33, , , , , ,3, , ,33,1, , , , , , , ,8472,33, , , , , , , , , , , , ,34756256,-1, , , , , , ,31, , , , , , , , , , , , , , , , , , , , , , , , , , , , , , , , ,31, , , , , , , , , , , , 
2025-11-12 14:44:04.606 UTC, , , , , , , , , ,125,3170541,24584,104, ,3, ,71,3,0,04, , , , , , , ,3,3, ,2, ,2,1,3, ,68,26, , , , , , , , , , , , , ,286378,6, ,280811, , , , ,286428,43584098304,21,21,21,21, , , , , ,35,1795, , , , , , , , , , , , , , , , , , , , , , , , , ,286428,1762958643902,,, , , , , , , , , ,3145728,286378, , , , , , ,33, , ,2, , ,3, , ,33, ,2048,1, , , , , ,664497,112, , , , , , , , , , , , ,34756256,-1, , , , , , ,56, , , , , , , , , , , , , , , , , , , , , , , , , , , , , , , , , , , , , , , , , , , , , 
2025-11-12 14:44:04.611 UTC, , , , , , , , , ,125,3173157,27304, , ,4, ,2,1,0,50, , , , , , , ,4,4, , , ,4,2,4, ,1, , , , , , , , , , , , , , ,286378,6, ,280811, , , , ,286428,43584098304,21,21,21,21, , , , , , , , , , , , , , , , , , , , , , , , , , , , , , , , ,286428,1762958643902,,, , , , , , , , , ,3145728,286378, , , , , , ,3, , ,1, , ,3, , ,3,1, , , , , , , ,4096,4, , , , , , , , , , , , ,34756256,-1, , , , , , , , , , , , , , , , , , , , , , , , , , , , , , , , , , , , , , , , , ,1, , , , , , , , , , 
2025-11-12 14:44:05.697 UTC, , , , , , , , , ,125,3170517,24584,80, ,3, ,71,3,0,04, , , , , , , ,3,3, ,2, ,2,1,3, ,68,26, , , , , , , , , , , , , ,286378,6, ,280811, , , , ,286428,43584090112,-1,-1,-1,-1, , , , , ,35,1795, , , , , , , , , , , , , , , , , , , , , , , , , ,286428,1762958645040,,, , , , , , , , , ,3145728,286378, , , , , , ,33, , ,2, , ,3, , ,33, ,2048,1, , , , , ,664497,112, , , , , , , , , , , , ,34756256,-1, , , , , , ,55, , , , , , , , , , , , , , , , , , , , , , , , , , , , , , , , , , , , , , , , , , , , , 
2025-11-12 14:44:05.711 UTC, , , , , , , , , ,125,3179813,33960, , ,4, ,3,1,0,33, , , , , , , ,4,4, , , ,4,1,4, ,32,31, , , , , , , , , , , , , ,286378,6, ,280811, , , , ,286428,43584090112,21,21,21,21, , , , , , , , , , , , , , , , , , , , , , , , , , , , , , , , ,286428,1762958645040,,, , , , , , , , , ,3145728,286378, , , , , , ,34, , ,1, , ,3, , ,34,1, , , , , , , ,10004,35, , , , , , , , , , , , ,34756256,-1, , , , , , ,32, , , , , , , , , , , , , , , , , , , , , , , , , , , , , , , , ,31, , , , , , , , , , , , 
2025-11-12 14:44:11.091 UTC, , , , , , , , , ,125,3170573,24584,136, ,3, ,72,3,0,04, , , , , , , ,3,3, ,2, ,2,1,3, ,69,26, , , , , , , , , , , , , ,286378,6, ,280811, , , , , , ,-1,-1,-1,-1, , , , , ,35,1795, , , , , , , , , , , , , , , , , , , , , , , , , , ,1762958650408,,, , , , , , , , , ,3145728,286378, , , , , , ,33, , ,2, , ,3, , ,33, ,2048,1, , , , , ,664497,112, , , , , , , , , , , , ,34756256,-1, , , , , , ,56, , , , , , , , , , , , , , , , , , , , , , , , , , , , , , , , , , , , , , , , , , , , , 
2025-11-12 14:44:11.096 UTC, , , , , , , , , ,125,3173157,27304, , ,4, ,1,1,1,00, , , , , , , ,4,4, , , ,4,2,4, , , , , , , , , , , , , , , , ,286378,6, ,280811, , , , ,286428,43583807488,21,21,21,21, , , , , , , , , , , , , , , , , , , , , , , , , , , , , , , , ,286428,1762958650408,,, , , , , , , , , ,3145728,286378, , , , , , ,3, , ,1, , ,3, , ,3,1, , , , , , , ,4096,4, , , , , , , , , , , , ,34756256,-1, , , , , , , , , , , , , , , , , , , , , , , , , , , , , , , , , , , , , , , , , ,1, , , , , , , , , , 
2025-11-12 14:44:12.246 UTC, , , , , , , , , ,125,3170573,24584,136, ,3, ,72,3,0,04, , , , , , , ,3,3, ,2, ,2,1,3, ,69,26, , , , , , , , , , , , , ,286378,6, ,280811, , , , ,286428,43583275008,21,21,21,21, , , , , ,35,1795, , , , , , , , , , , , , , , , , , , , , , , , , ,286428,1762958651517,,, , , , , , , , , ,3145728,286378, , , , , , ,33, , ,2, , ,3, , ,33, ,2048,1, , , , , ,664497,112, , , , , , , , , , , , ,34756256,-1, , , , , , ,56, , , , , , , , , , , , , , , , , , , , , , , , , , , , , , , , , , , , , , , , , , , , , 
2025-11-12 14:44:12.257 UTC, , , , , , , , , ,125,3179813,33960, , ,4, ,2,1,0,50, , , , , , , ,4,4, , , ,4,1,4, ,31,31, , , , , , , , , , , , , ,286378,6, ,280811, , , , ,286428,43583275008,21,21,21,21, , , , , , , , , , , , , , , , , , , , , , , , , , , , , , , , ,286428,1762958651517,,, , , , , , , , , ,3145728,286378, , , , , , ,34, , ,1, , ,3, , ,34,1, , , , , , , ,10004,35, , , , , , , , , , , , ,34756256,-1, , , , , , ,31, , , , , , , , , , , , , , , , , , , , , , , , , , , , , , , , ,31, , , , , , , , , , , , 
2025-11-12 14:44:55.061 UTC, , , , , , , , , ,125,3170517,24584,80, ,3, ,71,3,0,04, , , , , , , ,3,3, ,2, ,2,1,3, ,68,26, , , , , , , , , , , , , ,286378,6, ,280811, , , , , , ,-1,-1,-1,-1, , , , , ,35,1795, , , , , , , , , , , , , , , , , , , , , , , , , , ,1762958694412,,, , , , , , , , , ,3145728,286378, , , , , , ,33, , ,2, , ,3, , ,33, ,2048,1, , , , , ,664497,112, , , , , , , , , , , , ,36853408,-1, , , , , , ,56, , , , , , , , , , , , , , , , , , , , , , , , , , , , , , , , , , , , , , , , , , , , , 
2025-11-12 14:44:55.066 UTC, , , , , , , , , ,125,3173157,27304, , ,4, ,2,1,0,50, , , , , , , ,4,4, , , ,4,2,4, ,1, , , , , , , , , , , , , , ,286378,6, ,280811, , , , ,286428,43583303680,21,21,21,21, , , , , , , , , , , , , , , , , , , , , , , , , , , , , , , , ,286428,1762958694412,,, , , , , , , , , ,3145728,286378, , , , , , ,3, , ,1, , ,3, , ,3,1, , , , , , , ,4096,4, , , , , , , , , , , , ,36853408,-1, , , , , , , , , , , , , , , , , , , , , , , , , , , , , , , , , , , , , , , , , ,1, , , , , , , , , , 
2025-11-12 14:44:56.209 UTC, , , , , , , , , ,125,3170549,24584,112, ,3, ,72,3,0,04, , , , , , , ,3,3, ,2, ,2,1,3, ,69,26, , , , , , , , , , , , , ,286378,6, ,280811, , , , ,286428,43583172608,21,21,21,21, , , , , ,35,1795, , , , , , , , , , , , , , , , , , , , , , , , , ,286428,1762958695568,,, , , , , , , , , ,3145728,286378, , , , , , ,34, , ,3, , ,3, , ,34,1,2048,1, , , , , ,664497,114, , , , , , , , , , , , ,34756256,-1, , , , , , ,56, , , , , , , , , , , , , , , , , , , , , , , , , , , , , , , , , , , , , , , , , , , , , 
2025-11-12 14:44:56.221 UTC, , , , , , , , , ,125,3179813,33960, , ,4, ,2,1,0,50, , , , , , , ,4,4, , , ,4,1,4, ,31,31, , , , , , , , , , , , , ,286378,6, ,280811, , , , ,286428,43583172608,21,21,21,21, , , , , , , , , , , , , , , , , , , , , , , , , , , , , , , , ,286428,1762958695568,,, , , , , , , , , ,3145728,286378, , , , , , ,33, , , , , ,3, , ,33,1, , , , , , , ,10004,33, , , , , , , , , , , , ,34756256,-1, , , , , , ,31, , , , , , , , , , , , , , , , , , , , , , , , , , , , , , , , ,31, , , , , , , , , , , , 
2025-12-15 10:05:22.123 UTC, , , , , , , , , ,125,3171461,25608, , ,3, ,72,3,0,04, , , , , , , ,3,3, ,2, ,2,1,3, ,81,35, , , , , , , , , , , , , ,286378,6, ,280811, , , , ,286428,64308977664,21,21,21,21, , , , , ,35,1795, , , , , , , , , , , , , , , , , , , , , , , , , ,286428,1765793121383,,, , , , , , , , , ,3145728,286378, , , , , , ,34, , ,3, , ,3, , ,34,1,2048,1, , , , , ,664928,112, , , , , , , , , , , , ,36853408,-1, , , , , , ,53, , , , , , , , , , , , , , , , , , , , , , , , , , , , , , , , , , , , , , , , , , , , , 
2025-12-15 10:05:22.129 UTC, , , , , , , , , ,125,3171461,25608, , ,3, , , , , , , , , , , ,3,3, , , ,2,1,3, , , , , , , , , , , , , , , , ,286378,6, ,280811, , , , ,286428,64308977664,21,21,21,21, , , , , , , , , , , , , , , , , , , , , , , , , , , , , , , , ,286428,1765793121383,,, , , , , , , , , ,3145728,286378, , , , , , ,9, , , , , ,3, , ,9,1, , , , , , , , ,11, , , , , , , , , , , , ,36853408,-1, , , , , , , , , , , , , , , , , , , , , , , , , , , , , , , , , , , , , , , , , , , , , , , , , , , , 
2025-12-22 11:07:34.192 UTC, , , , , , , , , ,125,3171461,25608, , ,3, ,72,3,0,04, , , , , , , ,3,3, ,2, ,2,1,3, ,81,35, , , , , , , , , , , , , ,286378,6, ,280811, , , , , , ,-1,-1,-1,-1, , , , , ,35,1795, , , , , , , , , , , , , , , , , , , , , , , , , , ,1766401653367,,, , , , , , , , , ,3145728,286378, , , , , , ,33, , ,2, , ,3, , ,33, ,2048,1, , , , , ,664928,112, , , , , , , , , , , , ,34756256,-1, , , , , , ,53, , , , , , , , , , , , , , , , , , , , , , , , , , , , , , , , , , , , , , , , , , , , , 
2025-12-22 11:07:34.198 UTC, , , , , , , , , ,125,3171461,25608, , ,3, , , , , , , , , , , ,3,3, , , ,2,1,3, , , , , , , , , , , , , , , , ,286378,6, ,280811, , , , ,286428,62331207680,21,21,21,21, , , , , , , , , , , , , , , , , , , , , , , , , , , , , , , , ,286428,1766401653367,,, , , , , , , , , ,3145728,286378, , , , , , ,10, , ,1, , ,3, , ,10,1, , , , , , , , ,11, , , , , , , , , , , , ,34756256,-1, , , , , , , , , , , , , , , , , , , , , , , , , , , , , , , , , , , , , , , , , , , , , , , , , , , , 
2025-12-22 11:07:51.221 UTC, , , , , , , , , ,125,3171461,25608, , ,3, ,72,3,0,04, , , , , , , ,3,3, ,2, ,2,1,3, ,81,35, , , , , , , , , , , , , ,286378,6, ,280811, , , , ,286428,61906984960,21,21,21,21, , , , , ,35,1795, , , , , , , , , , , , , , , , , , , , , , , , , ,286428,1766401670489,,, , , , , , , , , ,3145728,286378, , , , , , ,39, , ,3, , ,3, , ,39,1,2048,1, , , , , ,664928,119, , , , , , , , , , , , ,36853408,-1, , , , , , ,53, , , , , , , , , , , , , , , , , , , , , , , , , , , , , , , , , , , , , , , , , , , , , 
2025-12-22 11:07:51.225 UTC, , , , , , , , , ,125,3171461,25608, , ,3, , , , , , , , , , , ,3,3, , , ,2,1,3, , , , , , , , , , , , , , , , ,286378,6, ,280811, , , , ,286428,61906984960,21,21,21,21, , , , , , , , , , , , , , , , , , , , , , , , , , , , , , , , ,286428,1766401670489,,, , , , , , , , , ,3145728,286378, , , , , , ,4, , , , , ,3, , ,4,1, , , , , , , , ,4, , , , , , , , , , , , ,36853408,-1, , , , , , , , , , , , , , , , , , , , , , , , , , , , , , , , , , , , , , , , , , , , , , , , , , , , 
2025-12-22 11:08:11.034 UTC, , , , , , , , , ,125,3170517,24584,80, ,3, ,71,3,0,04, , , , , , , ,3,3, ,2, ,2,1,3, ,68,26, , , , , , , , , , , , , ,286378,6, ,280811, , , , ,286428,61204791296,-1,-1,-1,-1, , , , , ,35,1795, , , , , , , , , , , , , , , , , , , , , , , , , ,286428,1766401690148,,, , , , , , , , , ,3145728,286378, , , , , , ,33, , ,2, , ,3, , ,33, ,2048,1, , , , , ,664499,112, , , , , , , , , , , , ,34756256,-1, , , , , , ,55, , , , , , , , , , , , , , , , , , , , , , , , , , , , , , , , , , , , , , , , , , , , , 
2025-12-22 11:08:11.039 UTC, , , , , , , , , ,125,3173157,27304, , ,4, ,2,1,0,50, , , , , , , ,4,4, , , ,4,2,4, ,1, , , , , , , , , , , , , , ,286378,6, ,280811, , , , ,286428,61204791296,21,21,21,21, , , , , , , , , , , , , , , , , , , , , , , , , , , , , , , , ,286428,1766401690148,,, , , , , , , , , ,3145728,286378, , , , , , ,3, , ,1, , ,3, , ,3,1, , , , , , , ,4096,4, , , , , , , , , , , , ,34756256,-1, , , , , , ,1, , , , , , , , , , , , , , , , , , , , , , , , , , , , , , , , , , ,1, , , , , , , , , , 
2025-12-22 11:08:12.438 UTC, , , , , , , , , ,125,3170517,24584,80, ,3, ,71,3,0,04, , , , , , , ,3,3, ,2, ,2,1,3, ,68,26, , , , , , , , , , , , , ,286378,6, ,280811, , , , ,286428,61223890944,-1,-1,-1,-1, , , , , ,35,1795, , , , , , , , , , , , , , , , , , , , , , , , , ,286428,1766401691548,,, , , , , , , , , ,3145728,286378, , , , , , ,33, , ,2, , ,3, , ,33, ,2048,1, , , , , ,664499,112, , , , , , , , , , , , ,36853408,-1, , , , , , ,55, , , , , , , , , , , , , , , , , , , , , , , , , , , , , , , , , , , , , , , , , , , , , 
2025-12-22 11:08:12.463 UTC, , , , , , , , , ,125,3180285,34432, , ,4, ,3,1,0,33, , , , , , , ,4,4, , , ,4,1,4, ,32,31, , , , , , , , , , , , , ,286378,6, ,280811, , , , ,286428,61223890944,21,21,21,21, , , , , , , , , , , , , , , , , , , , , , , , , , , , , , , , ,286428,1766401691548,,, , , , , , , , , ,3145728,286378, , , , , , ,34, , ,1, , ,3, , ,34,1, , , , , , , ,10520,35, , , , , , , , , , , , ,38950560,-1, , , , , , ,32, , , , , , , , , , , , , , , , , , , , , , , , , , , , , , , , ,31, , , , , , , , , , , , 
2025-12-22 11:14:14.295 UTC, , , , , , , , , ,125,3170573,24584,136, ,3, ,72,3,0,04, , , , , , , ,3,3, ,2, ,2,1,3, ,69,26, , , , , , , , , , , , , ,286378,6, ,280811, , , , ,286428,62453866496,21,21,21,21, , , , , ,35,1795, , , , , , , , , , , , , , , , , , , , , , , , , ,286428,1766402053454,,, , , , , , , , , ,3145728,286378, , , , , , ,33, , ,2, , ,3, , ,33, ,2048,1, , , , , ,664497,112, , , , , , , , , , , , ,36853408,-1, , , , , , ,56, , , , , , , , , , , , , , , , , , , , , , , , , , , , , , , , , , , , , , , , , , , , , 
2025-12-22 11:14:14.301 UTC, , , , , , , , , ,125,3173157,27304, , ,4, ,1,1,1,00, , , , , , , ,4,4, , , ,4,2,4, , , , , , , , , , , , , , , , ,286378,6, ,280811, , , , ,286428,62453866496,21,21,21,21, , , , , , , , , , , , , , , , , , , , , , , , , , , , , , , , ,286428,1766402053454,,, , , , , , , , , ,3145728,286378, , , , , , ,3, , ,1, , ,3, , ,3,1, , , , , , , ,4096,4, , , , , , , , , , , , ,36853408,-1, , , , , , , , , , , , , , , , , , , , , , , , , , , , , , , , , , , , , , , , , ,1, , , , , , , , , , 
2025-12-22 11:14:15.589 UTC, , , , , , , , , ,125,3170517,24584,80, ,3, ,71,3,0,04, , , , , , , ,3,3, ,2, ,2,1,4, ,67,25, , , , , , , , , , , , , ,286378,6, ,280811, , , , ,286428,62453862400,21,21,21,21, , , , , ,35,1795, , , , , , , , , , , , , , , , , , , , , , , , , ,286428,1766402054751,,, , , , , , , , , ,3145728,286378, , , , , , ,33, , ,2, , ,3, , ,33, ,2048,1, , , , , ,662407,112, , , , , , , , , , , , ,34756256,-1, , , , , , ,54, , , , , , , , , , , , , , , , , , , , , , , , , , , , , , , , , , , , , , , , , , , , , 
2025-12-22 11:14:15.611 UTC, , , , , , , , , ,125,3179813,33960, , ,4, ,3,1,0,33, , , , , , , ,4,4, , , ,4,1,4, ,33,32, , , , , , , , , , , , , ,286378,6, ,280811, , , , ,286428,62453862400,21,21,21,21, , , , , , , , , , , , , , , , , , , , , , , , , , , , , , , , ,286428,1766402054751,,, , , , , , , , , ,3145728,286378, , , , , , ,34, , ,1, , ,3, , ,34,1, , , , , , , ,12094,35, , , , , , , , , , , , ,34756256,-1, , , , , , ,33, , , , , , , , , , , , , , , , , , , , , , , , , , , , , , , , ,31, , , , , , , , , , , , 
2025-12-22 11:14:27.962 UTC, , , , , , , , , ,125,3171461,25608, , ,3, ,72,3,0,04, , , , , , , ,3,3, ,2, ,2,1,3, ,81,35, , , , , , , , , , , , , ,286378,6, ,280811, , , , ,286428,62452559872,21,21,21,21, , , , , ,35,1795, , , , , , , , , , , , , , , , , , , , , , , , , ,286428,1766402067269,,, , , , , , , , , ,3145728,286378, , , , , , ,37, , ,3, , ,3, , ,37,1,2048,1, , , , , ,664928,118, , , , , , , , , , , , ,36853408,-1, , , , , , ,53, , , , , , , , , , , , , , , , , , , , , , , , , , , , , , , , , , , , , , , , , , , , , 
2025-12-22 11:14:27.967 UTC, , , , , , , , , ,125,3171461,25608, , ,3, , , , , , , , , , , ,3,3, , , ,2,1,3, , , , , , , , , , , , , , , , ,286378,6, ,280811, , , , ,286428,62452559872,21,21,21,21, , , , , , , , , , , , , , , , , , , , , , , , , , , , , , , , ,286428,1766402067269,,, , , , , , , , , ,3145728,286378, , , , , , ,6, , , , , ,3, , ,6,1, , , , , , , , ,5, , , , , , , , , , , , ,36853408,-1, , , , , , , , , , , , , , , , , , , , , , , , , , , , , , , , , , , , , , , , , , , , , , , , , , , , 
2025-12-22 11:14:55.173 UTC, , , , , , , , , ,125,3170653,24584,216, ,3, ,72,3,0,04, , , , , , , ,3,3, ,2, ,2,1,3, ,69,26, , , , , , , , , , , , , ,286378,6, ,280811, , , , ,286428,62451593216,-1,-1,-1,-1, , , , , ,35,1795, , , , , , , , , , , , , , , , , , , , , , , , , ,286428,1766402094431,,, , , , , , , , , ,3145728,286378, , , , , , ,33, , ,2, , ,3, , ,33, ,2048,1, , , , , ,664497,112, , , , , , , , , , , , ,36853408,-1, , , , , , ,56, , , , , , , , , , , , , , , , , , , , , , , , , , , , , , , , , , , , , , , , , , , , , 
2025-12-22 11:14:55.179 UTC, , , , , , , , , ,125,3173157,27304, , ,4, ,1,1,1,00, , , , , , , ,4,4, , , ,4,2,4, , , , , , , , , , , , , , , , ,286378,6, ,280811, , , , ,286428,62451593216,21,21,21,21, , , , , , , , , , , , , , , , , , , , , , , , , , , , , , , , ,286428,1766402094431,,, , , , , , , , , ,3145728,286378, , , , , , ,3, , ,1, , ,3, , ,3,1, , , , , , , ,4096,4, , , , , , , , , , , , ,36853408,-1, , , , , , , , , , , , , , , , , , , , , , , , , , , , , , , , , , , , , , , , , ,1, , , , , , , , , , 
2025-12-22 11:14:56.289 UTC, , , , , , , , , ,125,3170573,24584,136, ,3, ,72,3,0,04, , , , , , , ,3,3, ,2, ,2,1,3, ,69,26, , , , , , , , , , , , , ,286378,6, ,280811, , , , ,286428,62451585024,21,21,21,21, , , , , ,35,1795, , , , , , , , , , , , , , , , , , , , , , , , , ,286428,1766402095582,,, , , , , , , , , ,3145728,286378, , , , , , ,33, , ,2, , ,3, , ,33, ,2048,1, , , , , ,664497,112, , , , , , , , , , , , ,36853408,-1, , , , , , ,56, , , , , , , , , , , , , , , , , , , , , , , , , , , , , , , , , , , , , , , , , , , , , 
2025-12-22 11:14:56.302 UTC, , , , , , , , , ,125,3179813,33960, , ,4, ,2,1,0,50, , , , , , , ,4,4, , , ,4,1,4, ,31,31, , , , , , , , , , , , , ,286378,6, ,280811, , , , ,286428,62451585024,21,21,21,21, , , , , , , , , , , , , , , , , , , , , , , , , , , , , , , , ,286428,1766402095582,,, , , , , , , , , ,3145728,286378, , , , , , ,34, , ,1, , ,3, , ,34,1, , , , , , , ,10004,35, , , , , , , , , , , , ,36853408,-1, , , , , , ,31, , , , , , , , , , , , , , , , , , , , , , , , , , , , , , , , ,31, , , , , , , , , , , , 
2025-12-22 11:19:10.363 UTC, , , , , , , , , ,125,3171461,25608, , ,3, ,72,3,0,04, , , , , , , ,3,3, ,2, ,2,1,3, ,81,35, , , , , , , , , , , , , ,286378,6, ,280811, , , , ,286428,62477209600,21,21,21,21, , , , , ,35,1795, , , , , , , , , , , , , , , , , , , , , , , , , ,286428,1766402349551,,, , , , , , , , , ,3145728,286378, , , , , , ,36, , ,3, , ,3, , ,36,1,2048,1, , , , , ,664928,116, , , , , , , , , , , , ,34756256,-1, , , , , , ,53, , , , , , , , , , , , , , , , , , , , , , , , , , , , , , , , , , , , , , , , , , , , , 
2025-12-22 11:19:10.368 UTC, , , , , , , , , ,125,3171461,25608, , ,3, , , , , , , , , , , ,3,3, , , ,2,1,3, , , , , , , , , , , , , , , , ,286378,6, ,280811, , , , ,286428,62477209600,21,21,21,21, , , , , , , , , , , , , , , , , , , , , , , , , , , , , , , , ,286428,1766402349551,,, , , , , , , , , ,3145728,286378, , , , , , ,7, , , , , ,3, , ,7,1, , , , , , , , ,7, , , , , , , , , , , , ,34756256,-1, , , , , , , , , , , , , , , , , , , , , , , , , , , , , , , , , , , , , , , , , , , , , , , , , , , , 
2025-12-22 11:19:28.048 UTC, , , , , , , , , ,125,3170573,24584,136, ,3, ,72,3,0,04, , , , , , , ,3,3, ,2, ,2,1,3, ,69,26, , , , , , , , , , , , , ,286378,6, ,280811, , , , ,286428,62476697600,21,21,21,21, , , , , ,35,1795, , , , , , , , , , , , , , , , , , , , , , , , , ,286428,1766402367260,,, , , , , , , , , ,3145728,286378, , , , , , ,33, , ,2, , ,3, , ,33, ,2048,1, , , , , ,664497,112, , , , , , , , , , , , ,36853408,-1, , , , , , ,56, , , , , , , , , , , , , , , , , , , , , , , , , , , , , , , , , , , , , , , , , , , , , 
2025-12-22 11:19:28.054 UTC, , , , , , , , , ,125,3173157,27304, , ,4, ,1,1,1,00, , , , , , , ,4,4, , , ,4,2,4, , , , , , , , , , , , , , , , ,286378,6, ,280811, , , , ,286428,62476697600,21,21,21,21, , , , , , , , , , , , , , , , , , , , , , , , , , , , , , , , ,286428,1766402367260,,, , , , , , , , , ,3145728,286378, , , , , , ,3, , ,1, , ,3, , ,3,1, , , , , , , ,4096,4, , , , , , , , , , , , ,36853408,-1, , , , , , , , , , , , , , , , , , , , , , , , , , , , , , , , , , , , , , , , , ,1, , , , , , , , , , 
2025-12-22 11:19:29.233 UTC, , , , , , , , , ,125,3170573,24584,136, ,3, ,72,3,0,04, , , , , , , ,3,3, ,2, ,2,1,3, ,69,26, , , , , , , , , , , , , ,286378,6, ,280811, , , , ,286428,62476697600,21,21,21,21, , , , , ,35,1795, , , , , , , , , , , , , , , , , , , , , , , , , ,286428,1766402368491,,, , , , , , , , , ,3145728,286378, , , , , , ,33, , ,2, , ,3, , ,33, ,2048,1, , , , , ,664497,112, , , , , , , , , , , , ,34756256,-1, , , , , , ,56, , , , , , , , , , , , , , , , , , , , , , , , , , , , , , , , , , , , , , , , , , , , , 
2025-12-22 11:19:29.247 UTC, , , , , , , , , ,125,3179813,33960, , ,4, ,2,1,0,50, , , , , , , ,4,4, , , ,4,1,4, ,31,31, , , , , , , , , , , , , ,286378,6, ,280811, , , , ,286428,62476697600,21,21,21,21, , , , , , , , , , , , , , , , , , , , , , , , , , , , , , , , ,286428,1766402368491,,, , , , , , , , , ,3145728,286378, , , , , , ,34, , ,1, , ,3, , ,34,1, , , , , , , ,10004,35, , , , , , , , , , , , ,36853408,-1, , , , , , ,31, , , , , , , , , , , , , , , , , , , , , , , , , , , , , , , , ,31, , , , , , , , , , , , 
2025-12-22 11:20:58.329 UTC, , , , , , , , , ,125,3171461,25608, , ,3, ,72,3,0,04, , , , , , , ,3,3, ,2, ,2,1,3, ,81,35, , , , , , , , , , , , , ,286378,6, ,280811, , , , ,286428,62472912896,21,21,21,21, , , , , ,35,1795, , , , , , , , , , , , , , , , , , , , , , , , , ,286428,1766402457572,,, , , , , , , , , ,3145728,286378, , , , , , ,41, , ,3, , ,3, , ,41,1,2048,1, , , , , ,664928,121, , , , , , , , , , , , ,34756256,-1, , , , , , ,53, , , , , , , , , , , , , , , , , , , , , , , , , , , , , , , , , , , , , , , , , , , , , 
2025-12-22 11:20:58.335 UTC, , , , , , , , , ,125,3171461,25608, , ,3, , , , , , , , , , , ,3,3, , , ,2,1,3, , , , , , , , , , , , , , , , ,286378,6, ,280811, , , , ,286428,62472912896,21,21,21,21, , , , , , , , , , , , , , , , , , , , , , , , , , , , , , , , ,286428,1766402457572,,, , , , , , , , , ,3145728,286378, , , , , , ,2, , , , , ,3, , ,2,1, , , , , , , , ,2, , , , , , , , , , , , ,34756256,-1, , , , , , , , , , , , , , , , , , , , , , , , , , , , , , , , , , , , , , , , , , , , , , , , , , , , 
2025-12-22 11:21:06.363 UTC, , , , , , , , , ,125,3170573,24584,136, ,3, ,72,3,0,04, , , , , , , ,3,3, ,2, ,2,1,3, ,69,26, , , , , , , , , , , , , ,286378,6, ,280811, , , , ,286428,62469001216,-1,-1,-1,-1, , , , , ,35,1795, , , , , , , , , , , , , , , , , , , , , , , , , ,286428,1766402465595,,, , , , , , , , , ,3145728,286378, , , , , , ,33, , ,2, , ,3, , ,33, ,2048,1, , , , , ,664497,112, , , , , , , , , , , , ,34756256,-1, , , , , , ,56, , , , , , , , , , , , , , , , , , , , , , , , , , , , , , , , , , , , , , , , , , , , , 
2025-12-22 11:21:06.369 UTC, , , , , , , , , ,125,3173157,27304, , ,4, ,1,1,1,00, , , , , , , ,4,4, , , ,4,2,4, , , , , , , , , , , , , , , , ,286378,6, ,280811, , , , ,286428,62469001216,21,21,21,21, , , , , , , , , , , , , , , , , , , , , , , , , , , , , , , , ,286428,1766402465595,,, , , , , , , , , ,3145728,286378, , , , , , ,3, , ,1, , ,3, , ,3,1, , , , , , , ,4096,4, , , , , , , , , , , , ,34756256,-1, , , , , , , , , , , , , , , , , , , , , , , , , , , , , , , , , , , , , , , , , ,1, , , , , , , , , , 
2025-12-22 11:21:07.583 UTC, , , , , , , , , ,125,3170517,24584,80, ,3, ,71,3,0,04, , , , , , , ,3,3, ,2, ,2,1,3, ,68,26, , , , , , , , , , , , , ,286378,6, ,280811, , , , ,286428,62468997120,-1,-1,-1,-1, , , , , ,35,1795, , , , , , , , , , , , , , , , , , , , , , , , , ,286428,1766402466837,,, , , , , , , , , ,3145728,286378, , , , , , ,33, , ,2, , ,3, , ,33, ,2048,1, , , , , ,664497,112, , , , , , , , , , , , ,36853408,-1, , , , , , ,55, , , , , , , , , , , , , , , , , , , , , , , , , , , , , , , , , , , , , , , , , , , , , 
2025-12-22 11:21:07.601 UTC, , , , , , , , , ,125,3179813,33960, , ,4, ,3,1,0,33, , , , , , , ,4,4, , , ,4,1,4, ,32,31, , , , , , , , , , , , , ,286378,6, ,280811, , , , ,286428,62468997120,21,21,21,21, , , , , , , , , , , , , , , , , , , , , , , , , , , , , , , , ,286428,1766402466837,,, , , , , , , , , ,3145728,286378, , , , , , ,34, , ,1, , ,3, , ,34,1, , , , , , , ,10004,35, , , , , , , , , , , , ,38950560,-1, , , , , , ,32, , , , , , , , , , , , , , , , , , , , , , , , , , , , , , , , ,31, , , , , , , , , , , , 
2025-12-22 11:22:04.828 UTC, , , , , , , , , ,125,3170573,24584,136, ,3, ,72,3,0,04, , , , , , , ,3,3, ,2, ,2,1,3, ,69,26, , , , , , , , , , , , , ,286378,6, ,280811, , , , ,286428,62468571136,21,21,21,21, , , , , ,35,1795, , , , , , , , , , , , , , , , , , , , , , , , , ,286428,1766402523939,,, , , , , , , , , ,3145728,286378, , , , , , ,33, , ,2, , ,3, , ,33, ,2048,1, , , , , ,664493,112, , , , , , , , , , , , ,34756256,-1, , , , , , ,56, , , , , , , , , , , , , , , , , , , , , , , , , , , , , , , , , , , , , , , , , , , , , 
2025-12-22 11:22:04.836 UTC, , , , , , , , , ,125,3173157,27304, , ,4, ,1,1,1,00, , , , , , , ,4,4, , , ,4,2,4, , , , , , , , , , , , , , , , ,286378,6, ,280811, , , , ,286428,62468571136,21,21,21,21, , , , , , , , , , , , , , , , , , , , , , , , , , , , , , , , ,286428,1766402523939,,, , , , , , , , , ,3145728,286378, , , , , , ,3, , ,1, , ,3, , ,3,1, , , , , , , ,4096,4, , , , , , , , , , , , ,34756256,-1, , , , , , , , , , , , , , , , , , , , , , , , , , , , , , , , , , , , , , , , , ,1, , , , , , , , , , 
2025-12-22 11:22:06.186 UTC, , , , , , , , , ,125,3170517,24584,80, ,3, ,71,3,0,04, , , , , , , ,3,3, ,2, ,2,1,3, ,68,26, , , , , , , , , , , , , ,286378,6, ,280811, , , , ,286428,62468550656,-1,-1,-1,-1, , , , , ,35,1795, , , , , , , , , , , , , , , , , , , , , , , , , ,286428,1766402525354,,, , , , , , , , , ,3145728,286378, , , , , , ,33, , ,2, , ,3, , ,33, ,2048,1, , , , , ,664493,112, , , , , , , , , , , , ,36853408,-1, , , , , , ,55, , , , , , , , , , , , , , , , , , , , , , , , , , , , , , , , , , , , , , , , , , , , , 
2025-12-22 11:22:06.201 UTC, , , , , , , , , ,125,3180205,34352, , ,4, ,3,1,0,33, , , , , , , ,4,4, , , ,4,1,4, ,32,31, , , , , , , , , , , , , ,286378,6, ,280811, , , , ,286428,62468550656,21,21,21,21, , , , , , , , , , , , , , , , , , , , , , , , , , , , , , , , ,286428,1766402525354,,, , , , , , , , , ,3145728,286378, , , , , , ,34, , ,1, , ,3, , ,34,1, , , , , , , ,10941,35, , , , , , , , , , , , ,38950560,-1, , , , , , ,32, , , , , , , , , , , , , , , , , , , , , , , , , , , , , , , , ,31, , , , , , , , , , , , 
2025-12-22 11:23:49.779 UTC, , , , , , , , , ,125,3171461,25608, , ,3, ,72,3,0,04, , , , , , , ,3,3, ,2, ,2,1,3, ,81,35, , , , , , , , , , , , , ,286378,6, ,280811, , , , ,286428,62463369216,-1,-1,-1,-1, , , , , ,35,1795, , , , , , , , , , , , , , , , , , , , , , , , , ,286428,1766402629130,,, , , , , , , , , ,3145728,286378, , , , , , ,33, , ,2, , ,3, , ,33, ,2048,1, , , , , ,664928,112, , , , , , , , , , , , ,34756256,-1, , , , , , ,53, , , , , , , , , , , , , , , , , , , , , , , , , , , , , , , , , , , , , , , , , , , , , 
2025-12-22 11:23:49.783 UTC, , , , , , , , , ,125,3171461,25608, , ,3, , , , , , , , , , , ,3,3, , , ,2,1,3, , , , , , , , , , , , , , , , ,286378,6, ,280811, , , , ,286428,62463369216,21,21,21,21, , , , , , , , , , , , , , , , , , , , , , , , , , , , , , , , ,286428,1766402629130,,, , , , , , , , , ,3145728,286378, , , , , , ,10, , ,1, , ,3, , ,10,1, , , , , , , , ,11, , , , , , , , , , , , ,34756256,-1, , , , , , , , , , , , , , , , , , , , , , , , , , , , , , , , , , , , , , , , , , , , , , , , , , , , 
2025-12-22 11:23:53.640 UTC, , , , , , , , , ,125,3171461,25608, , ,3, ,72,3,0,04, , , , , , , ,3,3, ,2, ,2,1,3, ,81,35, , , , , , , , , , , , , ,286378,6, ,280811, , , , ,286428,62463352832,21,21,21,21, , , , , ,35,1795, , , , , , , , , , , , , , , , , , , , , , , , , ,286428,1766402632915,,, , , , , , , , , ,3145728,286378, , , , , , ,43, , ,3, , ,3, , ,43,1,2048,1, , , , , ,664928,123, , , , , , , , , , , , ,36853408,-1, , , , , , ,53, , , , , , , , , , , , , , , , , , , , , , , , , , , , , , , , , , , , , , , , , , , , , 
2025-12-22 11:23:53.646 UTC, , , , , , , , , ,125,3171461,25608, , ,3, , , , , , , , , , , ,3,3, , , ,2,1,3, , , , , , , , , , , , , , , , ,286378,6, ,280811, , , , ,286428,62463352832,21,21,21,21, , , , , , , , , , , , , , , , , , , , , , , , , , , , , , , , ,286428,1766402632915,,, , , , , , , , , ,3145728,286378, , , , , , , , , , , , ,3, , , ,1, , , , , , , , , , , , , , , , , , , , , ,36853408,-1, , , , , , , , , , , , , , , , , , , , , , , , , , , , , , , , , , , , , , , , , , , , , , , , , , , , 
2025-12-22 11:25:01.754 UTC, , , , , , , , , ,125,3171461,25608, , ,3, ,72,3,0,04, , , , , , , ,3,3, ,2, ,2,1,3, ,81,35, , , , , , , , , , , , , ,286378,6, ,280811, , , , ,286428,62462394368,-1,-1,-1,-1, , , , , ,35,1795, , , , , , , , , , , , , , , , , , , , , , , , , ,286428,1766402701042,,, , , , , , , , , ,3145728,286378, , , , , , ,33, , ,2, , ,3, , ,33, ,2048,1, , , , , ,664928,112, , , , , , , , , , , , ,34756256,-1, , , , , , ,53, , , , , , , , , , , , , , , , , , , , , , , , , , , , , , , , , , , , , , , , , , , , , 
2025-12-22 11:25:01.759 UTC, , , , , , , , , ,125,3171461,25608, , ,3, , , , , , , , , , , ,3,3, , , ,2,1,3, , , , , , , , , , , , , , , , ,286378,6, ,280811, , , , ,286428,62462394368,21,21,21,21, , , , , , , , , , , , , , , , , , , , , , , , , , , , , , , , ,286428,1766402701042,,, , , , , , , , , ,3145728,286378, , , , , , ,10, , ,1, , ,3, , ,10,1, , , , , , , , ,11, , , , , , , , , , , , ,34756256,-1, , , , , , , , , , , , , , , , , , , , , , , , , , , , , , , , , , , , , , , , , , , , , , , , , , , , 
2025-12-22 11:29:56.760 UTC, , , , , , , , , ,125,3170437,24584, , ,3, ,71,3,0,04, , , , , , , ,3,3, ,2, ,2,1,3, ,77,31, , , , , , , , , , , , , ,286378,6, ,280811, , , , ,286428,62288330752,-1,-1,-1,-1, , , , , ,35,1795, , , , , , , , , , , , , , , , , , , , , , , , , ,286428,1766402996006,,, , , , , , , , , ,3145728,286378, , , , , , ,33, , ,2, , ,3, , ,33, ,2048,1, , , , , ,664636,112, , , , , , , , , , , , ,34756256,-1, , , , , , ,53, , , , , , , , , , , , , , , , , , , , , , , , , , , , , , , , , , , , , , , , , , , , , 
2025-12-22 11:29:56.765 UTC, , , , , , , , , ,125,3171461,25608, , ,3, ,1, , , , , , , , , ,3,3, , , ,2,1,3, ,4,4, , , , , , , , , , , , , ,286378,6, ,280811, , , , ,286428,62288330752,21,21,21,21, , , , , , , , , , , , , , , , , , , , , , , , , , , , , , , , ,286428,1766402996006,,, , , , , , , , , ,3145728,286378, , , , , , ,10, , ,1, , ,3, , ,10,1, , , , , , , ,292,11, , , , , , , , , , , , ,34756256,-1, , , , , , , , , , , , , , , , , , , , , , , , , , , , , , , , , , , , , , , , , , , , , , , , , , , , 
2025-12-22 11:29:58.812 UTC, , , , , , , , , ,125,3171461,25608, , ,3, ,72,3,0,04, , , , , , , ,3,3, ,2, ,2,1,3, ,81,35, , , , , , , , , , , , , ,286378,6, ,280811, , , , ,286428,62288343040,-1,-1,-1,-1, , , , , ,35,1795, , , , , , , , , , , , , , , , , , , , , , , , , ,286428,1766402998066,,, , , , , , , , , ,3145728,286378, , , , , , ,33, , ,2, , ,3, , ,33, ,2048,1, , , , , ,664928,112, , , , , , , , , , , , ,34756256,-1, , , , , , ,53, , , , , , , , , , , , , , , , , , , , , , , , , , , , , , , , , , , , , , , , , , , , , 
2025-12-22 11:29:58.818 UTC, , , , , , , , , ,125,3171461,25608, , ,3, , , , , , , , , , , ,3,3, , , ,2,1,3, , , , , , , , , , , , , , , , ,286378,6, ,280811, , , , ,286428,62288343040,21,21,21,21, , , , , , , , , , , , , , , , , , , , , , , , , , , , , , , , ,286428,1766402998066,,, , , , , , , , , ,3145728,286378, , , , , , ,10, , ,1, , ,3, , ,10,1, , , , , , , , ,11, , , , , , , , , , , , ,34756256,-1, , , , , , , , , , , , , , , , , , , , , , , , , , , , , , , , , , , , , , , , , , , , , , , , , , , , 
2025-12-22 11:30:11.174 UTC, , , , , , , , , ,125,3173157,27304, , ,4, ,73,4,0,05, , , , , , , ,4,4, ,2, ,4,2,4, ,69,26, , , , , , , , , , , , , ,286378,6, ,280811, , , , , , ,-1,-1,-1,-1, , , , , ,35,1795, , , , , , , , , , , , , , , , , , , , , , , , , , ,1766403010198,,, , , , , , , , , ,3145728,286378, , , , , , ,34, , ,3, , ,3, , ,34,1,2048,1, , , , , ,668593,114, , , , , , , , , , , , ,36853408,-1, , , , , , ,56, , , , , , , , , , , , , , , , , , , , , , , , , , , , , , , , , , ,1, , , , , , , , , , 
2025-12-22 11:30:11.180 UTC, , , , , , , , , ,125,3173157,27304, , ,4, , , , , , , , , , , ,4,4, , , ,4,2,4, , , , , , , , , , , , , , , , ,286378,6, ,280811, , , , ,286428,62286786560,21,21,21,21, , , , , , , , , , , , , , , , , , , , , , , , , , , , , , , , ,286428,1766403010198,,, , , , , , , , , ,3145728,286378, , , , , , ,2, , , , , ,3, , ,2,1, , , , , , , , ,2, , , , , , , , , , , , ,38950560,-1, , , , , , , , , , , , , , , , , , , , , , , , , , , , , , , , , , , , , , , , , , , , , , , , , , , , 
2025-12-22 11:30:12.732 UTC, , , , , , , , , ,125,3173269,27304,112, ,5, ,72,3,0,04, , , , , , , ,4,4, ,2, ,4,3,3, ,69,26, , , , , , , , , , , , , ,286378,6, ,280811, , , , , , ,-1,-1,-1,-1, , , , , ,35,1795, , , , , , , , , , , , , , , , , , , , , , , , , , ,1766403011480,,, , , , , , , , , ,3145728,286378, , , , , , ,34, , ,3, , ,3, , ,34,1,2048,1, , , , , ,664497,114, , , , , , , , , , , , ,34756256,-1, , , , , , ,56, , , , , , , , , , , , , , , , , , , , , , , , , , , , , , , , , , , , , , , , , , , , , 
2025-12-22 11:30:12.740 UTC, , , , , , , , , ,125,3173157,27304, , ,4, ,1,1,1,00, , , , , , , ,4,4, , , ,4,2,4, , , , , , , , , , , , , , , , ,286378,6, ,280811, , , , ,286428,62286381056,21,21,21,21, , , , , , , , , , , , , , , , , , , , , , , , , , , , , , , , ,286428,1766403011480,,, , , , , , , , , ,3145728,286378, , , , , , ,2, , , , , ,3, , ,2,1, , , , , , , ,4096,2, , , , , , , , , , , , ,34756256,-1, , , , , , , , , , , , , , , , , , , , , , , , , , , , , , , , , , , , , , , , , ,1, , , , , , , , , , 
2025-12-22 11:30:14.582 UTC, , , , , , , , , ,125,3170549,24584,112, ,3, ,72,3,0,04, , , , , , , ,3,3, ,2, ,2,1,3, ,69,26, , , , , , , , , , , , , ,286378,6, ,280811, , , , ,286428,62051532800,21,21,21,21, , , , , ,35,1795, , , , , , , , , , , , , , , , , , , , , , , , , ,286428,1766403013387,,, , , , , , , , , ,3145728,286378, , , , , , ,33, , ,2, , ,3, , ,33, ,2048,1, , , , , ,664497,112, , , , , , , , , , , , ,34756256,-1, , , , , , ,56, , , , , , , , , , , , , , , , , , , , , , , , , , , , , , , , , , , , , , , , , , , , , 
2025-12-22 11:30:14.589 UTC, , , , , , , , , ,125,3173157,27304, , ,4, ,1,1,1,00, , , , , , , ,4,4, , , ,4,2,4, , , , , , , , , , , , , , , , ,286378,6, ,280811, , , , ,286428,62051532800,21,21,21,21, , , , , , , , , , , , , , , , , , , , , , , , , , , , , , , , ,286428,1766403013387,,, , , , , , , , , ,3145728,286378, , , , , , ,3, , ,1, , ,3, , ,3,1, , , , , , , ,4096,4, , , , , , , , , , , , ,34756256,-1, , , , , , , , , , , , , , , , , , , , , , , , , , , , , , , , , , , , , , , , , ,1, , , , , , , , , , 
2025-12-22 11:30:16.088 UTC, , , , , , , , , ,125,3170549,24584,112, ,3, ,72,3,0,04, , , , , , , ,3,3, ,2, ,2,1,3, ,69,26, , , , , , , , , , , , , ,286378,6, ,280811, , , , ,286428,62050963456,21,21,21,21, , , , , ,35,1795, , , , , , , , , , , , , , , , , , , , , , , , , ,286428,1766403015093,,, , , , , , , , , ,3145728,286378, , , , , , ,34, , ,3, , ,3, , ,34,1,2048,1, , , , , ,664497,114, , , , , , , , , , , , ,34756256,-1, , , , , , ,56, , , , , , , , , , , , , , , , , , , , , , , , , , , , , , , , , , , , , , , , , , , , , 
2025-12-22 11:30:16.104 UTC, , , , , , , , , ,125,3179813,33960, , ,4, ,2,1,0,50, , , , , , , ,4,4, , , ,4,1,4, ,31,31, , , , , , , , , , , , , ,286378,6, ,280811, , , , ,286428,62050963456,21,21,21,21, , , , , , , , , , , , , , , , , , , , , , , , , , , , , , , , ,286428,1766403015093,,, , , , , , , , , ,3145728,286378, , , , , , ,33, , , , , ,3, , ,33,1, , , , , , , ,10004,33, , , , , , , , , , , , ,36853408,-1, , , , , , ,31, , , , , , , , , , , , , , , , , , , , , , , , , , , , , , , , ,31, , , , , , , , , , , , 
2025-12-22 11:30:21.346 UTC, , , , , , , , , ,125,3170573,24584,136, ,3, ,72,3,0,04, , , , , , , ,3,3, ,2, ,2,1,3, ,69,26, , , , , , , , , , , , , ,286378,6, ,280811, , , , ,286428,62051274752,21,21,21,21, , , , , ,35,1795, , , , , , , , , , , , , , , , , , , , , , , , , ,286428,1766403020557,,, , , , , , , , , ,3145728,286378, , , , , , ,33, , ,2, , ,3, , ,33, ,2048,1, , , , , ,664497,112, , , , , , , , , , , , ,34756256,-1, , , , , , ,56, , , , , , , , , , , , , , , , , , , , , , , , , , , , , , , , , , , , , , , , , , , , , 
2025-12-22 11:30:21.351 UTC, , , , , , , , , ,125,3173157,27304, , ,4, ,1,1,1,00, , , , , , , ,4,4, , , ,4,2,4, , , , , , , , , , , , , , , , ,286378,6, ,280811, , , , ,286428,62051274752,21,21,21,21, , , , , , , , , , , , , , , , , , , , , , , , , , , , , , , , ,286428,1766403020557,,, , , , , , , , , ,3145728,286378, , , , , , ,3, , ,1, , ,3, , ,3,1, , , , , , , ,4096,4, , , , , , , , , , , , ,34756256,-1, , , , , , , , , , , , , , , , , , , , , , , , , , , , , , , , , , , , , , , , , ,1, , , , , , , , , , 
2025-12-22 11:30:22.630 UTC, , , , , , , , , ,125,3170573,24584,136, ,3, ,72,3,0,04, , , , , , , ,3,3, ,2, ,2,1,3, ,69,26, , , , , , , , , , , , , ,286378,6, ,280811, , , , ,286428,62051143680,21,21,21,21, , , , , ,35,1795, , , , , , , , , , , , , , , , , , , , , , , , , ,286428,1766403021811,,, , , , , , , , , ,3145728,286378, , , , , , ,33, , ,2, , ,3, , ,34, ,2048,1, , , , , ,664497,112, , , , , , , , , , , , ,34756256,-1, , , , , , ,56, , , , , , , , , , , , , , , , , , , , , , , , , , , , , , , , , , , , , , , , , , , , , 
2025-12-22 11:30:22.645 UTC, , , , , , , , , ,125,3179813,33960, , ,4, ,2,1,0,50, , , , , , , ,4,4, , , ,4,1,4, ,31,31, , , , , , , , , , , , , ,286378,6, ,280811, , , , ,286428,62051143680,21,21,21,21, , , , , , , , , , , , , , , , , , , , , , , , , , , , , , , , ,286428,1766403021811,,, , , , , , , , , ,3145728,286378, , , , , , ,34, , ,1, , ,3, , ,33,1, , , , , , , ,10004,35, , , , , , , , , , , , ,36853408,-1, , , , , , ,31, , , , , , , , , , , , , , , , , , , , , , , , , , , , , , , , ,31, , , , , , , , , , , , 
2025-12-22 11:30:24.327 UTC, , , , , , , , , ,125,3173269,27304,112, ,4, ,73,4,0,05, , , , , , , ,4,4, ,2, ,4,2,4, ,69,26, , , , , , , , , , , , , ,286378,6, ,280811, , , , ,286428,62051393536,21,21,21,21, , , , , ,35,1795, , , , , , , , , , , , , , , , , , , , , , , , , ,286428,1766403023331,,, , , , , , , , , ,3145728,286378, , , , , , ,34, , ,3, , ,3, , ,34,1,2048,1, , , , , ,668608,114, , , , , , , , , , , , ,34756256,-1, , , , , , ,56, , , , , , , , , , , , , , , , , , , , , , , , , , , , , , , , , , ,1, , , , , , , , , , 
2025-12-22 11:30:24.334 UTC, , , , , , , , , ,125,3173157,27304, , ,4, , , , , , , , , , , ,4,4, , , ,4,2,4, , , , , , , , , , , , , , , , ,286378,6, ,280811, , , , ,286428,62051393536,21,21,21,21, , , , , , , , , , , , , , , , , , , , , , , , , , , , , , , , ,286428,1766403023331,,, , , , , , , , , ,3145728,286378, , , , , , ,2, , , , , ,3, , ,2,1, , , , , , , , ,2, , , , , , , , , , , , ,36853408,-1, , , , , , , , , , , , , , , , , , , , , , , , , , , , , , , , , , , , , , , , , , , , , , , , , , , , 
2025-12-22 11:30:25.780 UTC, , , , , , , , , ,125,3170573,24584,136, ,3, ,72,3,0,04, , , , , , , ,3,3, ,2, ,2,1,3, ,69,26, , , , , , , , , , , , , ,286378,6, ,280811, , , , ,286428,62051340288,21,21,21,21, , , , , ,35,1795, , , , , , , , , , , , , , , , , , , , , , , , , ,286428,1766403024959,,, , , , , , , , , ,3145728,286378, , , , , , ,33, , ,3, , ,3, , ,33, ,2048,1, , , , , ,664512,112, , , , , , , , , , , , ,36853408,-1, , , , , , ,56, , , , , , , , , , , , , , , , , , , , , , , , , , , , , , , , , , , , , , , , , , , , , 
2025-12-22 11:30:25.797 UTC, , , , , , , , , ,125,3177285,31432, , ,4, ,2,1,0,50, , , , , , , ,4,4, , , ,4,1,4, ,31,31, , , , , , , , , , , , , ,286378,6, ,280811, , , , ,286428,62051340288,21,21,21,21, , , , , , , , , , , , , , , , , , , , , , , , , , , , , , , , ,286428,1766403024959,,, , , , , , , , , ,3145728,286378, , , , , , ,34, , , , , ,3, , ,34,1, , , , , , , ,7361,35, , , , , , , , , , , , ,38950560,-1, , , , , , ,31, , , , , , , , , , , , , , , , , , , , , , , , , , , , , , , , ,31, , , , , , , , , , , , 
2025-12-22 11:30:28.980 UTC, , , , , , , , , ,125,3170573,24584,136, ,3, ,72,3,0,04, , , , , , , ,3,3, ,2, ,2,1,3, ,69,26, , , , , , , , , , , , , ,286378,6, ,280811, , , , ,286428,62052364288,21,21,21,21, , , , , ,35,1795, , , , , , , , , , , , , , , , , , , , , , , , , ,286428,1766403028239,,, , , , , , , , , ,3145728,286378, , , , , , ,34, , ,3, , ,3, , ,34,1,2048,1, , , , , ,664497,112, , , , , , , , , , , , ,34756256,-1, , , , , , ,56, , , , , , , , , , , , , , , , , , , , , , , , , , , , , , , , , , , , , , , , , , , , , 
2025-12-22 11:30:28.986 UTC, , , , , , , , , ,125,3173157,27304, , ,4, ,1,1,1,00, , , , , , , ,4,4, , , ,4,2,4, , , , , , , , , , , , , , , , ,286378,6, ,280811, , , , ,286428,62052364288,21,21,21,21, , , , , , , , , , , , , , , , , , , , , , , , , , , , , , , , ,286428,1766403028239,,, , , , , , , , , ,3145728,286378, , , , , , ,2, , , , , ,3, , ,2,1, , , , , , , ,4096,4, , , , , , , , , , , , ,34756256,-1, , , , , , , , , , , , , , , , , , , , , , , , , , , , , , , , , , , , , , , , , ,1, , , , , , , , , , 
2025-12-22 11:30:30.341 UTC, , , , , , , , , ,125,3170573,24584,136, ,3, ,72,3,0,04, , , , , , , ,3,3, ,2, ,2,1,3, ,69,26, , , , , , , , , , , , , ,286378,6, ,280811, , , , ,286428,62172569600,21,21,21,21, , , , , ,35,1795, , , , , , , , , , , , , , , , , , , , , , , , , ,286428,1766403029498,,, , , , , , , , , ,3145728,286378, , , , , , ,33, , ,2, , ,3, , ,33, ,2048,1, , , , , ,664497,112, , , , , , , , , , , , ,34756256,-1, , , , , , ,56, , , , , , , , , , , , , , , , , , , , , , , , , , , , , , , , , , , , , , , , , , , , , 
2025-12-22 11:30:30.354 UTC, , , , , , , , , ,125,3179813,33960, , ,4, ,2,1,0,50, , , , , , , ,4,4, , , ,4,1,4, ,31,31, , , , , , , , , , , , , ,286378,6, ,280811, , , , ,286428,62172569600,21,21,21,21, , , , , , , , , , , , , , , , , , , , , , , , , , , , , , , , ,286428,1766403029498,,, , , , , , , , , ,3145728,286378, , , , , , ,34, , ,1, , ,3, , ,34,1, , , , , , , ,10004,35, , , , , , , , , , , , ,36853408,-1, , , , , , ,31, , , , , , , , , , , , , , , , , , , , , , , , , , , , , , , , ,31, , , , , , , , , , , , 
2025-12-22 11:30:55.480 UTC, , , , , , , , , ,125,3170573,24584,136, ,3, ,72,3,0,04, , , , , , , ,3,3, ,2, ,2,1,3, ,69,26, , , , , , , , , , , , , ,286378,6, ,280811, , , , ,286428,62178508800,21,21,21,21, , , , , ,35,1795, , , , , , , , , , , , , , , , , , , , , , , , , ,286428,1766403054676,,, , , , , , , , , ,3145728,286378, , , , , , ,34, , ,3, , ,3, , ,34,1,2048,1, , , , , ,664493,112, , , , , , , , , , , , ,34756256,-1, , , , , , ,56, , , , , , , , , , , , , , , , , , , , , , , , , , , , , , , , , , , , , , , , , , , , , 
2025-12-22 11:30:55.485 UTC, , , , , , , , , ,125,3173157,27304, , ,4, ,1,1,1,00, , , , , , , ,4,4, , , ,4,2,4, , , , , , , , , , , , , , , , ,286378,6, ,280811, , , , ,286428,62178508800,21,21,21,21, , , , , , , , , , , , , , , , , , , , , , , , , , , , , , , , ,286428,1766403054676,,, , , , , , , , , ,3145728,286378, , , , , , ,2, , , , , ,3, , ,2,1, , , , , , , ,4096,4, , , , , , , , , , , , ,34756256,-1, , , , , , , , , , , , , , , , , , , , , , , , , , , , , , , , , , , , , , , , , ,1, , , , , , , , , , 
2025-12-22 11:30:56.562 UTC, , , , , , , , , ,125,3170573,24584,136, ,3, ,72,3,0,04, , , , , , , ,3,3, ,2, ,2,1,3, ,69,26, , , , , , , , , , , , , ,286378,6, ,280811, , , , ,286428,62178504704,21,21,21,21, , , , , ,35,1795, , , , , , , , , , , , , , , , , , , , , , , , , ,286428,1766403055904,,, , , , , , , , , ,3145728,286378, , , , , , ,33, , ,2, , ,3, , ,33, ,2048,1, , , , , ,664493,112, , , , , , , , , , , , ,36853408,-1, , , , , , ,56, , , , , , , , , , , , , , , , , , , , , , , , , , , , , , , , , , , , , , , , , , , , , 
2025-12-22 11:30:56.575 UTC, , , , , , , , , ,125,3180205,34352, , ,4, ,2,1,0,50, , , , , , , ,4,4, , , ,4,1,4, ,31,31, , , , , , , , , , , , , ,286378,6, ,280811, , , , ,286428,62178504704,21,21,21,21, , , , , , , , , , , , , , , , , , , , , , , , , , , , , , , , ,286428,1766403055904,,, , , , , , , , , ,3145728,286378, , , , , , ,34, , ,1, , ,3, , ,34,1, , , , , , , ,10941,35, , , , , , , , , , , , ,38950560,-1, , , , , , ,31, , , , , , , , , , , , , , , , , , , , , , , , , , , , , , , , ,31, , , , , , , , , , , , 
2025-12-22 11:31:02.499 UTC, , , , , , , , , ,125,3170573,24584,136, ,3, ,72,3,0,04, , , , , , , ,3,3, ,2, ,2,1,3, ,69,26, , , , , , , , , , , , , ,286378,6, ,280811, , , , , , ,-1,-1,-1,-1, , , , , ,35,1795, , , , , , , , , , , , , , , , , , , , , , , , , , ,1766403061803,,, , , , , , , , , ,3145728,286378, , , , , , ,33, , ,2, , ,3, , ,33, ,2048,1, , , , , ,664493,112, , , , , , , , , , , , ,34756256,-1, , , , , , ,56, , , , , , , , , , , , , , , , , , , , , , , , , , , , , , , , , , , , , , , , , , , , , 
2025-12-22 11:31:02.504 UTC, , , , , , , , , ,125,3173157,27304, , ,4, ,1,1,1,00, , , , , , , ,4,4, , , ,4,2,4, , , , , , , , , , , , , , , , ,286378,6, ,280811, , , , ,286428,62178435072,21,21,21,21, , , , , , , , , , , , , , , , , , , , , , , , , , , , , , , , ,286428,1766403061803,,, , , , , , , , , ,3145728,286378, , , , , , ,3, , ,1, , ,3, , ,3,1, , , , , , , ,4096,4, , , , , , , , , , , , ,34756256,-1, , , , , , , , , , , , , , , , , , , , , , , , , , , , , , , , , , , , , , , , , ,1, , , , , , , , , , 
2025-12-22 11:31:03.672 UTC, , , , , , , , , ,125,3170573,24584,136, ,3, ,72,3,0,04, , , , , , , ,3,3, ,2, ,2,1,3, ,69,26, , , , , , , , , , , , , ,286378,6, ,280811, , , , , , ,-1,-1,-1,-1, , , , , ,35,1795, , , , , , , , , , , , , , , , , , , , , , , , , , ,1766403062929,,, , , , , , , , , ,3145728,286378, , , , , , ,33, , ,2, , ,3, , ,33, ,2048,1, , , , , ,664493,112, , , , , , , , , , , , ,34756256,-1, , , , , , ,56, , , , , , , , , , , , , , , , , , , , , , , , , , , , , , , , , , , , , , , , , , , , , 
2025-12-22 11:31:03.687 UTC, , , , , , , , , ,125,3180205,34352, , ,4, ,2,1,0,50, , , , , , , ,4,4, , , ,4,1,4, ,31,31, , , , , , , , , , , , , ,286378,6, ,280811, , , , ,286428,62178426880,21,21,21,21, , , , , , , , , , , , , , , , , , , , , , , , , , , , , , , , ,286428,1766403062929,,, , , , , , , , , ,3145728,286378, , , , , , ,34, , ,1, , ,3, , ,34,1, , , , , , , ,10941,35, , , , , , , , , , , , ,36853408,-1, , , , , , ,31, , , , , , , , , , , , , , , , , , , , , , , , , , , , , , , , ,31, , , , , , , , , , , , 
2025-12-22 11:34:49.325 UTC, , , , , , , , , ,125,3171461,25608, , ,3, ,72,3,0,04, , , , , , , ,3,3, ,2, ,2,1,3, ,81,35, , , , , , , , , , , , , ,286378,6, ,280811, , , , , , ,-1,-1,-1,-1, , , , , ,35,1795, , , , , , , , , , , , , , , , , , , , , , , , , , ,1766403288527,,, , , , , , , , , ,3145728,286378, , , , , , ,33, , ,2, , ,3, , ,33, ,2048,1, , , , , ,664928,112, , , , , , , , , , , , ,34756256,-1, , , , , , ,53, , , , , , , , , , , , , , , , , , , , , , , , , , , , , , , , , , , , , , , , , , , , , 
2025-12-22 11:34:49.330 UTC, , , , , , , , , ,125,3171461,25608, , ,3, , , , , , , , , , , ,3,3, , , ,2,1,3, , , , , , , , , , , , , , , , ,286378,6, ,280811, , , , ,286428,62160326656,21,21,21,21, , , , , , , , , , , , , , , , , , , , , , , , , , , , , , , , ,286428,1766403288527,,, , , , , , , , , ,3145728,286378, , , , , , ,10, , ,1, , ,3, , ,10,1, , , , , , , , ,11, , , , , , , , , , , , ,34756256,-1, , , , , , , , , , , , , , , , , , , , , , , , , , , , , , , , , , , , , , , , , , , , , , , , , , , , 
2025-12-22 11:36:00.798 UTC, , , , , , , , , ,125,3171461,25608, , ,3, ,72,3,0,04, , , , , , , ,3,3, ,2, ,2,1,3, ,81,35, , , , , , , , , , , , , ,286378,6, ,280811, , , , , , ,-1,-1,-1,-1, , , , , ,35,1795, , , , , , , , , , , , , , , , , , , , , , , , , , ,1766403360140,,, , , , , , , , , ,3145728,286378, , , , , , ,33, , ,2, , ,3, , ,33, ,2048,1, , , , , ,664928,112, , , , , , , , , , , , ,34756256,-1, , , , , , ,53, , , , , , , , , , , , , , , , , , , , , , , , , , , , , , , , , , , , , , , , , , , , , 
2025-12-22 11:36:00.805 UTC, , , , , , , , , ,125,3171461,25608, , ,3, , , , , , , , , , , ,3,3, , , ,2,1,3, , , , , , , , , , , , , , , , ,286378,6, ,280811, , , , ,286428,62157324288,21,21,21,21, , , , , , , , , , , , , , , , , , , , , , , , , , , , , , , , ,286428,1766403360140,,, , , , , , , , , ,3145728,286378, , , , , , ,10, , ,1, , ,3, , ,10,1, , , , , , , , ,11, , , , , , , , , , , , ,34756256,-1, , , , , , , , , , , , , , , , , , , , , , , , , , , , , , , , , , , , , , , , , , , , , , , , , , , , 
2025-12-22 11:36:05.146 UTC, , , , , , , , , ,125,3171461,25608, , ,3, ,72,3,0,04, , , , , , , ,3,3, ,2, ,2,1,3, ,81,35, , , , , , , , , , , , , ,286378,6, ,280811, , , , ,286428,62164602880,21,21,21,21, , , , , ,35,1795, , , , , , , , , , , , , , , , , , , , , , , , , ,286428,1766403364426,,, , , , , , , , , ,3145728,286378, , , , , , ,34, , ,3, , ,3, , ,34,1,2048,1, , , , , ,664928,113, , , , , , , , , , , , ,34756256,-1, , , , , , ,53, , , , , , , , , , , , , , , , , , , , , , , , , , , , , , , , , , , , , , , , , , , , , 
2025-12-22 11:36:05.152 UTC, , , , , , , , , ,125,3171461,25608, , ,3, , , , , , , , , , , ,3,3, , , ,2,1,3, , , , , , , , , , , , , , , , ,286378,6, ,280811, , , , ,286428,62164602880,21,21,21,21, , , , , , , , , , , , , , , , , , , , , , , , , , , , , , , , ,286428,1766403364426,,, , , , , , , , , ,3145728,286378, , , , , , ,9, , , , , ,3, , ,9,1, , , , , , , , ,10, , , , , , , , , , , , ,34756256,-1, , , , , , , , , , , , , , , , , , , , , , , , , , , , , , , , , , , , , , , , , , , , , , , , , , , , 
2025-12-22 11:36:13.378 UTC, , , , , , , , , ,125,3170573,24584,136, ,3, ,71,3,0,04, , , , , , , ,3,3, ,2, ,2,1,3, ,68,26, , , , , , , , , , , , , ,286378,6, ,280811, , , , ,286428,62164402176,21,21,21,21, , , , , ,35,1795, , , , , , , , , , , , , , , , , , , , , , , , , ,286428,1766403372648,,, , , , , , , , , ,3145728,286378, , , , , , ,33, , ,2, , ,3, , ,33, ,2048,1, , , , , ,664501,112, , , , , , , , , , , , ,34756256,-1, , , , , , ,56, , , , , , , , , , , , , , , , , , , , , , , , , , , , , , , , , , , , , , , , , , , , , 
2025-12-22 11:36:13.384 UTC, , , , , , , , , ,125,3173157,27304, , ,4, ,2,1,0,50, , , , , , , ,4,4, , , ,4,2,4, ,1, , , , , , , , , , , , , , ,286378,6, ,280811, , , , ,286428,62164402176,21,21,21,21, , , , , , , , , , , , , , , , , , , , , , , , , , , , , , , , ,286428,1766403372648,,, , , , , , , , , ,3145728,286378, , , , , , ,3, , ,1, , ,3, , ,3,1, , , , , , , ,4096,4, , , , , , , , , , , , ,34756256,-1, , , , , , , , , , , , , , , , , , , , , , , , , , , , , , , , , , , , , , , , , ,1, , , , , , , , , , 
2025-12-22 11:36:14.596 UTC, , , , , , , , , ,125,3174757,28712,192, ,4, ,73,4,0,05, , , , , , , ,4,4, ,2, ,4,1,4, ,76,33, , , , , , , , , , , , , ,286378,6, ,280811, , , , ,286428,62164262912,21,21,21,21, , , , , ,35,1795, , , , , , , , , , , , , , , , , , , , , , , , , ,286428,1766403373796,,, , , , , , , , , ,3145728,286378, , , , , , ,38, , ,3, , ,3, , ,38,1,2048,1, , , , , ,669958,118, , , , , , , , , , , , ,36853408,-1, , , , , , ,64, , , , , , , , , , , , , , , , , , , , , , , , , , , , , , , , ,7, , , , , , , , , , , , 
2025-12-22 11:36:14.609 UTC, , , , , , , , , ,125,3179853,34000, , ,4, ,1, , , , , , , , , ,4,4, , , ,4,1,4, ,24,24, , , , , , , , , , , , , ,286378,6, ,280811, , , , ,286428,62164262912,21,21,21,21, , , , , , , , , , , , , , , , , , , , , , , , , , , , , , , , ,286428,1766403373796,,, , , , , , , , , ,3145728,286378, , , , , , ,29, , , , , ,3, , ,29,1, , , , , , , ,4583,29, , , , , , , , , , , , ,38950560,-1, , , , , , ,23, , , , , , , , , , , , , , , , , , , , , , , , , , , , , , , , ,24, , , , , , , , , , , , 
2025-12-22 11:36:15.062 UTC, , , , , , , , , ,125,3170517,24584,80, ,3, ,71,3,0,04, , , , , , , ,3,3, ,2, ,2,1,3, ,68,26, , , , , , , , , , , , , ,286378,6, ,280811, , , , ,286428,62164316160,-1,-1,-1,-1, , , , , ,35,1795, , , , , , , , , , , , , , , , , , , , , , , , , ,286428,1766403374286,,, , , , , , , , , ,3145728,286378, , , , , , ,33, , ,2, , ,3, , ,33, ,2048,1, , , , , ,664501,112, , , , , , , , , , , , ,34756256,-1, , , , , , ,55, , , , , , , , , , , , , , , , , , , , , , , , , , , , , , , , , , , , , , , , , , , , , 
2025-12-22 11:36:15.067 UTC, , , , , , , , , ,125,3173157,27304, , ,4, ,2,1,0,50, , , , , , , ,4,4, , , ,4,2,4, ,1, , , , , , , , , , , , , , ,286378,6, ,280811, , , , ,286428,62164316160,21,21,21,21, , , , , , , , , , , , , , , , , , , , , , , , , , , , , , , , ,286428,1766403374286,,, , , , , , , , , ,3145728,286378, , , , , , ,3, , ,1, , ,3, , ,3,1, , , , , , , ,4096,4, , , , , , , , , , , , ,34756256,-1, , , , , , ,1, , , , , , , , , , , , , , , , , , , , , , , , , , , , , , , , , , ,1, , , , , , , , , , 
2025-12-22 11:36:16.278 UTC, , , , , , , , , ,125,3170517,24584,80, ,3, ,71,3,0,04, , , , , , , ,3,3, ,2, ,2,1,3, ,68,26, , , , , , , , , , , , , ,286378,6, ,280811, , , , ,286428,62164320256,-1,-1,-1,-1, , , , , ,35,1795, , , , , , , , , , , , , , , , , , , , , , , , , ,286428,1766403375546,,, , , , , , , , , ,3145728,286378, , , , , , ,33, , ,2, , ,3, , ,33, ,2048,1, , , , , ,664501,112, , , , , , , , , , , , ,34756256,-1, , , , , , ,55, , , , , , , , , , , , , , , , , , , , , , , , , , , , , , , , , , , , , , , , , , , , , 
2025-12-22 11:36:16.293 UTC, , , , , , , , , ,125,3179853,34000, , ,4, ,3,1,0,33, , , , , , , ,4,4, , , ,4,1,4, ,32,31, , , , , , , , , , , , , ,286378,6, ,280811, , , , ,286428,62164320256,21,21,21,21, , , , , , , , , , , , , , , , , , , , , , , , , , , , , , , , ,286428,1766403375546,,, , , , , , , , , ,3145728,286378, , , , , , ,34, , ,1, , ,3, , ,34,1, , , , , , , ,10040,35, , , , , , , , , , , , ,36853408,-1, , , , , , ,32, , , , , , , , , , , , , , , , , , , , , , , , , , , , , , , , ,31, , , , , , , , , , , , 
2025-12-22 11:36:25.962 UTC, , , , , , , , , ,125,3170573,24584,136, ,3, ,72,3,0,04, , , , , , , ,3,3, ,2, ,2,1,3, ,68,26, , , , , , , , , , , , , ,286378,6, ,280811, , , , ,286428,62164111360,-1,-1,-1,-1, , , , , ,35,1795, , , , , , , , , , , , , , , , , , , , , , , , , ,286428,1766403385283,,, , , , , , , , , ,3145728,286378, , , , , , ,33, , ,2, , ,3, , ,33, ,2048,1, , , , , ,664501,112, , , , , , , , , , , , ,34756256,-1, , , , , , ,56, , , , , , , , , , , , , , , , , , , , , , , , , , , , , , , , , , , , , , , , , , , , , 
2025-12-22 11:36:25.969 UTC, , , , , , , , , ,125,3173157,27304, , ,4, ,1,1,1,00, , , , , , , ,4,4, , , ,4,2,4, ,1, , , , , , , , , , , , , , ,286378,6, ,280811, , , , ,286428,62164111360,21,21,21,21, , , , , , , , , , , , , , , , , , , , , , , , , , , , , , , , ,286428,1766403385283,,, , , , , , , , , ,3145728,286378, , , , , , ,3, , ,1, , ,3, , ,3,1, , , , , , , ,4096,4, , , , , , , , , , , , ,34756256,-1, , , , , , , , , , , , , , , , , , , , , , , , , , , , , , , , , , , , , , , , , ,1, , , , , , , , , , 
2025-12-22 11:36:27.223 UTC, , , , , , , , , ,125,3170573,24584,136, ,3, ,72,3,0,04, , , , , , , ,3,3, ,2, ,2,1,3, ,69,26, , , , , , , , , , , , , ,286378,6, ,280811, , , , ,286428,62164103168,21,21,21,21, , , , , ,35,1795, , , , , , , , , , , , , , , , , , , , , , , , , ,286428,1766403386406,,, , , , , , , , , ,3145728,286378, , , , , , ,33, , ,2, , ,3, , ,33, ,2048,1, , , , , ,664501,112, , , , , , , , , , , , ,36853408,-1, , , , , , ,56, , , , , , , , , , , , , , , , , , , , , , , , , , , , , , , , , , , , , , , , , , , , , 
2025-12-22 11:36:27.239 UTC, , , , , , , , , ,125,3179853,34000, , ,4, ,2,1,0,50, , , , , , , ,4,4, , , ,4,1,4, ,31,31, , , , , , , , , , , , , ,286378,6, ,280811, , , , ,286428,62164103168,21,21,21,21, , , , , , , , , , , , , , , , , , , , , , , , , , , , , , , , ,286428,1766403386406,,, , , , , , , , , ,3145728,286378, , , , , , ,34, , ,1, , ,3, , ,34,1, , , , , , , ,10040,35, , , , , , , , , , , , ,38950560,-1, , , , , , ,31, , , , , , , , , , , , , , , , , , , , , , , , , , , , , , , , ,31, , , , , , , , , , , , 
2025-12-22 11:36:37.696 UTC, , , , , , , , , ,125,3170517,24584,80, ,3, ,71,3,0,04, , , , , , , ,3,3, ,2, ,2,1,3, ,68,26, , , , , , , , , , , , , ,286378,6, ,280811, , , , ,286428,62165082112,-1,-1,-1,-1, , , , , ,35,1795, , , , , , , , , , , , , , , , , , , , , , , , , ,286428,1766403396997,,, , , , , , , , , ,3145728,286378, , , , , , ,33, , ,2, , ,3, , ,33, ,2048,1, , , , , ,664493,112, , , , , , , , , , , , ,34756256,-1, , , , , , ,55, , , , , , , , , , , , , , , , , , , , , , , , , , , , , , , , , , , , , , , , , , , , , 
2025-12-22 11:36:37.701 UTC, , , , , , , , , ,125,3173157,27304, , ,4, ,2,1,0,50, , , , , , , ,4,4, , , ,4,2,4, ,1, , , , , , , , , , , , , , ,286378,6, ,280811, , , , ,286428,62165082112,21,21,21,21, , , , , , , , , , , , , , , , , , , , , , , , , , , , , , , , ,286428,1766403396997,,, , , , , , , , , ,3145728,286378, , , , , , ,3, , ,1, , ,3, , ,3,1, , , , , , , ,4096,4, , , , , , , , , , , , ,34756256,-1, , , , , , ,1, , , , , , , , , , , , , , , , , , , , , , , , , , , , , , , , , , ,1, , , , , , , , , , 
2025-12-22 11:36:38.851 UTC, , , , , , , , , ,125,3170549,24584,112, ,3, ,72,3,0,04, , , , , , , ,3,3, ,2, ,2,1,3, ,69,26, , , , , , , , , , , , , ,286378,6, ,280811, , , , ,286428,62165012480,21,21,21,21, , , , , ,35,1795, , , , , , , , , , , , , , , , , , , , , , , , , ,286428,1766403398053,,, , , , , , , , , ,3145728,286378, , , , , , ,34, , ,3, , ,3, , ,34,1,2048,1, , , , , ,664493,114, , , , , , , , , , , , ,34756256,-1, , , , , , ,56, , , , , , , , , , , , , , , , , , , , , , , , , , , , , , , , , , , , , , , , , , , , , 
2025-12-22 11:36:38.858 UTC, , , , , , , , , ,125,3173157,27304, , ,4, ,1,1,1,00, , , , , , , ,4,4, , , ,4,2,4, , , , , , , , , , , , , , , , ,286378,6, ,280811, , , , ,286428,62165012480,21,21,21,21, , , , , , , , , , , , , , , , , , , , , , , , , , , , , , , , ,286428,1766403398053,,, , , , , , , , , ,3145728,286378, , , , , , ,2, , , , , ,3, , ,2,1, , , , , , , ,4096,2, , , , , , , , , , , , ,34756256,-1, , , , , , , , , , , , , , , , , , , , , , , , , , , , , , , , , , , , , , , , , ,1, , , , , , , , , , 
2025-12-22 11:36:40.168 UTC, , , , , , , , , ,125,3170573,24584,136, ,3, ,72,3,0,04, , , , , , , ,3,3, ,2, ,2,1,3, ,69,26, , , , , , , , , , , , , ,286378,6, ,280811, , , , ,286428,62165004288,21,21,21,21, , , , , ,35,1795, , , , , , , , , , , , , , , , , , , , , , , , , ,286428,1766403399379,,, , , , , , , , , ,3145728,286378, , , , , , ,34, , ,3, , ,3, , ,34,1,2048,1, , , , , ,664493,112, , , , , , , , , , , , ,34756256,-1, , , , , , ,56, , , , , , , , , , , , , , , , , , , , , , , , , , , , , , , , , , , , , , , , , , , , , 
2025-12-22 11:36:40.181 UTC, , , , , , , , , ,125,3178621,32768, , ,4, ,2,1,0,50, , , , , , , ,4,4, , , ,4,1,4, ,31,31, , , , , , , , , , , , , ,286378,6, ,280811, , , , ,286428,62165004288,21,21,21,21, , , , , , , , , , , , , , , , , , , , , , , , , , , , , , , , ,286428,1766403399379,,, , , , , , , , , ,3145728,286378, , , , , , ,33, , , , , ,3, , ,33,1, , , , , , , ,8930,35, , , , , , , , , , , , ,36853408,-1, , , , , , ,31, , , , , , , , , , , , , , , , , , , , , , , , , , , , , , , , ,31, , , , , , , , , , , , 
2025-12-22 11:36:52.064 UTC, , , , , , , , , ,125,3170517,24584,80, ,3, ,71,3,0,04, , , , , , , ,3,3, ,2, ,2,1,3, ,68,26, , , , , , , , , , , , , ,286378,6, ,280811, , , , ,286428,62164074496,-1,-1,-1,-1, , , , , ,35,1795, , , , , , , , , , , , , , , , , , , , , , , , , ,286428,1766403411271,,, , , , , , , , , ,3145728,286378, , , , , , ,33, , ,2, , ,3, , ,33, ,2048,1, , , , , ,664501,112, , , , , , , , , , , , ,36853408,-1, , , , , , ,55, , , , , , , , , , , , , , , , , , , , , , , , , , , , , , , , , , , , , , , , , , , , , 
2025-12-22 11:36:52.071 UTC, , , , , , , , , ,125,3173157,27304, , ,4, ,2,1,0,50, , , , , , , ,4,4, , , ,4,2,4, ,1, , , , , , , , , , , , , , ,286378,6, ,280811, , , , ,286428,62164074496,21,21,21,21, , , , , , , , , , , , , , , , , , , , , , , , , , , , , , , , ,286428,1766403411271,,, , , , , , , , , ,3145728,286378, , , , , , ,3, , ,1, , ,3, , ,3,1, , , , , , , ,4096,4, , , , , , , , , , , , ,36853408,-1, , , , , , ,1, , , , , , , , , , , , , , , , , , , , , , , , , , , , , , , , , , ,1, , , , , , , , , , 
2025-12-22 11:36:53.013 UTC, , , , , , , , , ,125,3170517,24584,80, ,3, ,71,3,0,04, , , , , , , ,3,3, ,2, ,2,1,3, ,68,26, , , , , , , , , , , , , ,286378,6, ,280811, , , , ,286428,62164103168,21,21,21,21, , , , , ,35,1795, , , , , , , , , , , , , , , , , , , , , , , , , ,286428,1766403412167,,, , , , , , , , , ,3145728,286378, , , , , , ,33, , ,2, , ,3, , ,33, ,2048,1, , , , , ,664501,112, , , , , , , , , , , , ,36853408,-1, , , , , , ,55, , , , , , , , , , , , , , , , , , , , , , , , , , , , , , , , , , , , , , , , , , , , , 
2025-12-22 11:36:53.019 UTC, , , , , , , , , ,125,3173157,27304, , ,4, ,2,1,0,50, , , , , , , ,4,4, , , ,4,2,4, ,1, , , , , , , , , , , , , , ,286378,6, ,280811, , , , ,286428,62164103168,21,21,21,21, , , , , , , , , , , , , , , , , , , , , , , , , , , , , , , , ,286428,1766403412167,,, , , , , , , , , ,3145728,286378, , , , , , ,3, , ,1, , ,3, , ,3,1, , , , , , , ,4096,4, , , , , , , , , , , , ,36853408,-1, , , , , , ,1, , , , , , , , , , , , , , , , , , , , , , , , , , , , , , , , , , ,1, , , , , , , , , , 
2025-12-22 11:36:54.326 UTC, , , , , , , , , ,125,3170517,24584,80, ,3, ,71,3,0,04, , , , , , , ,3,3, ,2, ,2,1,3, ,68,26, , , , , , , , , , , , , ,286378,6, ,280811, , , , ,286428,62164070400,-1,-1,-1,-1, , , , , ,35,1795, , , , , , , , , , , , , , , , , , , , , , , , , ,286428,1766403413570,,, , , , , , , , , ,3145728,286378, , , , , , ,33, , ,2, , ,3, , ,33, ,2048,1, , , , , ,664501,112, , , , , , , , , , , , ,34756256,-1, , , , , , ,55, , , , , , , , , , , , , , , , , , , , , , , , , , , , , , , , , , , , , , , , , , , , , 
2025-12-22 11:36:54.340 UTC, , , , , , , , , ,125,3179853,34000, , ,4, ,3,1,0,33, , , , , , , ,4,4, , , ,4,1,4, ,32,31, , , , , , , , , , , , , ,286378,6, ,280811, , , , ,286428,62164070400,21,21,21,21, , , , , , , , , , , , , , , , , , , , , , , , , , , , , , , , ,286428,1766403413570,,, , , , , , , , , ,3145728,286378, , , , , , ,34, , ,1, , ,3, , ,34,1, , , , , , , ,10040,35, , , , , , , , , , , , ,36853408,-1, , , , , , ,32, , , , , , , , , , , , , , , , , , , , , , , , , , , , , , , , ,31, , , , , , , , , , , , 
2025-12-22 11:38:33.716 UTC, , , , , , , , , ,125,3171461,25608, , ,3, ,72,3,0,04, , , , , , , ,3,3, ,2, ,2,1,3, ,81,35, , , , , , , , , , , , , ,286378,6, ,280811, , , , , , ,-1,-1,-1,-1, , , , , ,35,1795, , , , , , , , , , , , , , , , , , , , , , , , , , ,1766403513089,,, , , , , , , , , ,3145728,286378, , , , , , ,33, , ,3, , ,3, , ,34,1,2048,1, , , , , ,664928,112, , , , , , , , , , , , ,34756256,-1, , , , , , ,53, , , , , , , , , , , , , , , , , , , , , , , , , , , , , , , , , , , , , , , , , , , , , 
2025-12-22 11:38:33.723 UTC, , , , , , , , , ,125,3171461,25608, , ,3, , , , , , , , , , , ,3,3, , , ,2,1,3, , , , , , , , , , , , , , , , ,286378,6, ,280811, , , , ,286428,62157893632,21,21,21,21, , , , , , , , , , , , , , , , , , , , , , , , , , , , , , , , ,286428,1766403513089,,, , , , , , , , , ,3145728,286378, , , , , , ,10, , , , , ,3, , ,9,1, , , , , , , , ,11, , , , , , , , , , , , ,34756256,-1, , , , , , , , , , , , , , , , , , , , , , , , , , , , , , , , , , , , , , , , , , , , , , , , , , , , 
2025-12-22 11:38:44.541 UTC, , , , , , , , , ,125,3170437,24584, , ,3, ,71,3,0,04, , , , , , , ,3,3, ,2, ,2,1,3, ,79,33, , , , , , , , , , , , , ,286378,6, ,280811, , , , ,286428,62158864384,-1,-1,-1,-1, , , , , ,35,1795, , , , , , , , , , , , , , , , , , , , , , , , , ,286428,1766403523818,,, , , , , , , , , ,3145728,286378, , , , , , ,33, , ,2, , ,3, , ,33, ,2048,1, , , , , ,664731,112, , , , , , , , , , , , ,36853408,-1, , , , , , ,53, , , , , , , , , , , , , , , , , , , , , , , , , , , , , , , , , , , , , , , , , , , , , 
2025-12-22 11:38:44.547 UTC, , , , , , , , , ,125,3171461,25608, , ,3, ,1, , , , , , , , , ,3,3, , , ,2,1,3, ,2,2, , , , , , , , , , , , , ,286378,6, ,280811, , , , ,286428,62158864384,21,21,21,21, , , , , , , , , , , , , , , , , , , , , , , , , , , , , , , , ,286428,1766403523818,,, , , , , , , , , ,3145728,286378, , , , , , ,10, , ,1, , ,3, , ,10,1, , , , , , , ,197,11, , , , , , , , , , , , ,36853408,-1, , , , , , , , , , , , , , , , , , , , , , , , , , , , , , , , , , , , , , , , , , , , , , , , , , , , 
2025-12-22 11:38:53.228 UTC, , , , , , , , , ,125,3170573,24584,136, ,3, ,72,3,0,04, , , , , , , ,3,3, ,2, ,2,1,3, ,69,26, , , , , , , , , , , , , ,286378,6, ,280811, , , , ,286428,62158716928,21,21,21,21, , , , , ,35,1795, , , , , , , , , , , , , , , , , , , , , , , , , ,286428,1766403532412,,, , , , , , , , , ,3145728,286378, , , , , , ,34, , ,3, , ,3, , ,34,1,2048,1, , , , , ,664501,112, , , , , , , , , , , , ,36853408,-1, , , , , , ,56, , , , , , , , , , , , , , , , , , , , , , , , , , , , , , , , , , , , , , , , , , , , , 
2025-12-22 11:38:53.234 UTC, , , , , , , , , ,125,3173157,27304, , ,4, ,1,1,1,00, , , , , , , ,4,4, , , ,4,2,4, , , , , , , , , , , , , , , , ,286378,6, ,280811, , , , ,286428,62158716928,21,21,21,21, , , , , , , , , , , , , , , , , , , , , , , , , , , , , , , , ,286428,1766403532412,,, , , , , , , , , ,3145728,286378, , , , , , ,2, , , , , ,3, , ,2,1, , , , , , , ,4096,4, , , , , , , , , , , , ,38950560,-1, , , , , , , , , , , , , , , , , , , , , , , , , , , , , , , , , , , , , , , , , ,1, , , , , , , , , , 
2025-12-22 11:38:54.287 UTC, , , , , , , , , ,125,3170573,24584,136, ,3, ,72,3,0,04, , , , , , , ,3,3, ,2, ,2,1,3, ,69,26, , , , , , , , , , , , , ,286378,6, ,280811, , , , ,286428,62158249984,21,21,21,21, , , , , ,35,1795, , , , , , , , , , , , , , , , , , , , , , , , , ,286428,1766403533421,,, , , , , , , , , ,3145728,286378, , , , , , ,33, , ,2, , ,3, , ,33, ,2048,1, , , , , ,664501,112, , , , , , , , , , , , ,36853408,-1, , , , , , ,56, , , , , , , , , , , , , , , , , , , , , , , , , , , , , , , , , , , , , , , , , , , , , 
2025-12-22 11:38:54.294 UTC, , , , , , , , , ,125,3173157,27304, , ,4, ,1,1,1,00, , , , , , , ,4,4, , , ,4,2,4, , , , , , , , , , , , , , , , ,286378,6, ,280811, , , , ,286428,62158249984,21,21,21,21, , , , , , , , , , , , , , , , , , , , , , , , , , , , , , , , ,286428,1766403533421,,, , , , , , , , , ,3145728,286378, , , , , , ,3, , ,1, , ,3, , ,3,1, , , , , , , ,4096,4, , , , , , , , , , , , ,38950560,-1, , , , , , , , , , , , , , , , , , , , , , , , , , , , , , , , , , , , , , , , , ,1, , , , , , , , , , 
2025-12-22 11:38:55.585 UTC, , , , , , , , , ,125,3170549,24584,112, ,3, ,72,3,0,04, , , , , , , ,3,3, ,2, ,2,1,3, ,69,26, , , , , , , , , , , , , ,286378,6, ,280811, , , , ,286428,62158176256,21,21,21,21, , , , , ,35,1795, , , , , , , , , , , , , , , , , , , , , , , , , ,286428,1766403534787,,, , , , , , , , , ,3145728,286378, , , , , , ,34, , ,3, , ,3, , ,34,1,2048,1, , , , , ,664501,114, , , , , , , , , , , , ,34756256,-1, , , , , , ,56, , , , , , , , , , , , , , , , , , , , , , , , , , , , , , , , , , , , , , , , , , , , , 
2025-12-22 11:38:55.597 UTC, , , , , , , , , ,125,3179853,34000, , ,4, ,2,1,0,50, , , , , , , ,4,4, , , ,4,1,4, ,31,31, , , , , , , , , , , , , ,286378,6, ,280811, , , , ,286428,62158176256,21,21,21,21, , , , , , , , , , , , , , , , , , , , , , , , , , , , , , , , ,286428,1766403534787,,, , , , , , , , , ,3145728,286378, , , , , , ,33, , , , , ,3, , ,33,1, , , , , , , ,10040,33, , , , , , , , , , , , ,36853408,-1, , , , , , ,31, , , , , , , , , , , , , , , , , , , , , , , , , , , , , , , , ,31, , , , , , , , , , , , 
2025-12-22 11:39:35.158 UTC, , , , , , , , , ,125,3171461,25608, , ,3, ,72,3,0,04, , , , , , , ,3,3, ,2, ,2,1,3, ,81,35, , , , , , , , , , , , , ,286378,6, ,280811, , , , ,286428,62156984320,-1,-1,-1,-1, , , , , ,35,1795, , , , , , , , , , , , , , , , , , , , , , , , , ,286428,1766403574426,,, , , , , , , , , ,3145728,286378, , , , , , ,33, , ,2, , ,3, , ,33, ,2048,1, , , , , ,664928,112, , , , , , , , , , , , ,36853408,-1, , , , , , ,53, , , , , , , , , , , , , , , , , , , , , , , , , , , , , , , , , , , , , , , , , , , , , 
2025-12-22 11:39:35.164 UTC, , , , , , , , , ,125,3171461,25608, , ,3, , , , , , , , , , , ,3,3, , , ,2,1,3, , , , , , , , , , , , , , , , ,286378,6, ,280811, , , , ,286428,62156984320,21,21,21,21, , , , , , , , , , , , , , , , , , , , , , , , , , , , , , , , ,286428,1766403574426,,, , , , , , , , , ,3145728,286378, , , , , , ,10, , ,1, , ,3, , ,10,1, , , , , , , , ,11, , , , , , , , , , , , ,36853408,-1, , , , , , , , , , , , , , , , , , , , , , , , , , , , , , , , , , , , , , , , , , , , , , , , , , , , 
2025-12-22 11:39:42.083 UTC, , , , , , , , , ,125,3170573,24584,136, ,3, ,72,3,0,04, , , , , , , ,3,3, ,2, ,2,1,3, ,69,26, , , , , , , , , , , , , ,286378,6, ,280811, , , , ,286428,62157668352,21,21,21,21, , , , , ,35,1795, , , , , , , , , , , , , , , , , , , , , , , , , ,286428,1766403581352,,, , , , , , , , , ,3145728,286378, , , , , , ,33, , ,2, , ,3, , ,33, ,2048,1, , , , , ,664501,112, , , , , , , , , , , , ,36853408,-1, , , , , , ,56, , , , , , , , , , , , , , , , , , , , , , , , , , , , , , , , , , , , , , , , , , , , , 
2025-12-22 11:39:42.091 UTC, , , , , , , , , ,125,3173157,27304, , ,4, ,1,1,1,00, , , , , , , ,4,4, , , ,4,2,4, , , , , , , , , , , , , , , , ,286378,6, ,280811, , , , ,286428,62157668352,21,21,21,21, , , , , , , , , , , , , , , , , , , , , , , , , , , , , , , , ,286428,1766403581352,,, , , , , , , , , ,3145728,286378, , , , , , ,3, , ,1, , ,3, , ,3,1, , , , , , , ,4096,4, , , , , , , , , , , , ,36853408,-1, , , , , , , , , , , , , , , , , , , , , , , , , , , , , , , , , , , , , , , , , ,1, , , , , , , , , , 
2025-12-22 11:39:43.486 UTC, , , , , , , , , ,125,3170573,24584,136, ,3, ,72,3,0,04, , , , , , , ,3,3, ,2, ,2,1,3, ,69,26, , , , , , , , , , , , , ,286378,6, ,280811, , , , ,286428,62157479936,21,21,21,21, , , , , ,35,1795, , , , , , , , , , , , , , , , , , , , , , , , , ,286428,1766403582418,,, , , , , , , , , ,3145728,286378, , , , , , ,33, , ,2, , ,3, , ,33, ,2048,1, , , , , ,664501,112, , , , , , , , , , , , ,36853408,-1, , , , , , ,56, , , , , , , , , , , , , , , , , , , , , , , , , , , , , , , , , , , , , , , , , , , , , 
2025-12-22 11:39:43.492 UTC, , , , , , , , , ,125,3173157,27304, , ,4, ,1,1,1,00, , , , , , , ,4,4, , , ,4,2,4, , , , , , , , , , , , , , , , ,286378,6, ,280811, , , , ,286428,62157479936,21,21,21,21, , , , , , , , , , , , , , , , , , , , , , , , , , , , , , , , ,286428,1766403582418,,, , , , , , , , , ,3145728,286378, , , , , , ,3, , ,1, , ,3, , ,3,1, , , , , , , ,4096,4, , , , , , , , , , , , ,36853408,-1, , , , , , , , , , , , , , , , , , , , , , , , , , , , , , , , , , , , , , , , , ,1, , , , , , , , , , 
2025-12-22 11:39:44.741 UTC, , , , , , , , , ,125,3170653,24584,216, ,3, ,72,3,0,04, , , , , , , ,3,3, ,2, ,2,1,3, ,69,26, , , , , , , , , , , , , ,286378,6, ,280811, , , , , , ,-1,-1,-1,-1, , , , , ,35,1795, , , , , , , , , , , , , , , , , , , , , , , , , , ,1766403584007,,, , , , , , , , , ,3145728,286378, , , , , , ,33, , ,2, , ,3, , ,33, ,2048,1, , , , , ,664501,112, , , , , , , , , , , , ,36853408,-1, , , , , , ,56, , , , , , , , , , , , , , , , , , , , , , , , , , , , , , , , , , , , , , , , , , , , , 
2025-12-22 11:39:44.755 UTC, , , , , , , , , ,125,3179853,34000, , ,4, ,2,1,0,50, , , , , , , ,4,4, , , ,4,1,4, ,31,31, , , , , , , , , , , , , ,286378,6, ,280811, , , , ,286428,62157283328,21,21,21,21, , , , , , , , , , , , , , , , , , , , , , , , , , , , , , , , ,286428,1766403584007,,, , , , , , , , , ,3145728,286378, , , , , , ,34, , ,1, , ,3, , ,34,1, , , , , , , ,10040,35, , , , , , , , , , , , ,38950560,-1, , , , , , ,31, , , , , , , , , , , , , , , , , , , , , , , , , , , , , , , , ,31, , , , , , , , , , , , 
2025-12-22 11:40:34.875 UTC, , , , , , , , , ,125,3171461,25608, , ,3, ,72,3,0,04, , , , , , , ,3,3, ,2, ,2,1,3, ,81,35, , , , , , , , , , , , , ,286378,6, ,280811, , , , ,286428,62150672384,-1,-1,-1,-1, , , , , ,35,1795, , , , , , , , , , , , , , , , , , , , , , , , , ,286428,1766403634225,,, , , , , , , , , ,3145728,286378, , , , , , ,33, , ,2, , ,3, , ,33, ,2048,1, , , , , ,664928,112, , , , , , , , , , , , ,34756256,-1, , , , , , ,53, , , , , , , , , , , , , , , , , , , , , , , , , , , , , , , , , , , , , , , , , , , , , 
2025-12-22 11:40:34.880 UTC, , , , , , , , , ,125,3171461,25608, , ,3, , , , , , , , , , , ,3,3, , , ,2,1,3, , , , , , , , , , , , , , , , ,286378,6, ,280811, , , , ,286428,62150672384,21,21,21,21, , , , , , , , , , , , , , , , , , , , , , , , , , , , , , , , ,286428,1766403634225,,, , , , , , , , , ,3145728,286378, , , , , , ,10, , ,1, , ,3, , ,10,1, , , , , , , , ,11, , , , , , , , , , , , ,34756256,-1, , , , , , , , , , , , , , , , , , , , , , , , , , , , , , , , , , , , , , , , , , , , , , , , , , , , 
2025-12-22 11:40:37.744 UTC, , , , , , , , , ,125,3171461,25608, , ,3, ,72,3,0,04, , , , , , , ,3,3, ,2, ,2,1,3, ,81,35, , , , , , , , , , , , , ,286378,6, ,280811, , , , ,286428,62150537216,21,21,21,21, , , , , ,35,1795, , , , , , , , , , , , , , , , , , , , , , , , , ,286428,1766403637032,,, , , , , , , , , ,3145728,286378, , , , , , ,40, , ,3, , ,3, , ,40,1,2048,1, , , , , ,664928,120, , , , , , , , , , , , ,36853408,-1, , , , , , ,53, , , , , , , , , , , , , , , , , , , , , , , , , , , , , , , , , , , , , , , , , , , , , 
2025-12-22 11:40:37.749 UTC, , , , , , , , , ,125,3171461,25608, , ,3, , , , , , , , , , , ,3,3, , , ,2,1,3, , , , , , , , , , , , , , , , ,286378,6, ,280811, , , , ,286428,62150537216,21,21,21,21, , , , , , , , , , , , , , , , , , , , , , , , , , , , , , , , ,286428,1766403637032,,, , , , , , , , , ,3145728,286378, , , , , , ,3, , , , , ,3, , ,3,1, , , , , , , , ,3, , , , , , , , , , , , ,38950560,-1, , , , , , , , , , , , , , , , , , , , , , , , , , , , , , , , , , , , , , , , , , , , , , , , , , , , 
2025-12-22 11:40:45.243 UTC, , , , , , , , , ,125,3170573,24584,136, ,3, ,72,3,0,04, , , , , , , ,3,3, ,2, ,2,1,3, ,69,26, , , , , , , , , , , , , ,286378,6, ,280811, , , , ,286428,62151954432,21,21,21,21, , , , , ,35,1795, , , , , , , , , , , , , , , , , , , , , , , , , ,286428,1766403644511,,, , , , , , , , , ,3145728,286378, , , , , , ,34, , ,3, , ,3, , ,34,1,2048,1, , , , , ,664501,114, , , , , , , , , , , , ,36853408,-1, , , , , , ,56, , , , , , , , , , , , , , , , , , , , , , , , , , , , , , , , , , , , , , , , , , , , , 
2025-12-22 11:40:45.249 UTC, , , , , , , , , ,125,3173157,27304, , ,4, ,1,1,1,00, , , , , , , ,4,4, , , ,4,2,4, , , , , , , , , , , , , , , , ,286378,6, ,280811, , , , ,286428,62151954432,21,21,21,21, , , , , , , , , , , , , , , , , , , , , , , , , , , , , , , , ,286428,1766403644511,,, , , , , , , , , ,3145728,286378, , , , , , ,2, , , , , ,3, , ,2,1, , , , , , , ,4096,2, , , , , , , , , , , , ,36853408,-1, , , , , , , , , , , , , , , , , , , , , , , , , , , , , , , , , , , , , , , , , ,1, , , , , , , , , , 
2025-12-22 11:40:46.316 UTC, , , , , , , , , ,125,3170573,24584,136, ,3, ,72,3,0,04, , , , , , , ,3,3, ,2, ,2,1,3, ,68,26, , , , , , , , , , , , , ,286378,6, ,280811, , , , ,286428,62152011776,-1,-1,-1,-1, , , , , ,35,1795, , , , , , , , , , , , , , , , , , , , , , , , , ,286428,1766403645483,,, , , , , , , , , ,3145728,286378, , , , , , ,33, , ,2, , ,3, , ,33, ,2048,1, , , , , ,664501,112, , , , , , , , , , , , ,36853408,-1, , , , , , ,56, , , , , , , , , , , , , , , , , , , , , , , , , , , , , , , , , , , , , , , , , , , , , 
2025-12-22 11:40:46.322 UTC, , , , , , , , , ,125,3173157,27304, , ,4, ,1,1,1,00, , , , , , , ,4,4, , , ,4,2,4, ,1, , , , , , , , , , , , , , ,286378,6, ,280811, , , , ,286428,62152011776,21,21,21,21, , , , , , , , , , , , , , , , , , , , , , , , , , , , , , , , ,286428,1766403645483,,, , , , , , , , , ,3145728,286378, , , , , , ,3, , ,1, , ,3, , ,3,1, , , , , , , ,4096,4, , , , , , , , , , , , ,38950560,-1, , , , , , , , , , , , , , , , , , , , , , , , , , , , , , , , , , , , , , , , , ,1, , , , , , , , , , 
2025-12-22 11:40:47.504 UTC, , , , , , , , , ,125,3170573,24584,136, ,3, ,72,3,0,04, , , , , , , ,3,3, ,2, ,2,1,3, ,69,26, , , , , , , , , , , , , ,286378,6, ,280811, , , , ,286428,62152007680,21,21,21,21, , , , , ,35,1795, , , , , , , , , , , , , , , , , , , , , , , , , ,286428,1766403646767,,, , , , , , , , , ,3145728,286378, , , , , , ,33, , ,2, , ,3, , ,33, ,2048,1, , , , , ,664501,112, , , , , , , , , , , , ,36853408,-1, , , , , , ,56, , , , , , , , , , , , , , , , , , , , , , , , , , , , , , , , , , , , , , , , , , , , , 
2025-12-22 11:40:47.517 UTC, , , , , , , , , ,125,3179853,34000, , ,4, ,2,1,0,50, , , , , , , ,4,4, , , ,4,1,4, ,31,31, , , , , , , , , , , , , ,286378,6, ,280811, , , , ,286428,62152007680,21,21,21,21, , , , , , , , , , , , , , , , , , , , , , , , , , , , , , , , ,286428,1766403646767,,, , , , , , , , , ,3145728,286378, , , , , , ,34, , ,1, , ,3, , ,34,1, , , , , , , ,10040,35, , , , , , , , , , , , ,38950560,-1, , , , , , ,31, , , , , , , , , , , , , , , , , , , , , , , , , , , , , , , , ,31, , , , , , , , , , , , 
2025-12-22 11:41:24.563 UTC, , , , , , , , , ,125,3171461,25608, , ,3, ,72,3,0,04, , , , , , , ,3,3, ,2, ,2,1,3, ,81,35, , , , , , , , , , , , , ,286378,6, ,280811, , , , ,286428,62150025216,21,21,21,21, , , , , ,35,1795, , , , , , , , , , , , , , , , , , , , , , , , , ,286428,1766403683907,,, , , , , , , , , ,3145728,286378, , , , , , ,43, , ,3, , ,3, , ,43,1,2048,1, , , , , ,664928,123, , , , , , , , , , , , ,36853408,-1, , , , , , ,53, , , , , , , , , , , , , , , , , , , , , , , , , , , , , , , , , , , , , , , , , , , , , 
2025-12-22 11:41:24.569 UTC, , , , , , , , , ,125,3171461,25608, , ,3, , , , , , , , , , , ,3,3, , , ,2,1,3, , , , , , , , , , , , , , , , ,286378,6, ,280811, , , , ,286428,62150025216,21,21,21,21, , , , , , , , , , , , , , , , , , , , , , , , , , , , , , , , ,286428,1766403683907,,, , , , , , , , , ,3145728,286378, , , , , , , , , , , , ,3, , , ,1, , , , , , , , , , , , , , , , , , , , , ,36853408,-1, , , , , , , , , , , , , , , , , , , , , , , , , , , , , , , , , , , , , , , , , , , , , , , , , , , , 
2025-12-22 11:41:29.514 UTC, , , , , , , , , ,125,3173157,27304, , ,4, ,73,4,0,05, , , , , , , ,4,4, ,2, ,4,2,4, ,69,26, , , , , , , , , , , , , ,286378,6, ,280811, , , , ,286428,62149894144,21,21,21,21, , , , , ,35,1795, , , , , , , , , , , , , , , , , , , , , , , , , ,286428,1766403688718,,, , , , , , , , , ,3145728,286378, , , , , , ,34, , ,3, , ,3, , ,34,1,2048,1, , , , , ,668597,114, , , , , , , , , , , , ,36853408,-1, , , , , , ,56, , , , , , , , , , , , , , , , , , , , , , , , , , , , , , , , , , ,1, , , , , , , , , , 
2025-12-22 11:41:29.520 UTC, , , , , , , , , ,125,3173157,27304, , ,4, , , , , , , , , , , ,4,4, , , ,4,2,4, , , , , , , , , , , , , , , , ,286378,6, ,280811, , , , ,286428,62149894144,21,21,21,21, , , , , , , , , , , , , , , , , , , , , , , , , , , , , , , , ,286428,1766403688718,,, , , , , , , , , ,3145728,286378, , , , , , ,2, , , , , ,3, , ,2,1, , , , , , , , ,2, , , , , , , , , , , , ,36853408,-1, , , , , , , , , , , , , , , , , , , , , , , , , , , , , , , , , , , , , , , , , , , , , , , , , , , , 
2025-12-22 11:41:30.634 UTC, , , , , , , , , ,125,3170517,24584,80, ,3, ,71,3,0,04, , , , , , , ,3,3, ,2, ,2,1,3, ,68,26, , , , , , , , , , , , , ,286378,6, ,280811, , , , ,286428,62149885952,-1,-1,-1,-1, , , , , ,35,1795, , , , , , , , , , , , , , , , , , , , , , , , , ,286428,1766403689959,,, , , , , , , , , ,3145728,286378, , , , , , ,33, , ,2, , ,3, , ,33, ,2048,1, , , , , ,664501,112, , , , , , , , , , , , ,36853408,-1, , , , , , ,55, , , , , , , , , , , , , , , , , , , , , , , , , , , , , , , , , , , , , , , , , , , , , 
2025-12-22 11:41:30.651 UTC, , , , , , , , , ,125,3179853,34000, , ,4, ,3,1,0,33, , , , , , , ,4,4, , , ,4,1,4, ,32,31, , , , , , , , , , , , , ,286378,6, ,280811, , , , ,286428,62149885952,21,21,21,21, , , , , , , , , , , , , , , , , , , , , , , , , , , , , , , , ,286428,1766403689959,,, , , , , , , , , ,3145728,286378, , , , , , ,34, , ,1, , ,3, , ,34,1, , , , , , , ,10040,35, , , , , , , , , , , , ,38950560,-1, , , , , , ,32, , , , , , , , , , , , , , , , , , , , , , , , , , , , , , , , ,31, , , , , , , , , , , , 
2025-12-22 11:41:38.431 UTC, , , , , , , , , ,125,3171461,25608, , ,3, ,72,3,0,04, , , , , , , ,3,3, ,2, ,2,1,3, ,81,35, , , , , , , , , , , , , ,286378,6, ,280811, , , , ,286428,62149914624,21,21,21,21, , , , , ,35,1795, , , , , , , , , , , , , , , , , , , , , , , , , ,286428,1766403697714,,, , , , , , , , , ,3145728,286378, , , , , , ,38, , ,3, , ,3, , ,38,1,2048,1, , , , , ,664928,119, , , , , , , , , , , , ,36853408,-1, , , , , , ,53, , , , , , , , , , , , , , , , , , , , , , , , , , , , , , , , , , , , , , , , , , , , , 
2025-12-22 11:41:38.436 UTC, , , , , , , , , ,125,3171461,25608, , ,3, , , , , , , , , , , ,3,3, , , ,2,1,3, , , , , , , , , , , , , , , , ,286378,6, ,280811, , , , ,286428,62149914624,21,21,21,21, , , , , , , , , , , , , , , , , , , , , , , , , , , , , , , , ,286428,1766403697714,,, , , , , , , , , ,3145728,286378, , , , , , ,5, , , , , ,3, , ,5,1, , , , , , , , ,4, , , , , , , , , , , , ,38950560,-1, , , , , , , , , , , , , , , , , , , , , , , , , , , , , , , , , , , , , , , , , , , , , , , , , , , , 
2025-12-22 11:41:53.939 UTC, , , , , , , , , ,125,3170549,24584,112, ,3, ,72,3,0,04, , , , , , , ,3,3, ,2, ,2,1,3, ,69,26, , , , , , , , , , , , , ,286378,6, ,280811, , , , ,286428,62157664256,21,21,21,21, , , , , ,35,1795, , , , , , , , , , , , , , , , , , , , , , , , , ,286428,1766403713210,,, , , , , , , , , ,3145728,286378, , , , , , ,34, , ,3, , ,3, , ,34,1,2048,1, , , , , ,664501,114, , , , , , , , , , , , ,34756256,-1, , , , , , ,56, , , , , , , , , , , , , , , , , , , , , , , , , , , , , , , , , , , , , , , , , , , , , 
2025-12-22 11:41:53.946 UTC, , , , , , , , , ,125,3173157,27304, , ,4, ,1,1,1,00, , , , , , , ,4,4, , , ,4,2,4, , , , , , , , , , , , , , , , ,286378,6, ,280811, , , , ,286428,62157664256,21,21,21,21, , , , , , , , , , , , , , , , , , , , , , , , , , , , , , , , ,286428,1766403713210,,, , , , , , , , , ,3145728,286378, , , , , , ,2, , , , , ,3, , ,2,1, , , , , , , ,4096,2, , , , , , , , , , , , ,34756256,-1, , , , , , , , , , , , , , , , , , , , , , , , , , , , , , , , , , , , , , , , , ,1, , , , , , , , , , 
2025-12-22 11:41:54.916 UTC, , , , , , , , , ,125,3170573,24584,136, ,3, ,72,3,0,04, , , , , , , ,3,3, ,2, ,2,1,3, ,69,26, , , , , , , , , , , , , ,286378,6, ,280811, , , , ,286428,62157660160,21,21,21,21, , , , , ,35,1795, , , , , , , , , , , , , , , , , , , , , , , , , ,286428,1766403714043,,, , , , , , , , , ,3145728,286378, , , , , , ,33, , ,2, , ,3, , ,33, ,2048,1, , , , , ,664501,112, , , , , , , , , , , , ,34756256,-1, , , , , , ,56, , , , , , , , , , , , , , , , , , , , , , , , , , , , , , , , , , , , , , , , , , , , , 
2025-12-22 11:41:54.922 UTC, , , , , , , , , ,125,3173157,27304, , ,4, ,1,1,1,00, , , , , , , ,4,4, , , ,4,2,4, , , , , , , , , , , , , , , , ,286378,6, ,280811, , , , ,286428,62157660160,21,21,21,21, , , , , , , , , , , , , , , , , , , , , , , , , , , , , , , , ,286428,1766403714043,,, , , , , , , , , ,3145728,286378, , , , , , ,3, , ,1, , ,3, , ,3,1, , , , , , , ,4096,4, , , , , , , , , , , , ,34756256,-1, , , , , , , , , , , , , , , , , , , , , , , , , , , , , , , , , , , , , , , , , ,1, , , , , , , , , , 
2025-12-22 11:41:56.182 UTC, , , , , , , , , ,125,3170573,24584,136, ,3, ,72,3,0,04, , , , , , , ,3,3, ,2, ,2,1,3, ,69,26, , , , , , , , , , , , , ,286378,6, ,280811, , , , ,286428,62157717504,-1,-1,-1,-1, , , , , ,35,1795, , , , , , , , , , , , , , , , , , , , , , , , , ,286428,1766403715413,,, , , , , , , , , ,3145728,286378, , , , , , ,33, , ,2, , ,3, , ,33, ,2048,1, , , , , ,664501,112, , , , , , , , , , , , ,36853408,-1, , , , , , ,56, , , , , , , , , , , , , , , , , , , , , , , , , , , , , , , , , , , , , , , , , , , , , 
2025-12-22 11:41:56.195 UTC, , , , , , , , , ,125,3179853,34000, , ,4, ,2,1,0,50, , , , , , , ,4,4, , , ,4,1,4, ,31,31, , , , , , , , , , , , , ,286378,6, ,280811, , , , ,286428,62157717504,21,21,21,21, , , , , , , , , , , , , , , , , , , , , , , , , , , , , , , , ,286428,1766403715413,,, , , , , , , , , ,3145728,286378, , , , , , ,34, , ,1, , ,3, , ,34,1, , , , , , , ,10040,35, , , , , , , , , , , , ,38950560,-1, , , , , , ,31, , , , , , , , , , , , , , , , , , , , , , , , , , , , , , , , ,31, , , , , , , , , , , , 
2025-12-22 11:43:33.463 UTC, , , , , , , , , ,125,3171461,25608, , ,3, ,72,3,0,04, , , , , , , ,3,3, ,2, ,2,1,3, ,81,35, , , , , , , , , , , , , ,286378,6, ,280811, , , , ,286428,62153998336,-1,-1,-1,-1, , , , , ,35,1795, , , , , , , , , , , , , , , , , , , , , , , , , ,286428,1766403812849,,, , , , , , , , , ,3145728,286378, , , , , , ,33, , ,2, , ,3, , ,33, ,2048,1, , , , , ,664928,112, , , , , , , , , , , , ,34756256,-1, , , , , , ,53, , , , , , , , , , , , , , , , , , , , , , , , , , , , , , , , , , , , , , , , , , , , , 
2025-12-22 11:43:33.469 UTC, , , , , , , , , ,125,3171461,25608, , ,3, , , , , , , , , , , ,3,3, , , ,2,1,3, , , , , , , , , , , , , , , , ,286378,6, ,280811, , , , ,286428,62153998336,21,21,21,21, , , , , , , , , , , , , , , , , , , , , , , , , , , , , , , , ,286428,1766403812849,,, , , , , , , , , ,3145728,286378, , , , , , ,10, , ,1, , ,3, , ,10,1, , , , , , , , ,11, , , , , , , , , , , , ,34756256,-1, , , , , , , , , , , , , , , , , , , , , , , , , , , , , , , , , , , , , , , , , , , , , , , , , , , , 
2025-12-22 11:43:36.550 UTC, , , , , , , , , ,125,3171461,25608, , ,3, ,72,3,0,04, , , , , , , ,3,3, ,2, ,2,1,3, ,81,35, , , , , , , , , , , , , ,286378,6, ,280811, , , , ,286428,62155960320,21,21,21,21, , , , , ,35,1795, , , , , , , , , , , , , , , , , , , , , , , , , ,286428,1766403815783,,, , , , , , , , , ,3145728,286378, , , , , , ,38, , ,3, , ,3, , ,38,1,2048,1, , , , , ,664928,119, , , , , , , , , , , , ,34756256,-1, , , , , , ,53, , , , , , , , , , , , , , , , , , , , , , , , , , , , , , , , , , , , , , , , , , , , , 
2025-12-22 11:43:36.556 UTC, , , , , , , , , ,125,3171461,25608, , ,3, , , , , , , , , , , ,3,3, , , ,2,1,3, , , , , , , , , , , , , , , , ,286378,6, ,280811, , , , ,286428,62155960320,21,21,21,21, , , , , , , , , , , , , , , , , , , , , , , , , , , , , , , , ,286428,1766403815783,,, , , , , , , , , ,3145728,286378, , , , , , ,5, , , , , ,3, , ,5,1, , , , , , , , ,4, , , , , , , , , , , , ,34756256,-1, , , , , , , , , , , , , , , , , , , , , , , , , , , , , , , , , , , , , , , , , , , , , , , , , , , , 
2025-12-22 11:43:44.477 UTC, , , , , , , , , ,125,3170573,24584,136, ,3, ,72,3,0,04, , , , , , , ,3,3, ,2, ,2,1,3, ,69,26, , , , , , , , , , , , , ,286378,6, ,280811, , , , ,286428,62156865536,-1,-1,-1,-1, , , , , ,35,1795, , , , , , , , , , , , , , , , , , , , , , , , , ,286428,1766403823687,,, , , , , , , , , ,3145728,286378, , , , , , ,33, , ,2, , ,3, , ,33, ,2048,1, , , , , ,664501,112, , , , , , , , , , , , ,36853408,-1, , , , , , ,56, , , , , , , , , , , , , , , , , , , , , , , , , , , , , , , , , , , , , , , , , , , , , 
2025-12-22 11:43:44.483 UTC, , , , , , , , , ,125,3173157,27304, , ,4, ,1,1,1,00, , , , , , , ,4,4, , , ,4,2,4, , , , , , , , , , , , , , , , ,286378,6, ,280811, , , , ,286428,62156865536,21,21,21,21, , , , , , , , , , , , , , , , , , , , , , , , , , , , , , , , ,286428,1766403823687,,, , , , , , , , , ,3145728,286378, , , , , , ,3, , ,1, , ,3, , ,3,1, , , , , , , ,4096,4, , , , , , , , , , , , ,38950560,-1, , , , , , , , , , , , , , , , , , , , , , , , , , , , , , , , , , , , , , , , , ,1, , , , , , , , , , 
2025-12-22 11:43:45.530 UTC, , , , , , , , , ,125,3170549,24584,112, ,3, ,72,3,0,04, , , , , , , ,3,3, ,2, ,2,1,3, ,69,26, , , , , , , , , , , , , ,286378,6, ,280811, , , , ,286428,62156873728,21,21,21,21, , , , , ,35,1795, , , , , , , , , , , , , , , , , , , , , , , , , ,286428,1766403824682,,, , , , , , , , , ,3145728,286378, , , , , , ,34, , ,3, , ,3, , ,34,1,2048,1, , , , , ,664501,114, , , , , , , , , , , , ,34756256,-1, , , , , , ,56, , , , , , , , , , , , , , , , , , , , , , , , , , , , , , , , , , , , , , , , , , , , , 
2025-12-22 11:43:45.536 UTC, , , , , , , , , ,125,3173157,27304, , ,4, ,1,1,1,00, , , , , , , ,4,4, , , ,4,2,4, , , , , , , , , , , , , , , , ,286378,6, ,280811, , , , ,286428,62156873728,21,21,21,21, , , , , , , , , , , , , , , , , , , , , , , , , , , , , , , , ,286428,1766403824682,,, , , , , , , , , ,3145728,286378, , , , , , ,2, , , , , ,3, , ,2,1, , , , , , , ,4096,2, , , , , , , , , , , , ,34756256,-1, , , , , , , , , , , , , , , , , , , , , , , , , , , , , , , , , , , , , , , , , ,1, , , , , , , , , , 
2025-12-22 11:43:46.961 UTC, , , , , , , , , ,125,3170549,24584,112, ,3, ,72,3,0,04, , , , , , , ,3,3, ,2, ,2,1,3, ,69,26, , , , , , , , , , , , , ,286378,6, ,280811, , , , ,286428,62156120064,21,21,21,21, , , , , ,35,1795, , , , , , , , , , , , , , , , , , , , , , , , , ,286428,1766403826100,,, , , , , , , , , ,3145728,286378, , , , , , ,34, , ,3, , ,3, , ,34,1,2048,1, , , , , ,664501,114, , , , , , , , , , , , ,36853408,-1, , , , , , ,56, , , , , , , , , , , , , , , , , , , , , , , , , , , , , , , , , , , , , , , , , , , , , 
2025-12-22 11:43:46.975 UTC, , , , , , , , , ,125,3179853,34000, , ,4, ,2,1,0,50, , , , , , , ,4,4, , , ,4,1,4, ,31,31, , , , , , , , , , , , , ,286378,6, ,280811, , , , ,286428,62156120064,21,21,21,21, , , , , , , , , , , , , , , , , , , , , , , , , , , , , , , , ,286428,1766403826100,,, , , , , , , , , ,3145728,286378, , , , , , ,33, , , , , ,3, , ,33,1, , , , , , , ,10040,33, , , , , , , , , , , , ,38950560,-1, , , , , , ,31, , , , , , , , , , , , , , , , , , , , , , , , , , , , , , , , ,31, , , , , , , , , , , , 
2025-12-22 11:43:49.543 UTC, , , , , , , , , ,125,3170573,24584,136, ,3, ,72,3,0,04, , , , , , , ,3,3, ,2, ,2,1,3, ,69,26, , , , , , , , , , , , , ,286378,6, ,280811, , , , ,286428,62156111872,21,21,21,21, , , , , ,35,1795, , , , , , , , , , , , , , , , , , , , , , , , , ,286428,1766403828843,,, , , , , , , , , ,3145728,286378, , , , , , ,33, , ,2, , ,3, , ,33, ,2048,1, , , , , ,664501,112, , , , , , , , , , , , ,36853408,-1, , , , , , ,56, , , , , , , , , , , , , , , , , , , , , , , , , , , , , , , , , , , , , , , , , , , , , 
2025-12-22 11:43:49.549 UTC, , , , , , , , , ,125,3173157,27304, , ,4, ,1,1,1,00, , , , , , , ,4,4, , , ,4,2,4, , , , , , , , , , , , , , , , ,286378,6, ,280811, , , , ,286428,62156111872,21,21,21,21, , , , , , , , , , , , , , , , , , , , , , , , , , , , , , , , ,286428,1766403828843,,, , , , , , , , , ,3145728,286378, , , , , , ,3, , ,1, , ,3, , ,3,1, , , , , , , ,4096,4, , , , , , , , , , , , ,36853408,-1, , , , , , , , , , , , , , , , , , , , , , , , , , , , , , , , , , , , , , , , , ,1, , , , , , , , , , 
2025-12-22 11:43:50.645 UTC, , , , , , , , , ,125,3170517,24584,80, ,3, ,71,3,0,04, , , , , , , ,3,3, ,2, ,2,1,3, ,68,26, , , , , , , , , , , , , ,286378,6, ,280811, , , , ,286428,62156107776,-1,-1,-1,-1, , , , , ,35,1795, , , , , , , , , , , , , , , , , , , , , , , , , ,286428,1766403829964,,, , , , , , , , , ,3145728,286378, , , , , , ,33, , ,2, , ,3, , ,33, ,2048,1, , , , , ,664501,112, , , , , , , , , , , , ,36853408,-1, , , , , , ,55, , , , , , , , , , , , , , , , , , , , , , , , , , , , , , , , , , , , , , , , , , , , , 
2025-12-22 11:43:50.659 UTC, , , , , , , , , ,125,3179853,34000, , ,4, ,3,1,0,33, , , , , , , ,4,4, , , ,4,1,4, ,32,31, , , , , , , , , , , , , ,286378,6, ,280811, , , , ,286428,62156107776,21,21,21,21, , , , , , , , , , , , , , , , , , , , , , , , , , , , , , , , ,286428,1766403829964,,, , , , , , , , , ,3145728,286378, , , , , , ,34, , ,1, , ,3, , ,34,1, , , , , , , ,10040,35, , , , , , , , , , , , ,38950560,-1, , , , , , ,31, , , , , , , , , , , , , , , , , , , , , , , , , , , , , , , , ,31, , , , , , , , , , , , 
2025-12-22 11:43:56.408 UTC, , , , , , , , , ,125,3170573,24584,136, ,3, ,72,3,0,04, , , , , , , ,3,3, ,2, ,2,1,3, ,69,26, , , , , , , , , , , , , ,286378,6, ,280811, , , , ,286428,62156025856,21,21,21,21, , , , , ,35,1795, , , , , , , , , , , , , , , , , , , , , , , , , ,286428,1766403835627,,, , , , , , , , , ,3145728,286378, , , , , , ,34, , ,3, , ,3, , ,34,1,2048,1, , , , , ,664501,112, , , , , , , , , , , , ,34756256,-1, , , , , , ,56, , , , , , , , , , , , , , , , , , , , , , , , , , , , , , , , , , , , , , , , , , , , , 
2025-12-22 11:43:56.415 UTC, , , , , , , , , ,125,3173157,27304, , ,4, ,1,1,1,00, , , , , , , ,4,4, , , ,4,2,4, , , , , , , , , , , , , , , , ,286378,6, ,280811, , , , ,286428,62156025856,21,21,21,21, , , , , , , , , , , , , , , , , , , , , , , , , , , , , , , , ,286428,1766403835627,,, , , , , , , , , ,3145728,286378, , , , , , ,2, , , , , ,3, , ,2,1, , , , , , , ,4096,4, , , , , , , , , , , , ,36853408,-1, , , , , , , , , , , , , , , , , , , , , , , , , , , , , , , , , , , , , , , , , ,1, , , , , , , , , , 
2025-12-22 11:43:57.691 UTC, , , , , , , , , ,125,3170541,24584,104, ,3, ,71,3,0,04, , , , , , , ,3,3, ,2, ,2,1,3, ,68,26, , , , , , , , , , , , , ,286378,6, ,280811, , , , ,286428,62155894784,21,21,21,21, , , , , ,35,1795, , , , , , , , , , , , , , , , , , , , , , , , , ,286428,1766403836871,,, , , , , , , , , ,3145728,286378, , , , , , ,33, , ,2, , ,3, , ,33, ,2048,1, , , , , ,664501,112, , , , , , , , , , , , ,34756256,-1, , , , , , ,56, , , , , , , , , , , , , , , , , , , , , , , , , , , , , , , , , , , , , , , , , , , , , 
2025-12-22 11:43:57.709 UTC, , , , , , , , , ,125,3179853,34000, , ,4, ,3,1,0,33, , , , , , , ,4,4, , , ,4,1,4, ,32,31, , , , , , , , , , , , , ,286378,6, ,280811, , , , ,286428,62155894784,21,21,21,21, , , , , , , , , , , , , , , , , , , , , , , , , , , , , , , , ,286428,1766403836871,,, , , , , , , , , ,3145728,286378, , , , , , ,34, , ,1, , ,3, , ,34,1, , , , , , , ,10040,35, , , , , , , , , , , , ,36853408,-1, , , , , , ,31, , , , , , , , , , , , , , , , , , , , , , , , , , , , , , , , ,31, , , , , , , , , , , , 
