Copyright 1986-2018 Xilinx, Inc. All Rights Reserved.
--------------------------------------------------------------------------------------------------------------------------------------------------------------------------------------------------------------------------------------
| Tool Version : Vivado v.2018.2 (win64) Build 2258646 Thu Jun 14 20:03:12 MDT 2018
| Date         : Thu Dec 11 17:17:43 2025
| Host         : ALEX running 64-bit major release  (build 9200)
| Command      : report_timing_summary -max_paths 10 -file ShiftRegister_1Hz_Top_timing_summary_routed.rpt -pb ShiftRegister_1Hz_Top_timing_summary_routed.pb -rpx ShiftRegister_1Hz_Top_timing_summary_routed.rpx -warn_on_violation
| Design       : ShiftRegister_1Hz_Top
| Device       : 7a200t-fbg676
| Speed File   : -2  PRODUCTION 1.22 2018-03-21
--------------------------------------------------------------------------------------------------------------------------------------------------------------------------------------------------------------------------------------

Timing Summary Report

------------------------------------------------------------------------------------------------
| Timer Settings
| --------------
------------------------------------------------------------------------------------------------

  Enable Multi Corner Analysis               :  Yes
  Enable Pessimism Removal                   :  Yes
  Pessimism Removal Resolution               :  Nearest Common Node
  Enable Input Delay Default Clock           :  No
  Enable Preset / Clear Arcs                 :  No
  Disable Flight Delays                      :  No
  Ignore I/O Paths                           :  No
  Timing Early Launch at Borrowing Latches   :  false

  Corner  Analyze    Analyze    
  Name    Max Paths  Min Paths  
  ------  ---------  ---------  
  Slow    Yes        Yes        
  Fast    Yes        Yes        



check_timing report

Table of Contents
-----------------
1. checking no_clock
2. checking constant_clock
3. checking pulse_width_clock
4. checking unconstrained_internal_endpoints
5. checking no_input_delay
6. checking no_output_delay
7. checking multiple_clock
8. checking generated_clocks
9. checking loops
10. checking partial_input_delay
11. checking partial_output_delay
12. checking latch_loops

1. checking no_clock
--------------------
 There are 7 register/latch pins with no clock driven by root clock pin: clk_1Hz_reg/Q (HIGH)


2. checking constant_clock
--------------------------
 There are 0 register/latch pins with constant_clock.


3. checking pulse_width_clock
-----------------------------
 There are 0 register/latch pins which need pulse_width check


4. checking unconstrained_internal_endpoints
--------------------------------------------
 There are 14 pins that are not constrained for maximum delay. (HIGH)

 There are 0 pins that are not constrained for maximum delay due to constant clock.


5. checking no_input_delay
--------------------------
 There are 8 input ports with no input delay specified. (HIGH)

 There are 0 input ports with no input delay but user has a false path constraint.


6. checking no_output_delay
---------------------------
 There are 5 ports with no output delay specified. (HIGH)

 There are 0 ports with no output delay but user has a false path constraint

 There are 0 ports with no output delay but with a timing clock defined on it or propagating through it


7. checking multiple_clock
--------------------------
 There are 0 register/latch pins with multiple clocks.


8. checking generated_clocks
----------------------------
 There are 0 generated clocks that are not connected to a clock source.


9. checking loops
-----------------
 There are 0 combinational loops in the design.


10. checking partial_input_delay
--------------------------------
 There are 0 input ports with partial input delay specified.


11. checking partial_output_delay
---------------------------------
 There are 0 ports with partial output delay specified.


12. checking latch_loops
------------------------
 There are 0 combinational latch loops in the design through latch input



------------------------------------------------------------------------------------------------
| Design Timing Summary
| ---------------------
------------------------------------------------------------------------------------------------

    WNS(ns)      TNS(ns)  TNS Failing Endpoints  TNS Total Endpoints      WHS(ns)      THS(ns)  THS Failing Endpoints  THS Total Endpoints     WPWS(ns)     TPWS(ns)  TPWS Failing Endpoints  TPWS Total Endpoints  
    -------      -------  ---------------------  -------------------      -------      -------  ---------------------  -------------------     --------     --------  ----------------------  --------------------  
      1.204        0.000                      0                   29        0.262        0.000                      0                   29        2.000        0.000                       0                    30  


All user specified timing constraints are met.


------------------------------------------------------------------------------------------------
| Clock Summary
| -------------
------------------------------------------------------------------------------------------------

Clock        Waveform(ns)         Period(ns)      Frequency(MHz)
-----        ------------         ----------      --------------
sys_clk_pin  {0.000 2.500}        5.000           200.000         


------------------------------------------------------------------------------------------------
| Intra Clock Table
| -----------------
------------------------------------------------------------------------------------------------

Clock             WNS(ns)      TNS(ns)  TNS Failing Endpoints  TNS Total Endpoints      WHS(ns)      THS(ns)  THS Failing Endpoints  THS Total Endpoints     WPWS(ns)     TPWS(ns)  TPWS Failing Endpoints  TPWS Total Endpoints  
-----             -------      -------  ---------------------  -------------------      -------      -------  ---------------------  -------------------     --------     --------  ----------------------  --------------------  
sys_clk_pin         1.204        0.000                      0                   29        0.262        0.000                      0                   29        2.000        0.000                       0                    30  


------------------------------------------------------------------------------------------------
| Inter Clock Table
| -----------------
------------------------------------------------------------------------------------------------

From Clock    To Clock          WNS(ns)      TNS(ns)  TNS Failing Endpoints  TNS Total Endpoints      WHS(ns)      THS(ns)  THS Failing Endpoints  THS Total Endpoints  
----------    --------          -------      -------  ---------------------  -------------------      -------      -------  ---------------------  -------------------  


------------------------------------------------------------------------------------------------
| Other Path Groups Table
| -----------------------
------------------------------------------------------------------------------------------------

Path Group    From Clock    To Clock          WNS(ns)      TNS(ns)  TNS Failing Endpoints  TNS Total Endpoints      WHS(ns)      THS(ns)  THS Failing Endpoints  THS Total Endpoints  
----------    ----------    --------          -------      -------  ---------------------  -------------------      -------      -------  ---------------------  -------------------  


------------------------------------------------------------------------------------------------
| Timing Details
| --------------
------------------------------------------------------------------------------------------------


---------------------------------------------------------------------------------------------------
From Clock:  sys_clk_pin
  To Clock:  sys_clk_pin

Setup :            0  Failing Endpoints,  Worst Slack        1.204ns,  Total Violation        0.000ns
Hold  :            0  Failing Endpoints,  Worst Slack        0.262ns,  Total Violation        0.000ns
PW    :            0  Failing Endpoints,  Worst Slack        2.000ns,  Total Violation        0.000ns
---------------------------------------------------------------------------------------------------


Max Delay Paths
--------------------------------------------------------------------------------------
Slack (MET) :             1.204ns  (required time - arrival time)
  Source:                 counter_reg[20]/C
                            (rising edge-triggered cell FDCE clocked by sys_clk_pin  {rise@0.000ns fall@2.500ns period=5.000ns})
  Destination:            counter_reg[27]/D
                            (rising edge-triggered cell FDCE clocked by sys_clk_pin  {rise@0.000ns fall@2.500ns period=5.000ns})
  Path Group:             sys_clk_pin
  Path Type:              Setup (Max at Slow Process Corner)
  Requirement:            5.000ns  (sys_clk_pin rise@5.000ns - sys_clk_pin rise@0.000ns)
  Data Path Delay:        3.626ns  (logic 1.805ns (49.784%)  route 1.821ns (50.216%))
  Logic Levels:           10  (CARRY4=7 LUT4=1 LUT6=2)
  Clock Path Skew:        -0.028ns (DCD - SCD + CPR)
    Destination Clock Delay (DCD):    4.003ns = ( 9.003 - 5.000 ) 
    Source Clock Delay      (SCD):    4.250ns
    Clock Pessimism Removal (CPR):    0.219ns
  Clock Uncertainty:      0.035ns  ((TSJ^2 + TIJ^2)^1/2 + DJ) / 2 + PE
    Total System Jitter     (TSJ):    0.071ns
    Total Input Jitter      (TIJ):    0.000ns
    Discrete Jitter          (DJ):    0.000ns
    Phase Error              (PE):    0.000ns

    Location             Delay type                Incr(ns)  Path(ns)    Netlist Resource(s)
  -------------------------------------------------------------------    -------------------
                         (clock sys_clk_pin rise edge)
                                                      0.000     0.000 r  
    R3                                                0.000     0.000 r  sysclk_p (IN)
                         net (fo=0)                   0.000     0.000    sysclk_p
    R3                   IBUFDS (Prop_ibufds_I_O)     0.890     0.890 r  IBUFDS_inst/O
                         net (fo=1, routed)           1.792     2.682    clk_200MHz
    BUFGCTRL_X0Y0        BUFG (Prop_bufg_I_O)         0.082     2.764 r  clk_200MHz_BUFG_inst/O
                         net (fo=29, routed)          1.486     4.250    clk_200MHz_BUFG
    SLICE_X152Y109       FDCE                                         r  counter_reg[20]/C
  -------------------------------------------------------------------    -------------------
    SLICE_X152Y109       FDCE (Prop_fdce_C_Q)         0.433     4.683 f  counter_reg[20]/Q
                         net (fo=3, routed)           0.792     5.474    counter_reg[20]
    SLICE_X153Y109       LUT4 (Prop_lut4_I0_O)        0.105     5.579 f  clk_1Hz_i_5/O
                         net (fo=1, routed)           0.205     5.785    clk_1Hz_i_5_n_0
    SLICE_X153Y109       LUT6 (Prop_lut6_I1_O)        0.105     5.890 f  clk_1Hz_i_2/O
                         net (fo=29, routed)          0.681     6.571    clk_1Hz_i_2_n_0
    SLICE_X153Y104       LUT6 (Prop_lut6_I2_O)        0.105     6.676 r  counter[0]_i_3/O
                         net (fo=1, routed)           0.143     6.819    counter[0]_i_3_n_0
    SLICE_X152Y104       CARRY4 (Prop_carry4_DI[0]_CO[3])
                                                      0.457     7.276 r  counter_reg[0]_i_1/CO[3]
                         net (fo=1, routed)           0.000     7.276    counter_reg[0]_i_1_n_0
    SLICE_X152Y105       CARRY4 (Prop_carry4_CI_CO[3])
                                                      0.100     7.376 r  counter_reg[4]_i_1/CO[3]
                         net (fo=1, routed)           0.000     7.376    counter_reg[4]_i_1_n_0
    SLICE_X152Y106       CARRY4 (Prop_carry4_CI_CO[3])
                                                      0.100     7.476 r  counter_reg[8]_i_1/CO[3]
                         net (fo=1, routed)           0.000     7.476    counter_reg[8]_i_1_n_0
    SLICE_X152Y107       CARRY4 (Prop_carry4_CI_CO[3])
                                                      0.100     7.576 r  counter_reg[12]_i_1/CO[3]
                         net (fo=1, routed)           0.000     7.576    counter_reg[12]_i_1_n_0
    SLICE_X152Y108       CARRY4 (Prop_carry4_CI_CO[3])
                                                      0.100     7.676 r  counter_reg[16]_i_1/CO[3]
                         net (fo=1, routed)           0.000     7.676    counter_reg[16]_i_1_n_0
    SLICE_X152Y109       CARRY4 (Prop_carry4_CI_CO[3])
                                                      0.100     7.776 r  counter_reg[20]_i_1/CO[3]
                         net (fo=1, routed)           0.000     7.776    counter_reg[20]_i_1_n_0
    SLICE_X152Y110       CARRY4 (Prop_carry4_CI_CO[3])
                                                      0.100     7.876 r  counter_reg[24]_i_1/CO[3]
                         net (fo=1, routed)           0.000     7.876    counter_reg[24]_i_1_n_0
    SLICE_X152Y110       FDCE                                         r  counter_reg[27]/D
  -------------------------------------------------------------------    -------------------

                         (clock sys_clk_pin rise edge)
                                                      5.000     5.000 r  
    R3                                                0.000     5.000 r  sysclk_p (IN)
                         net (fo=0)                   0.000     5.000    sysclk_p
    R3                   IBUFDS (Prop_ibufds_I_O)     0.850     5.850 r  IBUFDS_inst/O
                         net (fo=1, routed)           1.699     7.549    clk_200MHz
    BUFGCTRL_X0Y0        BUFG (Prop_bufg_I_O)         0.078     7.627 r  clk_200MHz_BUFG_inst/O
                         net (fo=29, routed)          1.376     9.003    clk_200MHz_BUFG
    SLICE_X152Y110       FDCE                                         r  counter_reg[27]/C
                         clock pessimism              0.219     9.222    
                         clock uncertainty           -0.035     9.187    
    SLICE_X152Y110       FDCE (Setup_fdce_C_D)       -0.107     9.080    counter_reg[27]
  -------------------------------------------------------------------
                         required time                          9.080    
                         arrival time                          -7.876    
  -------------------------------------------------------------------
                         slack                                  1.204    

Slack (MET) :             1.255ns  (required time - arrival time)
  Source:                 counter_reg[20]/C
                            (rising edge-triggered cell FDCE clocked by sys_clk_pin  {rise@0.000ns fall@2.500ns period=5.000ns})
  Destination:            counter_reg[25]/D
                            (rising edge-triggered cell FDCE clocked by sys_clk_pin  {rise@0.000ns fall@2.500ns period=5.000ns})
  Path Group:             sys_clk_pin
  Path Type:              Setup (Max at Slow Process Corner)
  Requirement:            5.000ns  (sys_clk_pin rise@5.000ns - sys_clk_pin rise@0.000ns)
  Data Path Delay:        3.783ns  (logic 1.962ns (51.868%)  route 1.821ns (48.132%))
  Logic Levels:           10  (CARRY4=7 LUT4=1 LUT6=2)
  Clock Path Skew:        -0.028ns (DCD - SCD + CPR)
    Destination Clock Delay (DCD):    4.003ns = ( 9.003 - 5.000 ) 
    Source Clock Delay      (SCD):    4.250ns
    Clock Pessimism Removal (CPR):    0.219ns
  Clock Uncertainty:      0.035ns  ((TSJ^2 + TIJ^2)^1/2 + DJ) / 2 + PE
    Total System Jitter     (TSJ):    0.071ns
    Total Input Jitter      (TIJ):    0.000ns
    Discrete Jitter          (DJ):    0.000ns
    Phase Error              (PE):    0.000ns

    Location             Delay type                Incr(ns)  Path(ns)    Netlist Resource(s)
  -------------------------------------------------------------------    -------------------
                         (clock sys_clk_pin rise edge)
                                                      0.000     0.000 r  
    R3                                                0.000     0.000 r  sysclk_p (IN)
                         net (fo=0)                   0.000     0.000    sysclk_p
    R3                   IBUFDS (Prop_ibufds_I_O)     0.890     0.890 r  IBUFDS_inst/O
                         net (fo=1, routed)           1.792     2.682    clk_200MHz
    BUFGCTRL_X0Y0        BUFG (Prop_bufg_I_O)         0.082     2.764 r  clk_200MHz_BUFG_inst/O
                         net (fo=29, routed)          1.486     4.250    clk_200MHz_BUFG
    SLICE_X152Y109       FDCE                                         r  counter_reg[20]/C
  -------------------------------------------------------------------    -------------------
    SLICE_X152Y109       FDCE (Prop_fdce_C_Q)         0.433     4.683 f  counter_reg[20]/Q
                         net (fo=3, routed)           0.792     5.474    counter_reg[20]
    SLICE_X153Y109       LUT4 (Prop_lut4_I0_O)        0.105     5.579 f  clk_1Hz_i_5/O
                         net (fo=1, routed)           0.205     5.785    clk_1Hz_i_5_n_0
    SLICE_X153Y109       LUT6 (Prop_lut6_I1_O)        0.105     5.890 f  clk_1Hz_i_2/O
                         net (fo=29, routed)          0.681     6.571    clk_1Hz_i_2_n_0
    SLICE_X153Y104       LUT6 (Prop_lut6_I2_O)        0.105     6.676 r  counter[0]_i_3/O
                         net (fo=1, routed)           0.143     6.819    counter[0]_i_3_n_0
    SLICE_X152Y104       CARRY4 (Prop_carry4_DI[0]_CO[3])
                                                      0.457     7.276 r  counter_reg[0]_i_1/CO[3]
                         net (fo=1, routed)           0.000     7.276    counter_reg[0]_i_1_n_0
    SLICE_X152Y105       CARRY4 (Prop_carry4_CI_CO[3])
                                                      0.100     7.376 r  counter_reg[4]_i_1/CO[3]
                         net (fo=1, routed)           0.000     7.376    counter_reg[4]_i_1_n_0
    SLICE_X152Y106       CARRY4 (Prop_carry4_CI_CO[3])
                                                      0.100     7.476 r  counter_reg[8]_i_1/CO[3]
                         net (fo=1, routed)           0.000     7.476    counter_reg[8]_i_1_n_0
    SLICE_X152Y107       CARRY4 (Prop_carry4_CI_CO[3])
                                                      0.100     7.576 r  counter_reg[12]_i_1/CO[3]
                         net (fo=1, routed)           0.000     7.576    counter_reg[12]_i_1_n_0
    SLICE_X152Y108       CARRY4 (Prop_carry4_CI_CO[3])
                                                      0.100     7.676 r  counter_reg[16]_i_1/CO[3]
                         net (fo=1, routed)           0.000     7.676    counter_reg[16]_i_1_n_0
    SLICE_X152Y109       CARRY4 (Prop_carry4_CI_CO[3])
                                                      0.100     7.776 r  counter_reg[20]_i_1/CO[3]
                         net (fo=1, routed)           0.000     7.776    counter_reg[20]_i_1_n_0
    SLICE_X152Y110       CARRY4 (Prop_carry4_CI_O[1])
                                                      0.257     8.033 r  counter_reg[24]_i_1/O[1]
                         net (fo=1, routed)           0.000     8.033    counter_reg[24]_i_1_n_6
    SLICE_X152Y110       FDCE                                         r  counter_reg[25]/D
  -------------------------------------------------------------------    -------------------

                         (clock sys_clk_pin rise edge)
                                                      5.000     5.000 r  
    R3                                                0.000     5.000 r  sysclk_p (IN)
                         net (fo=0)                   0.000     5.000    sysclk_p
    R3                   IBUFDS (Prop_ibufds_I_O)     0.850     5.850 r  IBUFDS_inst/O
                         net (fo=1, routed)           1.699     7.549    clk_200MHz
    BUFGCTRL_X0Y0        BUFG (Prop_bufg_I_O)         0.078     7.627 r  clk_200MHz_BUFG_inst/O
                         net (fo=29, routed)          1.376     9.003    clk_200MHz_BUFG
    SLICE_X152Y110       FDCE                                         r  counter_reg[25]/C
                         clock pessimism              0.219     9.222    
                         clock uncertainty           -0.035     9.187    
    SLICE_X152Y110       FDCE (Setup_fdce_C_D)        0.101     9.288    counter_reg[25]
  -------------------------------------------------------------------
                         required time                          9.288    
                         arrival time                          -8.033    
  -------------------------------------------------------------------
                         slack                                  1.255    

Slack (MET) :             1.313ns  (required time - arrival time)
  Source:                 counter_reg[20]/C
                            (rising edge-triggered cell FDCE clocked by sys_clk_pin  {rise@0.000ns fall@2.500ns period=5.000ns})
  Destination:            counter_reg[26]/D
                            (rising edge-triggered cell FDCE clocked by sys_clk_pin  {rise@0.000ns fall@2.500ns period=5.000ns})
  Path Group:             sys_clk_pin
  Path Type:              Setup (Max at Slow Process Corner)
  Requirement:            5.000ns  (sys_clk_pin rise@5.000ns - sys_clk_pin rise@0.000ns)
  Data Path Delay:        3.725ns  (logic 1.904ns (51.119%)  route 1.821ns (48.881%))
  Logic Levels:           10  (CARRY4=7 LUT4=1 LUT6=2)
  Clock Path Skew:        -0.028ns (DCD - SCD + CPR)
    Destination Clock Delay (DCD):    4.003ns = ( 9.003 - 5.000 ) 
    Source Clock Delay      (SCD):    4.250ns
    Clock Pessimism Removal (CPR):    0.219ns
  Clock Uncertainty:      0.035ns  ((TSJ^2 + TIJ^2)^1/2 + DJ) / 2 + PE
    Total System Jitter     (TSJ):    0.071ns
    Total Input Jitter      (TIJ):    0.000ns
    Discrete Jitter          (DJ):    0.000ns
    Phase Error              (PE):    0.000ns

    Location             Delay type                Incr(ns)  Path(ns)    Netlist Resource(s)
  -------------------------------------------------------------------    -------------------
                         (clock sys_clk_pin rise edge)
                                                      0.000     0.000 r  
    R3                                                0.000     0.000 r  sysclk_p (IN)
                         net (fo=0)                   0.000     0.000    sysclk_p
    R3                   IBUFDS (Prop_ibufds_I_O)     0.890     0.890 r  IBUFDS_inst/O
                         net (fo=1, routed)           1.792     2.682    clk_200MHz
    BUFGCTRL_X0Y0        BUFG (Prop_bufg_I_O)         0.082     2.764 r  clk_200MHz_BUFG_inst/O
                         net (fo=29, routed)          1.486     4.250    clk_200MHz_BUFG
    SLICE_X152Y109       FDCE                                         r  counter_reg[20]/C
  -------------------------------------------------------------------    -------------------
    SLICE_X152Y109       FDCE (Prop_fdce_C_Q)         0.433     4.683 f  counter_reg[20]/Q
                         net (fo=3, routed)           0.792     5.474    counter_reg[20]
    SLICE_X153Y109       LUT4 (Prop_lut4_I0_O)        0.105     5.579 f  clk_1Hz_i_5/O
                         net (fo=1, routed)           0.205     5.785    clk_1Hz_i_5_n_0
    SLICE_X153Y109       LUT6 (Prop_lut6_I1_O)        0.105     5.890 f  clk_1Hz_i_2/O
                         net (fo=29, routed)          0.681     6.571    clk_1Hz_i_2_n_0
    SLICE_X153Y104       LUT6 (Prop_lut6_I2_O)        0.105     6.676 r  counter[0]_i_3/O
                         net (fo=1, routed)           0.143     6.819    counter[0]_i_3_n_0
    SLICE_X152Y104       CARRY4 (Prop_carry4_DI[0]_CO[3])
                                                      0.457     7.276 r  counter_reg[0]_i_1/CO[3]
                         net (fo=1, routed)           0.000     7.276    counter_reg[0]_i_1_n_0
    SLICE_X152Y105       CARRY4 (Prop_carry4_CI_CO[3])
                                                      0.100     7.376 r  counter_reg[4]_i_1/CO[3]
                         net (fo=1, routed)           0.000     7.376    counter_reg[4]_i_1_n_0
    SLICE_X152Y106       CARRY4 (Prop_carry4_CI_CO[3])
                                                      0.100     7.476 r  counter_reg[8]_i_1/CO[3]
                         net (fo=1, routed)           0.000     7.476    counter_reg[8]_i_1_n_0
    SLICE_X152Y107       CARRY4 (Prop_carry4_CI_CO[3])
                                                      0.100     7.576 r  counter_reg[12]_i_1/CO[3]
                         net (fo=1, routed)           0.000     7.576    counter_reg[12]_i_1_n_0
    SLICE_X152Y108       CARRY4 (Prop_carry4_CI_CO[3])
                                                      0.100     7.676 r  counter_reg[16]_i_1/CO[3]
                         net (fo=1, routed)           0.000     7.676    counter_reg[16]_i_1_n_0
    SLICE_X152Y109       CARRY4 (Prop_carry4_CI_CO[3])
                                                      0.100     7.776 r  counter_reg[20]_i_1/CO[3]
                         net (fo=1, routed)           0.000     7.776    counter_reg[20]_i_1_n_0
    SLICE_X152Y110       CARRY4 (Prop_carry4_CI_O[2])
                                                      0.199     7.975 r  counter_reg[24]_i_1/O[2]
                         net (fo=1, routed)           0.000     7.975    counter_reg[24]_i_1_n_5
    SLICE_X152Y110       FDCE                                         r  counter_reg[26]/D
  -------------------------------------------------------------------    -------------------

                         (clock sys_clk_pin rise edge)
                                                      5.000     5.000 r  
    R3                                                0.000     5.000 r  sysclk_p (IN)
                         net (fo=0)                   0.000     5.000    sysclk_p
    R3                   IBUFDS (Prop_ibufds_I_O)     0.850     5.850 r  IBUFDS_inst/O
                         net (fo=1, routed)           1.699     7.549    clk_200MHz
    BUFGCTRL_X0Y0        BUFG (Prop_bufg_I_O)         0.078     7.627 r  clk_200MHz_BUFG_inst/O
                         net (fo=29, routed)          1.376     9.003    clk_200MHz_BUFG
    SLICE_X152Y110       FDCE                                         r  counter_reg[26]/C
                         clock pessimism              0.219     9.222    
                         clock uncertainty           -0.035     9.187    
    SLICE_X152Y110       FDCE (Setup_fdce_C_D)        0.101     9.288    counter_reg[26]
  -------------------------------------------------------------------
                         required time                          9.288    
                         arrival time                          -7.975    
  -------------------------------------------------------------------
                         slack                                  1.313    

Slack (MET) :             1.334ns  (required time - arrival time)
  Source:                 counter_reg[20]/C
                            (rising edge-triggered cell FDCE clocked by sys_clk_pin  {rise@0.000ns fall@2.500ns period=5.000ns})
  Destination:            counter_reg[24]/D
                            (rising edge-triggered cell FDCE clocked by sys_clk_pin  {rise@0.000ns fall@2.500ns period=5.000ns})
  Path Group:             sys_clk_pin
  Path Type:              Setup (Max at Slow Process Corner)
  Requirement:            5.000ns  (sys_clk_pin rise@5.000ns - sys_clk_pin rise@0.000ns)
  Data Path Delay:        3.704ns  (logic 1.883ns (50.842%)  route 1.821ns (49.158%))
  Logic Levels:           10  (CARRY4=7 LUT4=1 LUT6=2)
  Clock Path Skew:        -0.028ns (DCD - SCD + CPR)
    Destination Clock Delay (DCD):    4.003ns = ( 9.003 - 5.000 ) 
    Source Clock Delay      (SCD):    4.250ns
    Clock Pessimism Removal (CPR):    0.219ns
  Clock Uncertainty:      0.035ns  ((TSJ^2 + TIJ^2)^1/2 + DJ) / 2 + PE
    Total System Jitter     (TSJ):    0.071ns
    Total Input Jitter      (TIJ):    0.000ns
    Discrete Jitter          (DJ):    0.000ns
    Phase Error              (PE):    0.000ns

    Location             Delay type                Incr(ns)  Path(ns)    Netlist Resource(s)
  -------------------------------------------------------------------    -------------------
                         (clock sys_clk_pin rise edge)
                                                      0.000     0.000 r  
    R3                                                0.000     0.000 r  sysclk_p (IN)
                         net (fo=0)                   0.000     0.000    sysclk_p
    R3                   IBUFDS (Prop_ibufds_I_O)     0.890     0.890 r  IBUFDS_inst/O
                         net (fo=1, routed)           1.792     2.682    clk_200MHz
    BUFGCTRL_X0Y0        BUFG (Prop_bufg_I_O)         0.082     2.764 r  clk_200MHz_BUFG_inst/O
                         net (fo=29, routed)          1.486     4.250    clk_200MHz_BUFG
    SLICE_X152Y109       FDCE                                         r  counter_reg[20]/C
  -------------------------------------------------------------------    -------------------
    SLICE_X152Y109       FDCE (Prop_fdce_C_Q)         0.433     4.683 f  counter_reg[20]/Q
                         net (fo=3, routed)           0.792     5.474    counter_reg[20]
    SLICE_X153Y109       LUT4 (Prop_lut4_I0_O)        0.105     5.579 f  clk_1Hz_i_5/O
                         net (fo=1, routed)           0.205     5.785    clk_1Hz_i_5_n_0
    SLICE_X153Y109       LUT6 (Prop_lut6_I1_O)        0.105     5.890 f  clk_1Hz_i_2/O
                         net (fo=29, routed)          0.681     6.571    clk_1Hz_i_2_n_0
    SLICE_X153Y104       LUT6 (Prop_lut6_I2_O)        0.105     6.676 r  counter[0]_i_3/O
                         net (fo=1, routed)           0.143     6.819    counter[0]_i_3_n_0
    SLICE_X152Y104       CARRY4 (Prop_carry4_DI[0]_CO[3])
                                                      0.457     7.276 r  counter_reg[0]_i_1/CO[3]
                         net (fo=1, routed)           0.000     7.276    counter_reg[0]_i_1_n_0
    SLICE_X152Y105       CARRY4 (Prop_carry4_CI_CO[3])
                                                      0.100     7.376 r  counter_reg[4]_i_1/CO[3]
                         net (fo=1, routed)           0.000     7.376    counter_reg[4]_i_1_n_0
    SLICE_X152Y106       CARRY4 (Prop_carry4_CI_CO[3])
                                                      0.100     7.476 r  counter_reg[8]_i_1/CO[3]
                         net (fo=1, routed)           0.000     7.476    counter_reg[8]_i_1_n_0
    SLICE_X152Y107       CARRY4 (Prop_carry4_CI_CO[3])
                                                      0.100     7.576 r  counter_reg[12]_i_1/CO[3]
                         net (fo=1, routed)           0.000     7.576    counter_reg[12]_i_1_n_0
    SLICE_X152Y108       CARRY4 (Prop_carry4_CI_CO[3])
                                                      0.100     7.676 r  counter_reg[16]_i_1/CO[3]
                         net (fo=1, routed)           0.000     7.676    counter_reg[16]_i_1_n_0
    SLICE_X152Y109       CARRY4 (Prop_carry4_CI_CO[3])
                                                      0.100     7.776 r  counter_reg[20]_i_1/CO[3]
                         net (fo=1, routed)           0.000     7.776    counter_reg[20]_i_1_n_0
    SLICE_X152Y110       CARRY4 (Prop_carry4_CI_O[0])
                                                      0.178     7.954 r  counter_reg[24]_i_1/O[0]
                         net (fo=1, routed)           0.000     7.954    counter_reg[24]_i_1_n_7
    SLICE_X152Y110       FDCE                                         r  counter_reg[24]/D
  -------------------------------------------------------------------    -------------------

                         (clock sys_clk_pin rise edge)
                                                      5.000     5.000 r  
    R3                                                0.000     5.000 r  sysclk_p (IN)
                         net (fo=0)                   0.000     5.000    sysclk_p
    R3                   IBUFDS (Prop_ibufds_I_O)     0.850     5.850 r  IBUFDS_inst/O
                         net (fo=1, routed)           1.699     7.549    clk_200MHz
    BUFGCTRL_X0Y0        BUFG (Prop_bufg_I_O)         0.078     7.627 r  clk_200MHz_BUFG_inst/O
                         net (fo=29, routed)          1.376     9.003    clk_200MHz_BUFG
    SLICE_X152Y110       FDCE                                         r  counter_reg[24]/C
                         clock pessimism              0.219     9.222    
                         clock uncertainty           -0.035     9.187    
    SLICE_X152Y110       FDCE (Setup_fdce_C_D)        0.101     9.288    counter_reg[24]
  -------------------------------------------------------------------
                         required time                          9.288    
                         arrival time                          -7.954    
  -------------------------------------------------------------------
                         slack                                  1.334    

Slack (MET) :             1.378ns  (required time - arrival time)
  Source:                 counter_reg[20]/C
                            (rising edge-triggered cell FDCE clocked by sys_clk_pin  {rise@0.000ns fall@2.500ns period=5.000ns})
  Destination:            counter_reg[23]/D
                            (rising edge-triggered cell FDCE clocked by sys_clk_pin  {rise@0.000ns fall@2.500ns period=5.000ns})
  Path Group:             sys_clk_pin
  Path Type:              Setup (Max at Slow Process Corner)
  Requirement:            5.000ns  (sys_clk_pin rise@5.000ns - sys_clk_pin rise@0.000ns)
  Data Path Delay:        3.688ns  (logic 1.867ns (50.628%)  route 1.821ns (49.372%))
  Logic Levels:           9  (CARRY4=6 LUT4=1 LUT6=2)
  Clock Path Skew:        0.000ns (DCD - SCD + CPR)
    Destination Clock Delay (DCD):    4.004ns = ( 9.004 - 5.000 ) 
    Source Clock Delay      (SCD):    4.250ns
    Clock Pessimism Removal (CPR):    0.246ns
  Clock Uncertainty:      0.035ns  ((TSJ^2 + TIJ^2)^1/2 + DJ) / 2 + PE
    Total System Jitter     (TSJ):    0.071ns
    Total Input Jitter      (TIJ):    0.000ns
    Discrete Jitter          (DJ):    0.000ns
    Phase Error              (PE):    0.000ns

    Location             Delay type                Incr(ns)  Path(ns)    Netlist Resource(s)
  -------------------------------------------------------------------    -------------------
                         (clock sys_clk_pin rise edge)
                                                      0.000     0.000 r  
    R3                                                0.000     0.000 r  sysclk_p (IN)
                         net (fo=0)                   0.000     0.000    sysclk_p
    R3                   IBUFDS (Prop_ibufds_I_O)     0.890     0.890 r  IBUFDS_inst/O
                         net (fo=1, routed)           1.792     2.682    clk_200MHz
    BUFGCTRL_X0Y0        BUFG (Prop_bufg_I_O)         0.082     2.764 r  clk_200MHz_BUFG_inst/O
                         net (fo=29, routed)          1.486     4.250    clk_200MHz_BUFG
    SLICE_X152Y109       FDCE                                         r  counter_reg[20]/C
  -------------------------------------------------------------------    -------------------
    SLICE_X152Y109       FDCE (Prop_fdce_C_Q)         0.433     4.683 f  counter_reg[20]/Q
                         net (fo=3, routed)           0.792     5.474    counter_reg[20]
    SLICE_X153Y109       LUT4 (Prop_lut4_I0_O)        0.105     5.579 f  clk_1Hz_i_5/O
                         net (fo=1, routed)           0.205     5.785    clk_1Hz_i_5_n_0
    SLICE_X153Y109       LUT6 (Prop_lut6_I1_O)        0.105     5.890 f  clk_1Hz_i_2/O
                         net (fo=29, routed)          0.681     6.571    clk_1Hz_i_2_n_0
    SLICE_X153Y104       LUT6 (Prop_lut6_I2_O)        0.105     6.676 r  counter[0]_i_3/O
                         net (fo=1, routed)           0.143     6.819    counter[0]_i_3_n_0
    SLICE_X152Y104       CARRY4 (Prop_carry4_DI[0]_CO[3])
                                                      0.457     7.276 r  counter_reg[0]_i_1/CO[3]
                         net (fo=1, routed)           0.000     7.276    counter_reg[0]_i_1_n_0
    SLICE_X152Y105       CARRY4 (Prop_carry4_CI_CO[3])
                                                      0.100     7.376 r  counter_reg[4]_i_1/CO[3]
                         net (fo=1, routed)           0.000     7.376    counter_reg[4]_i_1_n_0
    SLICE_X152Y106       CARRY4 (Prop_carry4_CI_CO[3])
                                                      0.100     7.476 r  counter_reg[8]_i_1/CO[3]
                         net (fo=1, routed)           0.000     7.476    counter_reg[8]_i_1_n_0
    SLICE_X152Y107       CARRY4 (Prop_carry4_CI_CO[3])
                                                      0.100     7.576 r  counter_reg[12]_i_1/CO[3]
                         net (fo=1, routed)           0.000     7.576    counter_reg[12]_i_1_n_0
    SLICE_X152Y108       CARRY4 (Prop_carry4_CI_CO[3])
                                                      0.100     7.676 r  counter_reg[16]_i_1/CO[3]
                         net (fo=1, routed)           0.000     7.676    counter_reg[16]_i_1_n_0
    SLICE_X152Y109       CARRY4 (Prop_carry4_CI_O[3])
                                                      0.262     7.938 r  counter_reg[20]_i_1/O[3]
                         net (fo=1, routed)           0.000     7.938    counter_reg[20]_i_1_n_4
    SLICE_X152Y109       FDCE                                         r  counter_reg[23]/D
  -------------------------------------------------------------------    -------------------

                         (clock sys_clk_pin rise edge)
                                                      5.000     5.000 r  
    R3                                                0.000     5.000 r  sysclk_p (IN)
                         net (fo=0)                   0.000     5.000    sysclk_p
    R3                   IBUFDS (Prop_ibufds_I_O)     0.850     5.850 r  IBUFDS_inst/O
                         net (fo=1, routed)           1.699     7.549    clk_200MHz
    BUFGCTRL_X0Y0        BUFG (Prop_bufg_I_O)         0.078     7.627 r  clk_200MHz_BUFG_inst/O
                         net (fo=29, routed)          1.377     9.004    clk_200MHz_BUFG
    SLICE_X152Y109       FDCE                                         r  counter_reg[23]/C
                         clock pessimism              0.246     9.250    
                         clock uncertainty           -0.035     9.215    
    SLICE_X152Y109       FDCE (Setup_fdce_C_D)        0.101     9.316    counter_reg[23]
  -------------------------------------------------------------------
                         required time                          9.316    
                         arrival time                          -7.938    
  -------------------------------------------------------------------
                         slack                                  1.378    

Slack (MET) :             1.383ns  (required time - arrival time)
  Source:                 counter_reg[20]/C
                            (rising edge-triggered cell FDCE clocked by sys_clk_pin  {rise@0.000ns fall@2.500ns period=5.000ns})
  Destination:            counter_reg[21]/D
                            (rising edge-triggered cell FDCE clocked by sys_clk_pin  {rise@0.000ns fall@2.500ns period=5.000ns})
  Path Group:             sys_clk_pin
  Path Type:              Setup (Max at Slow Process Corner)
  Requirement:            5.000ns  (sys_clk_pin rise@5.000ns - sys_clk_pin rise@0.000ns)
  Data Path Delay:        3.683ns  (logic 1.862ns (50.561%)  route 1.821ns (49.439%))
  Logic Levels:           9  (CARRY4=6 LUT4=1 LUT6=2)
  Clock Path Skew:        0.000ns (DCD - SCD + CPR)
    Destination Clock Delay (DCD):    4.004ns = ( 9.004 - 5.000 ) 
    Source Clock Delay      (SCD):    4.250ns
    Clock Pessimism Removal (CPR):    0.246ns
  Clock Uncertainty:      0.035ns  ((TSJ^2 + TIJ^2)^1/2 + DJ) / 2 + PE
    Total System Jitter     (TSJ):    0.071ns
    Total Input Jitter      (TIJ):    0.000ns
    Discrete Jitter          (DJ):    0.000ns
    Phase Error              (PE):    0.000ns

    Location             Delay type                Incr(ns)  Path(ns)    Netlist Resource(s)
  -------------------------------------------------------------------    -------------------
                         (clock sys_clk_pin rise edge)
                                                      0.000     0.000 r  
    R3                                                0.000     0.000 r  sysclk_p (IN)
                         net (fo=0)                   0.000     0.000    sysclk_p
    R3                   IBUFDS (Prop_ibufds_I_O)     0.890     0.890 r  IBUFDS_inst/O
                         net (fo=1, routed)           1.792     2.682    clk_200MHz
    BUFGCTRL_X0Y0        BUFG (Prop_bufg_I_O)         0.082     2.764 r  clk_200MHz_BUFG_inst/O
                         net (fo=29, routed)          1.486     4.250    clk_200MHz_BUFG
    SLICE_X152Y109       FDCE                                         r  counter_reg[20]/C
  -------------------------------------------------------------------    -------------------
    SLICE_X152Y109       FDCE (Prop_fdce_C_Q)         0.433     4.683 f  counter_reg[20]/Q
                         net (fo=3, routed)           0.792     5.474    counter_reg[20]
    SLICE_X153Y109       LUT4 (Prop_lut4_I0_O)        0.105     5.579 f  clk_1Hz_i_5/O
                         net (fo=1, routed)           0.205     5.785    clk_1Hz_i_5_n_0
    SLICE_X153Y109       LUT6 (Prop_lut6_I1_O)        0.105     5.890 f  clk_1Hz_i_2/O
                         net (fo=29, routed)          0.681     6.571    clk_1Hz_i_2_n_0
    SLICE_X153Y104       LUT6 (Prop_lut6_I2_O)        0.105     6.676 r  counter[0]_i_3/O
                         net (fo=1, routed)           0.143     6.819    counter[0]_i_3_n_0
    SLICE_X152Y104       CARRY4 (Prop_carry4_DI[0]_CO[3])
                                                      0.457     7.276 r  counter_reg[0]_i_1/CO[3]
                         net (fo=1, routed)           0.000     7.276    counter_reg[0]_i_1_n_0
    SLICE_X152Y105       CARRY4 (Prop_carry4_CI_CO[3])
                                                      0.100     7.376 r  counter_reg[4]_i_1/CO[3]
                         net (fo=1, routed)           0.000     7.376    counter_reg[4]_i_1_n_0
    SLICE_X152Y106       CARRY4 (Prop_carry4_CI_CO[3])
                                                      0.100     7.476 r  counter_reg[8]_i_1/CO[3]
                         net (fo=1, routed)           0.000     7.476    counter_reg[8]_i_1_n_0
    SLICE_X152Y107       CARRY4 (Prop_carry4_CI_CO[3])
                                                      0.100     7.576 r  counter_reg[12]_i_1/CO[3]
                         net (fo=1, routed)           0.000     7.576    counter_reg[12]_i_1_n_0
    SLICE_X152Y108       CARRY4 (Prop_carry4_CI_CO[3])
                                                      0.100     7.676 r  counter_reg[16]_i_1/CO[3]
                         net (fo=1, routed)           0.000     7.676    counter_reg[16]_i_1_n_0
    SLICE_X152Y109       CARRY4 (Prop_carry4_CI_O[1])
                                                      0.257     7.933 r  counter_reg[20]_i_1/O[1]
                         net (fo=1, routed)           0.000     7.933    counter_reg[20]_i_1_n_6
    SLICE_X152Y109       FDCE                                         r  counter_reg[21]/D
  -------------------------------------------------------------------    -------------------

                         (clock sys_clk_pin rise edge)
                                                      5.000     5.000 r  
    R3                                                0.000     5.000 r  sysclk_p (IN)
                         net (fo=0)                   0.000     5.000    sysclk_p
    R3                   IBUFDS (Prop_ibufds_I_O)     0.850     5.850 r  IBUFDS_inst/O
                         net (fo=1, routed)           1.699     7.549    clk_200MHz
    BUFGCTRL_X0Y0        BUFG (Prop_bufg_I_O)         0.078     7.627 r  clk_200MHz_BUFG_inst/O
                         net (fo=29, routed)          1.377     9.004    clk_200MHz_BUFG
    SLICE_X152Y109       FDCE                                         r  counter_reg[21]/C
                         clock pessimism              0.246     9.250    
                         clock uncertainty           -0.035     9.215    
    SLICE_X152Y109       FDCE (Setup_fdce_C_D)        0.101     9.316    counter_reg[21]
  -------------------------------------------------------------------
                         required time                          9.316    
                         arrival time                          -7.933    
  -------------------------------------------------------------------
                         slack                                  1.383    

Slack (MET) :             1.441ns  (required time - arrival time)
  Source:                 counter_reg[20]/C
                            (rising edge-triggered cell FDCE clocked by sys_clk_pin  {rise@0.000ns fall@2.500ns period=5.000ns})
  Destination:            counter_reg[22]/D
                            (rising edge-triggered cell FDCE clocked by sys_clk_pin  {rise@0.000ns fall@2.500ns period=5.000ns})
  Path Group:             sys_clk_pin
  Path Type:              Setup (Max at Slow Process Corner)
  Requirement:            5.000ns  (sys_clk_pin rise@5.000ns - sys_clk_pin rise@0.000ns)
  Data Path Delay:        3.625ns  (logic 1.804ns (49.770%)  route 1.821ns (50.230%))
  Logic Levels:           9  (CARRY4=6 LUT4=1 LUT6=2)
  Clock Path Skew:        0.000ns (DCD - SCD + CPR)
    Destination Clock Delay (DCD):    4.004ns = ( 9.004 - 5.000 ) 
    Source Clock Delay      (SCD):    4.250ns
    Clock Pessimism Removal (CPR):    0.246ns
  Clock Uncertainty:      0.035ns  ((TSJ^2 + TIJ^2)^1/2 + DJ) / 2 + PE
    Total System Jitter     (TSJ):    0.071ns
    Total Input Jitter      (TIJ):    0.000ns
    Discrete Jitter          (DJ):    0.000ns
    Phase Error              (PE):    0.000ns

    Location             Delay type                Incr(ns)  Path(ns)    Netlist Resource(s)
  -------------------------------------------------------------------    -------------------
                         (clock sys_clk_pin rise edge)
                                                      0.000     0.000 r  
    R3                                                0.000     0.000 r  sysclk_p (IN)
                         net (fo=0)                   0.000     0.000    sysclk_p
    R3                   IBUFDS (Prop_ibufds_I_O)     0.890     0.890 r  IBUFDS_inst/O
                         net (fo=1, routed)           1.792     2.682    clk_200MHz
    BUFGCTRL_X0Y0        BUFG (Prop_bufg_I_O)         0.082     2.764 r  clk_200MHz_BUFG_inst/O
                         net (fo=29, routed)          1.486     4.250    clk_200MHz_BUFG
    SLICE_X152Y109       FDCE                                         r  counter_reg[20]/C
  -------------------------------------------------------------------    -------------------
    SLICE_X152Y109       FDCE (Prop_fdce_C_Q)         0.433     4.683 f  counter_reg[20]/Q
                         net (fo=3, routed)           0.792     5.474    counter_reg[20]
    SLICE_X153Y109       LUT4 (Prop_lut4_I0_O)        0.105     5.579 f  clk_1Hz_i_5/O
                         net (fo=1, routed)           0.205     5.785    clk_1Hz_i_5_n_0
    SLICE_X153Y109       LUT6 (Prop_lut6_I1_O)        0.105     5.890 f  clk_1Hz_i_2/O
                         net (fo=29, routed)          0.681     6.571    clk_1Hz_i_2_n_0
    SLICE_X153Y104       LUT6 (Prop_lut6_I2_O)        0.105     6.676 r  counter[0]_i_3/O
                         net (fo=1, routed)           0.143     6.819    counter[0]_i_3_n_0
    SLICE_X152Y104       CARRY4 (Prop_carry4_DI[0]_CO[3])
                                                      0.457     7.276 r  counter_reg[0]_i_1/CO[3]
                         net (fo=1, routed)           0.000     7.276    counter_reg[0]_i_1_n_0
    SLICE_X152Y105       CARRY4 (Prop_carry4_CI_CO[3])
                                                      0.100     7.376 r  counter_reg[4]_i_1/CO[3]
                         net (fo=1, routed)           0.000     7.376    counter_reg[4]_i_1_n_0
    SLICE_X152Y106       CARRY4 (Prop_carry4_CI_CO[3])
                                                      0.100     7.476 r  counter_reg[8]_i_1/CO[3]
                         net (fo=1, routed)           0.000     7.476    counter_reg[8]_i_1_n_0
    SLICE_X152Y107       CARRY4 (Prop_carry4_CI_CO[3])
                                                      0.100     7.576 r  counter_reg[12]_i_1/CO[3]
                         net (fo=1, routed)           0.000     7.576    counter_reg[12]_i_1_n_0
    SLICE_X152Y108       CARRY4 (Prop_carry4_CI_CO[3])
                                                      0.100     7.676 r  counter_reg[16]_i_1/CO[3]
                         net (fo=1, routed)           0.000     7.676    counter_reg[16]_i_1_n_0
    SLICE_X152Y109       CARRY4 (Prop_carry4_CI_O[2])
                                                      0.199     7.875 r  counter_reg[20]_i_1/O[2]
                         net (fo=1, routed)           0.000     7.875    counter_reg[20]_i_1_n_5
    SLICE_X152Y109       FDCE                                         r  counter_reg[22]/D
  -------------------------------------------------------------------    -------------------

                         (clock sys_clk_pin rise edge)
                                                      5.000     5.000 r  
    R3                                                0.000     5.000 r  sysclk_p (IN)
                         net (fo=0)                   0.000     5.000    sysclk_p
    R3                   IBUFDS (Prop_ibufds_I_O)     0.850     5.850 r  IBUFDS_inst/O
                         net (fo=1, routed)           1.699     7.549    clk_200MHz
    BUFGCTRL_X0Y0        BUFG (Prop_bufg_I_O)         0.078     7.627 r  clk_200MHz_BUFG_inst/O
                         net (fo=29, routed)          1.377     9.004    clk_200MHz_BUFG
    SLICE_X152Y109       FDCE                                         r  counter_reg[22]/C
                         clock pessimism              0.246     9.250    
                         clock uncertainty           -0.035     9.215    
    SLICE_X152Y109       FDCE (Setup_fdce_C_D)        0.101     9.316    counter_reg[22]
  -------------------------------------------------------------------
                         required time                          9.316    
                         arrival time                          -7.875    
  -------------------------------------------------------------------
                         slack                                  1.441    

Slack (MET) :             1.451ns  (required time - arrival time)
  Source:                 counter_reg[20]/C
                            (rising edge-triggered cell FDCE clocked by sys_clk_pin  {rise@0.000ns fall@2.500ns period=5.000ns})
  Destination:            counter_reg[19]/D
                            (rising edge-triggered cell FDCE clocked by sys_clk_pin  {rise@0.000ns fall@2.500ns period=5.000ns})
  Path Group:             sys_clk_pin
  Path Type:              Setup (Max at Slow Process Corner)
  Requirement:            5.000ns  (sys_clk_pin rise@5.000ns - sys_clk_pin rise@0.000ns)
  Data Path Delay:        3.588ns  (logic 1.767ns (49.252%)  route 1.821ns (50.748%))
  Logic Levels:           8  (CARRY4=5 LUT4=1 LUT6=2)
  Clock Path Skew:        -0.027ns (DCD - SCD + CPR)
    Destination Clock Delay (DCD):    4.004ns = ( 9.004 - 5.000 ) 
    Source Clock Delay      (SCD):    4.250ns
    Clock Pessimism Removal (CPR):    0.219ns
  Clock Uncertainty:      0.035ns  ((TSJ^2 + TIJ^2)^1/2 + DJ) / 2 + PE
    Total System Jitter     (TSJ):    0.071ns
    Total Input Jitter      (TIJ):    0.000ns
    Discrete Jitter          (DJ):    0.000ns
    Phase Error              (PE):    0.000ns

    Location             Delay type                Incr(ns)  Path(ns)    Netlist Resource(s)
  -------------------------------------------------------------------    -------------------
                         (clock sys_clk_pin rise edge)
                                                      0.000     0.000 r  
    R3                                                0.000     0.000 r  sysclk_p (IN)
                         net (fo=0)                   0.000     0.000    sysclk_p
    R3                   IBUFDS (Prop_ibufds_I_O)     0.890     0.890 r  IBUFDS_inst/O
                         net (fo=1, routed)           1.792     2.682    clk_200MHz
    BUFGCTRL_X0Y0        BUFG (Prop_bufg_I_O)         0.082     2.764 r  clk_200MHz_BUFG_inst/O
                         net (fo=29, routed)          1.486     4.250    clk_200MHz_BUFG
    SLICE_X152Y109       FDCE                                         r  counter_reg[20]/C
  -------------------------------------------------------------------    -------------------
    SLICE_X152Y109       FDCE (Prop_fdce_C_Q)         0.433     4.683 f  counter_reg[20]/Q
                         net (fo=3, routed)           0.792     5.474    counter_reg[20]
    SLICE_X153Y109       LUT4 (Prop_lut4_I0_O)        0.105     5.579 f  clk_1Hz_i_5/O
                         net (fo=1, routed)           0.205     5.785    clk_1Hz_i_5_n_0
    SLICE_X153Y109       LUT6 (Prop_lut6_I1_O)        0.105     5.890 f  clk_1Hz_i_2/O
                         net (fo=29, routed)          0.681     6.571    clk_1Hz_i_2_n_0
    SLICE_X153Y104       LUT6 (Prop_lut6_I2_O)        0.105     6.676 r  counter[0]_i_3/O
                         net (fo=1, routed)           0.143     6.819    counter[0]_i_3_n_0
    SLICE_X152Y104       CARRY4 (Prop_carry4_DI[0]_CO[3])
                                                      0.457     7.276 r  counter_reg[0]_i_1/CO[3]
                         net (fo=1, routed)           0.000     7.276    counter_reg[0]_i_1_n_0
    SLICE_X152Y105       CARRY4 (Prop_carry4_CI_CO[3])
                                                      0.100     7.376 r  counter_reg[4]_i_1/CO[3]
                         net (fo=1, routed)           0.000     7.376    counter_reg[4]_i_1_n_0
    SLICE_X152Y106       CARRY4 (Prop_carry4_CI_CO[3])
                                                      0.100     7.476 r  counter_reg[8]_i_1/CO[3]
                         net (fo=1, routed)           0.000     7.476    counter_reg[8]_i_1_n_0
    SLICE_X152Y107       CARRY4 (Prop_carry4_CI_CO[3])
                                                      0.100     7.576 r  counter_reg[12]_i_1/CO[3]
                         net (fo=1, routed)           0.000     7.576    counter_reg[12]_i_1_n_0
    SLICE_X152Y108       CARRY4 (Prop_carry4_CI_O[3])
                                                      0.262     7.838 r  counter_reg[16]_i_1/O[3]
                         net (fo=1, routed)           0.000     7.838    counter_reg[16]_i_1_n_4
    SLICE_X152Y108       FDCE                                         r  counter_reg[19]/D
  -------------------------------------------------------------------    -------------------

                         (clock sys_clk_pin rise edge)
                                                      5.000     5.000 r  
    R3                                                0.000     5.000 r  sysclk_p (IN)
                         net (fo=0)                   0.000     5.000    sysclk_p
    R3                   IBUFDS (Prop_ibufds_I_O)     0.850     5.850 r  IBUFDS_inst/O
                         net (fo=1, routed)           1.699     7.549    clk_200MHz
    BUFGCTRL_X0Y0        BUFG (Prop_bufg_I_O)         0.078     7.627 r  clk_200MHz_BUFG_inst/O
                         net (fo=29, routed)          1.377     9.004    clk_200MHz_BUFG
    SLICE_X152Y108       FDCE                                         r  counter_reg[19]/C
                         clock pessimism              0.219     9.223    
                         clock uncertainty           -0.035     9.188    
    SLICE_X152Y108       FDCE (Setup_fdce_C_D)        0.101     9.289    counter_reg[19]
  -------------------------------------------------------------------
                         required time                          9.289    
                         arrival time                          -7.838    
  -------------------------------------------------------------------
                         slack                                  1.451    

Slack (MET) :             1.456ns  (required time - arrival time)
  Source:                 counter_reg[20]/C
                            (rising edge-triggered cell FDCE clocked by sys_clk_pin  {rise@0.000ns fall@2.500ns period=5.000ns})
  Destination:            counter_reg[17]/D
                            (rising edge-triggered cell FDCE clocked by sys_clk_pin  {rise@0.000ns fall@2.500ns period=5.000ns})
  Path Group:             sys_clk_pin
  Path Type:              Setup (Max at Slow Process Corner)
  Requirement:            5.000ns  (sys_clk_pin rise@5.000ns - sys_clk_pin rise@0.000ns)
  Data Path Delay:        3.583ns  (logic 1.762ns (49.181%)  route 1.821ns (50.819%))
  Logic Levels:           8  (CARRY4=5 LUT4=1 LUT6=2)
  Clock Path Skew:        -0.027ns (DCD - SCD + CPR)
    Destination Clock Delay (DCD):    4.004ns = ( 9.004 - 5.000 ) 
    Source Clock Delay      (SCD):    4.250ns
    Clock Pessimism Removal (CPR):    0.219ns
  Clock Uncertainty:      0.035ns  ((TSJ^2 + TIJ^2)^1/2 + DJ) / 2 + PE
    Total System Jitter     (TSJ):    0.071ns
    Total Input Jitter      (TIJ):    0.000ns
    Discrete Jitter          (DJ):    0.000ns
    Phase Error              (PE):    0.000ns

    Location             Delay type                Incr(ns)  Path(ns)    Netlist Resource(s)
  -------------------------------------------------------------------    -------------------
                         (clock sys_clk_pin rise edge)
                                                      0.000     0.000 r  
    R3                                                0.000     0.000 r  sysclk_p (IN)
                         net (fo=0)                   0.000     0.000    sysclk_p
    R3                   IBUFDS (Prop_ibufds_I_O)     0.890     0.890 r  IBUFDS_inst/O
                         net (fo=1, routed)           1.792     2.682    clk_200MHz
    BUFGCTRL_X0Y0        BUFG (Prop_bufg_I_O)         0.082     2.764 r  clk_200MHz_BUFG_inst/O
                         net (fo=29, routed)          1.486     4.250    clk_200MHz_BUFG
    SLICE_X152Y109       FDCE                                         r  counter_reg[20]/C
  -------------------------------------------------------------------    -------------------
    SLICE_X152Y109       FDCE (Prop_fdce_C_Q)         0.433     4.683 f  counter_reg[20]/Q
                         net (fo=3, routed)           0.792     5.474    counter_reg[20]
    SLICE_X153Y109       LUT4 (Prop_lut4_I0_O)        0.105     5.579 f  clk_1Hz_i_5/O
                         net (fo=1, routed)           0.205     5.785    clk_1Hz_i_5_n_0
    SLICE_X153Y109       LUT6 (Prop_lut6_I1_O)        0.105     5.890 f  clk_1Hz_i_2/O
                         net (fo=29, routed)          0.681     6.571    clk_1Hz_i_2_n_0
    SLICE_X153Y104       LUT6 (Prop_lut6_I2_O)        0.105     6.676 r  counter[0]_i_3/O
                         net (fo=1, routed)           0.143     6.819    counter[0]_i_3_n_0
    SLICE_X152Y104       CARRY4 (Prop_carry4_DI[0]_CO[3])
                                                      0.457     7.276 r  counter_reg[0]_i_1/CO[3]
                         net (fo=1, routed)           0.000     7.276    counter_reg[0]_i_1_n_0
    SLICE_X152Y105       CARRY4 (Prop_carry4_CI_CO[3])
                                                      0.100     7.376 r  counter_reg[4]_i_1/CO[3]
                         net (fo=1, routed)           0.000     7.376    counter_reg[4]_i_1_n_0
    SLICE_X152Y106       CARRY4 (Prop_carry4_CI_CO[3])
                                                      0.100     7.476 r  counter_reg[8]_i_1/CO[3]
                         net (fo=1, routed)           0.000     7.476    counter_reg[8]_i_1_n_0
    SLICE_X152Y107       CARRY4 (Prop_carry4_CI_CO[3])
                                                      0.100     7.576 r  counter_reg[12]_i_1/CO[3]
                         net (fo=1, routed)           0.000     7.576    counter_reg[12]_i_1_n_0
    SLICE_X152Y108       CARRY4 (Prop_carry4_CI_O[1])
                                                      0.257     7.833 r  counter_reg[16]_i_1/O[1]
                         net (fo=1, routed)           0.000     7.833    counter_reg[16]_i_1_n_6
    SLICE_X152Y108       FDCE                                         r  counter_reg[17]/D
  -------------------------------------------------------------------    -------------------

                         (clock sys_clk_pin rise edge)
                                                      5.000     5.000 r  
    R3                                                0.000     5.000 r  sysclk_p (IN)
                         net (fo=0)                   0.000     5.000    sysclk_p
    R3                   IBUFDS (Prop_ibufds_I_O)     0.850     5.850 r  IBUFDS_inst/O
                         net (fo=1, routed)           1.699     7.549    clk_200MHz
    BUFGCTRL_X0Y0        BUFG (Prop_bufg_I_O)         0.078     7.627 r  clk_200MHz_BUFG_inst/O
                         net (fo=29, routed)          1.377     9.004    clk_200MHz_BUFG
    SLICE_X152Y108       FDCE                                         r  counter_reg[17]/C
                         clock pessimism              0.219     9.223    
                         clock uncertainty           -0.035     9.188    
    SLICE_X152Y108       FDCE (Setup_fdce_C_D)        0.101     9.289    counter_reg[17]
  -------------------------------------------------------------------
                         required time                          9.289    
                         arrival time                          -7.833    
  -------------------------------------------------------------------
                         slack                                  1.456    

Slack (MET) :             1.462ns  (required time - arrival time)
  Source:                 counter_reg[20]/C
                            (rising edge-triggered cell FDCE clocked by sys_clk_pin  {rise@0.000ns fall@2.500ns period=5.000ns})
  Destination:            counter_reg[20]/D
                            (rising edge-triggered cell FDCE clocked by sys_clk_pin  {rise@0.000ns fall@2.500ns period=5.000ns})
  Path Group:             sys_clk_pin
  Path Type:              Setup (Max at Slow Process Corner)
  Requirement:            5.000ns  (sys_clk_pin rise@5.000ns - sys_clk_pin rise@0.000ns)
  Data Path Delay:        3.604ns  (logic 1.783ns (49.478%)  route 1.821ns (50.522%))
  Logic Levels:           9  (CARRY4=6 LUT4=1 LUT6=2)
  Clock Path Skew:        0.000ns (DCD - SCD + CPR)
    Destination Clock Delay (DCD):    4.004ns = ( 9.004 - 5.000 ) 
    Source Clock Delay      (SCD):    4.250ns
    Clock Pessimism Removal (CPR):    0.246ns
  Clock Uncertainty:      0.035ns  ((TSJ^2 + TIJ^2)^1/2 + DJ) / 2 + PE
    Total System Jitter     (TSJ):    0.071ns
    Total Input Jitter      (TIJ):    0.000ns
    Discrete Jitter          (DJ):    0.000ns
    Phase Error              (PE):    0.000ns

    Location             Delay type                Incr(ns)  Path(ns)    Netlist Resource(s)
  -------------------------------------------------------------------    -------------------
                         (clock sys_clk_pin rise edge)
                                                      0.000     0.000 r  
    R3                                                0.000     0.000 r  sysclk_p (IN)
                         net (fo=0)                   0.000     0.000    sysclk_p
    R3                   IBUFDS (Prop_ibufds_I_O)     0.890     0.890 r  IBUFDS_inst/O
                         net (fo=1, routed)           1.792     2.682    clk_200MHz
    BUFGCTRL_X0Y0        BUFG (Prop_bufg_I_O)         0.082     2.764 r  clk_200MHz_BUFG_inst/O
                         net (fo=29, routed)          1.486     4.250    clk_200MHz_BUFG
    SLICE_X152Y109       FDCE                                         r  counter_reg[20]/C
  -------------------------------------------------------------------    -------------------
    SLICE_X152Y109       FDCE (Prop_fdce_C_Q)         0.433     4.683 f  counter_reg[20]/Q
                         net (fo=3, routed)           0.792     5.474    counter_reg[20]
    SLICE_X153Y109       LUT4 (Prop_lut4_I0_O)        0.105     5.579 f  clk_1Hz_i_5/O
                         net (fo=1, routed)           0.205     5.785    clk_1Hz_i_5_n_0
    SLICE_X153Y109       LUT6 (Prop_lut6_I1_O)        0.105     5.890 f  clk_1Hz_i_2/O
                         net (fo=29, routed)          0.681     6.571    clk_1Hz_i_2_n_0
    SLICE_X153Y104       LUT6 (Prop_lut6_I2_O)        0.105     6.676 r  counter[0]_i_3/O
                         net (fo=1, routed)           0.143     6.819    counter[0]_i_3_n_0
    SLICE_X152Y104       CARRY4 (Prop_carry4_DI[0]_CO[3])
                                                      0.457     7.276 r  counter_reg[0]_i_1/CO[3]
                         net (fo=1, routed)           0.000     7.276    counter_reg[0]_i_1_n_0
    SLICE_X152Y105       CARRY4 (Prop_carry4_CI_CO[3])
                                                      0.100     7.376 r  counter_reg[4]_i_1/CO[3]
                         net (fo=1, routed)           0.000     7.376    counter_reg[4]_i_1_n_0
    SLICE_X152Y106       CARRY4 (Prop_carry4_CI_CO[3])
                                                      0.100     7.476 r  counter_reg[8]_i_1/CO[3]
                         net (fo=1, routed)           0.000     7.476    counter_reg[8]_i_1_n_0
    SLICE_X152Y107       CARRY4 (Prop_carry4_CI_CO[3])
                                                      0.100     7.576 r  counter_reg[12]_i_1/CO[3]
                         net (fo=1, routed)           0.000     7.576    counter_reg[12]_i_1_n_0
    SLICE_X152Y108       CARRY4 (Prop_carry4_CI_CO[3])
                                                      0.100     7.676 r  counter_reg[16]_i_1/CO[3]
                         net (fo=1, routed)           0.000     7.676    counter_reg[16]_i_1_n_0
    SLICE_X152Y109       CARRY4 (Prop_carry4_CI_O[0])
                                                      0.178     7.854 r  counter_reg[20]_i_1/O[0]
                         net (fo=1, routed)           0.000     7.854    counter_reg[20]_i_1_n_7
    SLICE_X152Y109       FDCE                                         r  counter_reg[20]/D
  -------------------------------------------------------------------    -------------------

                         (clock sys_clk_pin rise edge)
                                                      5.000     5.000 r  
    R3                                                0.000     5.000 r  sysclk_p (IN)
                         net (fo=0)                   0.000     5.000    sysclk_p
    R3                   IBUFDS (Prop_ibufds_I_O)     0.850     5.850 r  IBUFDS_inst/O
                         net (fo=1, routed)           1.699     7.549    clk_200MHz
    BUFGCTRL_X0Y0        BUFG (Prop_bufg_I_O)         0.078     7.627 r  clk_200MHz_BUFG_inst/O
                         net (fo=29, routed)          1.377     9.004    clk_200MHz_BUFG
    SLICE_X152Y109       FDCE                                         r  counter_reg[20]/C
                         clock pessimism              0.246     9.250    
                         clock uncertainty           -0.035     9.215    
    SLICE_X152Y109       FDCE (Setup_fdce_C_D)        0.101     9.316    counter_reg[20]
  -------------------------------------------------------------------
                         required time                          9.316    
                         arrival time                          -7.854    
  -------------------------------------------------------------------
                         slack                                  1.462    





Min Delay Paths
--------------------------------------------------------------------------------------
Slack (MET) :             0.262ns  (arrival time - required time)
  Source:                 clk_1Hz_reg/C
                            (rising edge-triggered cell FDCE clocked by sys_clk_pin  {rise@0.000ns fall@2.500ns period=5.000ns})
  Destination:            clk_1Hz_reg/D
                            (rising edge-triggered cell FDCE clocked by sys_clk_pin  {rise@0.000ns fall@2.500ns period=5.000ns})
  Path Group:             sys_clk_pin
  Path Type:              Hold (Min at Fast Process Corner)
  Requirement:            0.000ns  (sys_clk_pin rise@0.000ns - sys_clk_pin rise@0.000ns)
  Data Path Delay:        0.353ns  (logic 0.186ns (52.674%)  route 0.167ns (47.326%))
  Logic Levels:           1  (LUT6=1)
  Clock Path Skew:        0.000ns (DCD - SCD - CPR)
    Destination Clock Delay (DCD):    2.076ns
    Source Clock Delay      (SCD):    1.709ns
    Clock Pessimism Removal (CPR):    0.368ns

    Location             Delay type                Incr(ns)  Path(ns)    Netlist Resource(s)
  -------------------------------------------------------------------    -------------------
                         (clock sys_clk_pin rise edge)
                                                      0.000     0.000 r  
    R3                                                0.000     0.000 r  sysclk_p (IN)
                         net (fo=0)                   0.000     0.000    sysclk_p
    R3                   IBUFDS (Prop_ibufds_I_O)     0.386     0.386 r  IBUFDS_inst/O
                         net (fo=1, routed)           0.676     1.062    clk_200MHz
    BUFGCTRL_X0Y0        BUFG (Prop_bufg_I_O)         0.027     1.089 r  clk_200MHz_BUFG_inst/O
                         net (fo=29, routed)          0.620     1.709    clk_200MHz_BUFG
    SLICE_X153Y107       FDCE                                         r  clk_1Hz_reg/C
  -------------------------------------------------------------------    -------------------
    SLICE_X153Y107       FDCE (Prop_fdce_C_Q)         0.141     1.850 r  clk_1Hz_reg/Q
                         net (fo=8, routed)           0.167     2.017    clk_1Hz
    SLICE_X153Y107       LUT6 (Prop_lut6_I5_O)        0.045     2.062 r  clk_1Hz_i_1/O
                         net (fo=1, routed)           0.000     2.062    clk_1Hz_i_1_n_0
    SLICE_X153Y107       FDCE                                         r  clk_1Hz_reg/D
  -------------------------------------------------------------------    -------------------

                         (clock sys_clk_pin rise edge)
                                                      0.000     0.000 r  
    R3                                                0.000     0.000 r  sysclk_p (IN)
                         net (fo=0)                   0.000     0.000    sysclk_p
    R3                   IBUFDS (Prop_ibufds_I_O)     0.421     0.421 r  IBUFDS_inst/O
                         net (fo=1, routed)           0.734     1.155    clk_200MHz
    BUFGCTRL_X0Y0        BUFG (Prop_bufg_I_O)         0.030     1.185 r  clk_200MHz_BUFG_inst/O
                         net (fo=29, routed)          0.892     2.076    clk_200MHz_BUFG
    SLICE_X153Y107       FDCE                                         r  clk_1Hz_reg/C
                         clock pessimism             -0.368     1.709    
    SLICE_X153Y107       FDCE (Hold_fdce_C_D)         0.091     1.800    clk_1Hz_reg
  -------------------------------------------------------------------
                         required time                         -1.800    
                         arrival time                           2.062    
  -------------------------------------------------------------------
                         slack                                  0.262    

Slack (MET) :             0.284ns  (arrival time - required time)
  Source:                 counter_reg[26]/C
                            (rising edge-triggered cell FDCE clocked by sys_clk_pin  {rise@0.000ns fall@2.500ns period=5.000ns})
  Destination:            counter_reg[21]/D
                            (rising edge-triggered cell FDCE clocked by sys_clk_pin  {rise@0.000ns fall@2.500ns period=5.000ns})
  Path Group:             sys_clk_pin
  Path Type:              Hold (Min at Fast Process Corner)
  Requirement:            0.000ns  (sys_clk_pin rise@0.000ns - sys_clk_pin rise@0.000ns)
  Data Path Delay:        0.435ns  (logic 0.275ns (63.224%)  route 0.160ns (36.776%))
  Logic Levels:           2  (CARRY4=1 LUT6=1)
  Clock Path Skew:        0.017ns (DCD - SCD - CPR)
    Destination Clock Delay (DCD):    2.076ns
    Source Clock Delay      (SCD):    1.708ns
    Clock Pessimism Removal (CPR):    0.352ns

    Location             Delay type                Incr(ns)  Path(ns)    Netlist Resource(s)
  -------------------------------------------------------------------    -------------------
                         (clock sys_clk_pin rise edge)
                                                      0.000     0.000 r  
    R3                                                0.000     0.000 r  sysclk_p (IN)
                         net (fo=0)                   0.000     0.000    sysclk_p
    R3                   IBUFDS (Prop_ibufds_I_O)     0.386     0.386 r  IBUFDS_inst/O
                         net (fo=1, routed)           0.676     1.062    clk_200MHz
    BUFGCTRL_X0Y0        BUFG (Prop_bufg_I_O)         0.027     1.089 r  clk_200MHz_BUFG_inst/O
                         net (fo=29, routed)          0.619     1.708    clk_200MHz_BUFG
    SLICE_X152Y110       FDCE                                         r  counter_reg[26]/C
  -------------------------------------------------------------------    -------------------
    SLICE_X152Y110       FDCE (Prop_fdce_C_Q)         0.164     1.872 f  counter_reg[26]/Q
                         net (fo=29, routed)          0.160     2.032    counter_reg[26]
    SLICE_X152Y109       LUT6 (Prop_lut6_I1_O)        0.045     2.077 r  counter[20]_i_4/O
                         net (fo=1, routed)           0.000     2.077    counter[20]_i_4_n_0
    SLICE_X152Y109       CARRY4 (Prop_carry4_S[1]_O[1])
                                                      0.066     2.143 r  counter_reg[20]_i_1/O[1]
                         net (fo=1, routed)           0.000     2.143    counter_reg[20]_i_1_n_6
    SLICE_X152Y109       FDCE                                         r  counter_reg[21]/D
  -------------------------------------------------------------------    -------------------

                         (clock sys_clk_pin rise edge)
                                                      0.000     0.000 r  
    R3                                                0.000     0.000 r  sysclk_p (IN)
                         net (fo=0)                   0.000     0.000    sysclk_p
    R3                   IBUFDS (Prop_ibufds_I_O)     0.421     0.421 r  IBUFDS_inst/O
                         net (fo=1, routed)           0.734     1.155    clk_200MHz
    BUFGCTRL_X0Y0        BUFG (Prop_bufg_I_O)         0.030     1.185 r  clk_200MHz_BUFG_inst/O
                         net (fo=29, routed)          0.892     2.076    clk_200MHz_BUFG
    SLICE_X152Y109       FDCE                                         r  counter_reg[21]/C
                         clock pessimism             -0.352     1.725    
    SLICE_X152Y109       FDCE (Hold_fdce_C_D)         0.134     1.859    counter_reg[21]
  -------------------------------------------------------------------
                         required time                         -1.859    
                         arrival time                           2.143    
  -------------------------------------------------------------------
                         slack                                  0.284    

Slack (MET) :             0.286ns  (arrival time - required time)
  Source:                 counter_reg[3]/C
                            (rising edge-triggered cell FDCE clocked by sys_clk_pin  {rise@0.000ns fall@2.500ns period=5.000ns})
  Destination:            counter_reg[3]/D
                            (rising edge-triggered cell FDCE clocked by sys_clk_pin  {rise@0.000ns fall@2.500ns period=5.000ns})
  Path Group:             sys_clk_pin
  Path Type:              Hold (Min at Fast Process Corner)
  Requirement:            0.000ns  (sys_clk_pin rise@0.000ns - sys_clk_pin rise@0.000ns)
  Data Path Delay:        0.420ns  (logic 0.273ns (65.017%)  route 0.147ns (34.984%))
  Logic Levels:           2  (CARRY4=1 LUT6=1)
  Clock Path Skew:        0.000ns (DCD - SCD - CPR)
    Destination Clock Delay (DCD):    2.077ns
    Source Clock Delay      (SCD):    1.710ns
    Clock Pessimism Removal (CPR):    0.368ns

    Location             Delay type                Incr(ns)  Path(ns)    Netlist Resource(s)
  -------------------------------------------------------------------    -------------------
                         (clock sys_clk_pin rise edge)
                                                      0.000     0.000 r  
    R3                                                0.000     0.000 r  sysclk_p (IN)
                         net (fo=0)                   0.000     0.000    sysclk_p
    R3                   IBUFDS (Prop_ibufds_I_O)     0.386     0.386 r  IBUFDS_inst/O
                         net (fo=1, routed)           0.676     1.062    clk_200MHz
    BUFGCTRL_X0Y0        BUFG (Prop_bufg_I_O)         0.027     1.089 r  clk_200MHz_BUFG_inst/O
                         net (fo=29, routed)          0.621     1.710    clk_200MHz_BUFG
    SLICE_X152Y104       FDCE                                         r  counter_reg[3]/C
  -------------------------------------------------------------------    -------------------
    SLICE_X152Y104       FDCE (Prop_fdce_C_Q)         0.164     1.874 r  counter_reg[3]/Q
                         net (fo=2, routed)           0.147     2.021    counter_reg[3]
    SLICE_X152Y104       LUT6 (Prop_lut6_I0_O)        0.045     2.066 r  counter[0]_i_4/O
                         net (fo=1, routed)           0.000     2.066    counter[0]_i_4_n_0
    SLICE_X152Y104       CARRY4 (Prop_carry4_S[3]_O[3])
                                                      0.064     2.130 r  counter_reg[0]_i_1/O[3]
                         net (fo=1, routed)           0.000     2.130    counter_reg[0]_i_1_n_4
    SLICE_X152Y104       FDCE                                         r  counter_reg[3]/D
  -------------------------------------------------------------------    -------------------

                         (clock sys_clk_pin rise edge)
                                                      0.000     0.000 r  
    R3                                                0.000     0.000 r  sysclk_p (IN)
                         net (fo=0)                   0.000     0.000    sysclk_p
    R3                   IBUFDS (Prop_ibufds_I_O)     0.421     0.421 r  IBUFDS_inst/O
                         net (fo=1, routed)           0.734     1.155    clk_200MHz
    BUFGCTRL_X0Y0        BUFG (Prop_bufg_I_O)         0.030     1.185 r  clk_200MHz_BUFG_inst/O
                         net (fo=29, routed)          0.893     2.077    clk_200MHz_BUFG
    SLICE_X152Y104       FDCE                                         r  counter_reg[3]/C
                         clock pessimism             -0.368     1.710    
    SLICE_X152Y104       FDCE (Hold_fdce_C_D)         0.134     1.844    counter_reg[3]
  -------------------------------------------------------------------
                         required time                         -1.844    
                         arrival time                           2.130    
  -------------------------------------------------------------------
                         slack                                  0.286    

Slack (MET) :             0.286ns  (arrival time - required time)
  Source:                 counter_reg[7]/C
                            (rising edge-triggered cell FDCE clocked by sys_clk_pin  {rise@0.000ns fall@2.500ns period=5.000ns})
  Destination:            counter_reg[7]/D
                            (rising edge-triggered cell FDCE clocked by sys_clk_pin  {rise@0.000ns fall@2.500ns period=5.000ns})
  Path Group:             sys_clk_pin
  Path Type:              Hold (Min at Fast Process Corner)
  Requirement:            0.000ns  (sys_clk_pin rise@0.000ns - sys_clk_pin rise@0.000ns)
  Data Path Delay:        0.420ns  (logic 0.273ns (65.017%)  route 0.147ns (34.984%))
  Logic Levels:           2  (CARRY4=1 LUT6=1)
  Clock Path Skew:        0.000ns (DCD - SCD - CPR)
    Destination Clock Delay (DCD):    2.077ns
    Source Clock Delay      (SCD):    1.710ns
    Clock Pessimism Removal (CPR):    0.368ns

    Location             Delay type                Incr(ns)  Path(ns)    Netlist Resource(s)
  -------------------------------------------------------------------    -------------------
                         (clock sys_clk_pin rise edge)
                                                      0.000     0.000 r  
    R3                                                0.000     0.000 r  sysclk_p (IN)
                         net (fo=0)                   0.000     0.000    sysclk_p
    R3                   IBUFDS (Prop_ibufds_I_O)     0.386     0.386 r  IBUFDS_inst/O
                         net (fo=1, routed)           0.676     1.062    clk_200MHz
    BUFGCTRL_X0Y0        BUFG (Prop_bufg_I_O)         0.027     1.089 r  clk_200MHz_BUFG_inst/O
                         net (fo=29, routed)          0.621     1.710    clk_200MHz_BUFG
    SLICE_X152Y105       FDCE                                         r  counter_reg[7]/C
  -------------------------------------------------------------------    -------------------
    SLICE_X152Y105       FDCE (Prop_fdce_C_Q)         0.164     1.874 r  counter_reg[7]/Q
                         net (fo=2, routed)           0.147     2.021    counter_reg[7]
    SLICE_X152Y105       LUT6 (Prop_lut6_I0_O)        0.045     2.066 r  counter[4]_i_2/O
                         net (fo=1, routed)           0.000     2.066    counter[4]_i_2_n_0
    SLICE_X152Y105       CARRY4 (Prop_carry4_S[3]_O[3])
                                                      0.064     2.130 r  counter_reg[4]_i_1/O[3]
                         net (fo=1, routed)           0.000     2.130    counter_reg[4]_i_1_n_4
    SLICE_X152Y105       FDCE                                         r  counter_reg[7]/D
  -------------------------------------------------------------------    -------------------

                         (clock sys_clk_pin rise edge)
                                                      0.000     0.000 r  
    R3                                                0.000     0.000 r  sysclk_p (IN)
                         net (fo=0)                   0.000     0.000    sysclk_p
    R3                   IBUFDS (Prop_ibufds_I_O)     0.421     0.421 r  IBUFDS_inst/O
                         net (fo=1, routed)           0.734     1.155    clk_200MHz
    BUFGCTRL_X0Y0        BUFG (Prop_bufg_I_O)         0.030     1.185 r  clk_200MHz_BUFG_inst/O
                         net (fo=29, routed)          0.893     2.077    clk_200MHz_BUFG
    SLICE_X152Y105       FDCE                                         r  counter_reg[7]/C
                         clock pessimism             -0.368     1.710    
    SLICE_X152Y105       FDCE (Hold_fdce_C_D)         0.134     1.844    counter_reg[7]
  -------------------------------------------------------------------
                         required time                         -1.844    
                         arrival time                           2.130    
  -------------------------------------------------------------------
                         slack                                  0.286    

Slack (MET) :             0.286ns  (arrival time - required time)
  Source:                 counter_reg[15]/C
                            (rising edge-triggered cell FDCE clocked by sys_clk_pin  {rise@0.000ns fall@2.500ns period=5.000ns})
  Destination:            counter_reg[15]/D
                            (rising edge-triggered cell FDCE clocked by sys_clk_pin  {rise@0.000ns fall@2.500ns period=5.000ns})
  Path Group:             sys_clk_pin
  Path Type:              Hold (Min at Fast Process Corner)
  Requirement:            0.000ns  (sys_clk_pin rise@0.000ns - sys_clk_pin rise@0.000ns)
  Data Path Delay:        0.420ns  (logic 0.273ns (65.017%)  route 0.147ns (34.984%))
  Logic Levels:           2  (CARRY4=1 LUT6=1)
  Clock Path Skew:        0.000ns (DCD - SCD - CPR)
    Destination Clock Delay (DCD):    2.076ns
    Source Clock Delay      (SCD):    1.709ns
    Clock Pessimism Removal (CPR):    0.368ns

    Location             Delay type                Incr(ns)  Path(ns)    Netlist Resource(s)
  -------------------------------------------------------------------    -------------------
                         (clock sys_clk_pin rise edge)
                                                      0.000     0.000 r  
    R3                                                0.000     0.000 r  sysclk_p (IN)
                         net (fo=0)                   0.000     0.000    sysclk_p
    R3                   IBUFDS (Prop_ibufds_I_O)     0.386     0.386 r  IBUFDS_inst/O
                         net (fo=1, routed)           0.676     1.062    clk_200MHz
    BUFGCTRL_X0Y0        BUFG (Prop_bufg_I_O)         0.027     1.089 r  clk_200MHz_BUFG_inst/O
                         net (fo=29, routed)          0.620     1.709    clk_200MHz_BUFG
    SLICE_X152Y107       FDCE                                         r  counter_reg[15]/C
  -------------------------------------------------------------------    -------------------
    SLICE_X152Y107       FDCE (Prop_fdce_C_Q)         0.164     1.873 r  counter_reg[15]/Q
                         net (fo=2, routed)           0.147     2.020    counter_reg[15]
    SLICE_X152Y107       LUT6 (Prop_lut6_I0_O)        0.045     2.065 r  counter[12]_i_2/O
                         net (fo=1, routed)           0.000     2.065    counter[12]_i_2_n_0
    SLICE_X152Y107       CARRY4 (Prop_carry4_S[3]_O[3])
                                                      0.064     2.129 r  counter_reg[12]_i_1/O[3]
                         net (fo=1, routed)           0.000     2.129    counter_reg[12]_i_1_n_4
    SLICE_X152Y107       FDCE                                         r  counter_reg[15]/D
  -------------------------------------------------------------------    -------------------

                         (clock sys_clk_pin rise edge)
                                                      0.000     0.000 r  
    R3                                                0.000     0.000 r  sysclk_p (IN)
                         net (fo=0)                   0.000     0.000    sysclk_p
    R3                   IBUFDS (Prop_ibufds_I_O)     0.421     0.421 r  IBUFDS_inst/O
                         net (fo=1, routed)           0.734     1.155    clk_200MHz
    BUFGCTRL_X0Y0        BUFG (Prop_bufg_I_O)         0.030     1.185 r  clk_200MHz_BUFG_inst/O
                         net (fo=29, routed)          0.892     2.076    clk_200MHz_BUFG
    SLICE_X152Y107       FDCE                                         r  counter_reg[15]/C
                         clock pessimism             -0.368     1.709    
    SLICE_X152Y107       FDCE (Hold_fdce_C_D)         0.134     1.843    counter_reg[15]
  -------------------------------------------------------------------
                         required time                         -1.843    
                         arrival time                           2.129    
  -------------------------------------------------------------------
                         slack                                  0.286    

Slack (MET) :             0.287ns  (arrival time - required time)
  Source:                 counter_reg[27]/C
                            (rising edge-triggered cell FDCE clocked by sys_clk_pin  {rise@0.000ns fall@2.500ns period=5.000ns})
  Destination:            counter_reg[25]/D
                            (rising edge-triggered cell FDCE clocked by sys_clk_pin  {rise@0.000ns fall@2.500ns period=5.000ns})
  Path Group:             sys_clk_pin
  Path Type:              Hold (Min at Fast Process Corner)
  Requirement:            0.000ns  (sys_clk_pin rise@0.000ns - sys_clk_pin rise@0.000ns)
  Data Path Delay:        0.421ns  (logic 0.275ns (65.366%)  route 0.146ns (34.634%))
  Logic Levels:           2  (CARRY4=1 LUT6=1)
  Clock Path Skew:        0.000ns (DCD - SCD - CPR)
    Destination Clock Delay (DCD):    2.075ns
    Source Clock Delay      (SCD):    1.708ns
    Clock Pessimism Removal (CPR):    0.368ns

    Location             Delay type                Incr(ns)  Path(ns)    Netlist Resource(s)
  -------------------------------------------------------------------    -------------------
                         (clock sys_clk_pin rise edge)
                                                      0.000     0.000 r  
    R3                                                0.000     0.000 r  sysclk_p (IN)
                         net (fo=0)                   0.000     0.000    sysclk_p
    R3                   IBUFDS (Prop_ibufds_I_O)     0.386     0.386 r  IBUFDS_inst/O
                         net (fo=1, routed)           0.676     1.062    clk_200MHz
    BUFGCTRL_X0Y0        BUFG (Prop_bufg_I_O)         0.027     1.089 r  clk_200MHz_BUFG_inst/O
                         net (fo=29, routed)          0.619     1.708    clk_200MHz_BUFG
    SLICE_X152Y110       FDCE                                         r  counter_reg[27]/C
  -------------------------------------------------------------------    -------------------
    SLICE_X152Y110       FDCE (Prop_fdce_C_Q)         0.164     1.872 f  counter_reg[27]/Q
                         net (fo=29, routed)          0.146     2.017    counter_reg[27]
    SLICE_X152Y110       LUT6 (Prop_lut6_I5_O)        0.045     2.062 r  counter[24]_i_3/O
                         net (fo=1, routed)           0.000     2.062    counter[24]_i_3_n_0
    SLICE_X152Y110       CARRY4 (Prop_carry4_S[1]_O[1])
                                                      0.066     2.128 r  counter_reg[24]_i_1/O[1]
                         net (fo=1, routed)           0.000     2.128    counter_reg[24]_i_1_n_6
    SLICE_X152Y110       FDCE                                         r  counter_reg[25]/D
  -------------------------------------------------------------------    -------------------

                         (clock sys_clk_pin rise edge)
                                                      0.000     0.000 r  
    R3                                                0.000     0.000 r  sysclk_p (IN)
                         net (fo=0)                   0.000     0.000    sysclk_p
    R3                   IBUFDS (Prop_ibufds_I_O)     0.421     0.421 r  IBUFDS_inst/O
                         net (fo=1, routed)           0.734     1.155    clk_200MHz
    BUFGCTRL_X0Y0        BUFG (Prop_bufg_I_O)         0.030     1.185 r  clk_200MHz_BUFG_inst/O
                         net (fo=29, routed)          0.891     2.075    clk_200MHz_BUFG
    SLICE_X152Y110       FDCE                                         r  counter_reg[25]/C
                         clock pessimism             -0.368     1.708    
    SLICE_X152Y110       FDCE (Hold_fdce_C_D)         0.134     1.842    counter_reg[25]
  -------------------------------------------------------------------
                         required time                         -1.842    
                         arrival time                           2.128    
  -------------------------------------------------------------------
                         slack                                  0.287    

Slack (MET) :             0.287ns  (arrival time - required time)
  Source:                 counter_reg[11]/C
                            (rising edge-triggered cell FDCE clocked by sys_clk_pin  {rise@0.000ns fall@2.500ns period=5.000ns})
  Destination:            counter_reg[11]/D
                            (rising edge-triggered cell FDCE clocked by sys_clk_pin  {rise@0.000ns fall@2.500ns period=5.000ns})
  Path Group:             sys_clk_pin
  Path Type:              Hold (Min at Fast Process Corner)
  Requirement:            0.000ns  (sys_clk_pin rise@0.000ns - sys_clk_pin rise@0.000ns)
  Data Path Delay:        0.421ns  (logic 0.273ns (64.841%)  route 0.148ns (35.159%))
  Logic Levels:           2  (CARRY4=1 LUT6=1)
  Clock Path Skew:        0.000ns (DCD - SCD - CPR)
    Destination Clock Delay (DCD):    2.077ns
    Source Clock Delay      (SCD):    1.710ns
    Clock Pessimism Removal (CPR):    0.368ns

    Location             Delay type                Incr(ns)  Path(ns)    Netlist Resource(s)
  -------------------------------------------------------------------    -------------------
                         (clock sys_clk_pin rise edge)
                                                      0.000     0.000 r  
    R3                                                0.000     0.000 r  sysclk_p (IN)
                         net (fo=0)                   0.000     0.000    sysclk_p
    R3                   IBUFDS (Prop_ibufds_I_O)     0.386     0.386 r  IBUFDS_inst/O
                         net (fo=1, routed)           0.676     1.062    clk_200MHz
    BUFGCTRL_X0Y0        BUFG (Prop_bufg_I_O)         0.027     1.089 r  clk_200MHz_BUFG_inst/O
                         net (fo=29, routed)          0.621     1.710    clk_200MHz_BUFG
    SLICE_X152Y106       FDCE                                         r  counter_reg[11]/C
  -------------------------------------------------------------------    -------------------
    SLICE_X152Y106       FDCE (Prop_fdce_C_Q)         0.164     1.874 r  counter_reg[11]/Q
                         net (fo=2, routed)           0.148     2.022    counter_reg[11]
    SLICE_X152Y106       LUT6 (Prop_lut6_I0_O)        0.045     2.067 r  counter[8]_i_2/O
                         net (fo=1, routed)           0.000     2.067    counter[8]_i_2_n_0
    SLICE_X152Y106       CARRY4 (Prop_carry4_S[3]_O[3])
                                                      0.064     2.131 r  counter_reg[8]_i_1/O[3]
                         net (fo=1, routed)           0.000     2.131    counter_reg[8]_i_1_n_4
    SLICE_X152Y106       FDCE                                         r  counter_reg[11]/D
  -------------------------------------------------------------------    -------------------

                         (clock sys_clk_pin rise edge)
                                                      0.000     0.000 r  
    R3                                                0.000     0.000 r  sysclk_p (IN)
                         net (fo=0)                   0.000     0.000    sysclk_p
    R3                   IBUFDS (Prop_ibufds_I_O)     0.421     0.421 r  IBUFDS_inst/O
                         net (fo=1, routed)           0.734     1.155    clk_200MHz
    BUFGCTRL_X0Y0        BUFG (Prop_bufg_I_O)         0.030     1.185 r  clk_200MHz_BUFG_inst/O
                         net (fo=29, routed)          0.893     2.077    clk_200MHz_BUFG
    SLICE_X152Y106       FDCE                                         r  counter_reg[11]/C
                         clock pessimism             -0.368     1.710    
    SLICE_X152Y106       FDCE (Hold_fdce_C_D)         0.134     1.844    counter_reg[11]
  -------------------------------------------------------------------
                         required time                         -1.844    
                         arrival time                           2.131    
  -------------------------------------------------------------------
                         slack                                  0.287    

Slack (MET) :             0.287ns  (arrival time - required time)
  Source:                 counter_reg[19]/C
                            (rising edge-triggered cell FDCE clocked by sys_clk_pin  {rise@0.000ns fall@2.500ns period=5.000ns})
  Destination:            counter_reg[19]/D
                            (rising edge-triggered cell FDCE clocked by sys_clk_pin  {rise@0.000ns fall@2.500ns period=5.000ns})
  Path Group:             sys_clk_pin
  Path Type:              Hold (Min at Fast Process Corner)
  Requirement:            0.000ns  (sys_clk_pin rise@0.000ns - sys_clk_pin rise@0.000ns)
  Data Path Delay:        0.421ns  (logic 0.273ns (64.841%)  route 0.148ns (35.159%))
  Logic Levels:           2  (CARRY4=1 LUT6=1)
  Clock Path Skew:        0.000ns (DCD - SCD - CPR)
    Destination Clock Delay (DCD):    2.076ns
    Source Clock Delay      (SCD):    1.709ns
    Clock Pessimism Removal (CPR):    0.368ns

    Location             Delay type                Incr(ns)  Path(ns)    Netlist Resource(s)
  -------------------------------------------------------------------    -------------------
                         (clock sys_clk_pin rise edge)
                                                      0.000     0.000 r  
    R3                                                0.000     0.000 r  sysclk_p (IN)
                         net (fo=0)                   0.000     0.000    sysclk_p
    R3                   IBUFDS (Prop_ibufds_I_O)     0.386     0.386 r  IBUFDS_inst/O
                         net (fo=1, routed)           0.676     1.062    clk_200MHz
    BUFGCTRL_X0Y0        BUFG (Prop_bufg_I_O)         0.027     1.089 r  clk_200MHz_BUFG_inst/O
                         net (fo=29, routed)          0.620     1.709    clk_200MHz_BUFG
    SLICE_X152Y108       FDCE                                         r  counter_reg[19]/C
  -------------------------------------------------------------------    -------------------
    SLICE_X152Y108       FDCE (Prop_fdce_C_Q)         0.164     1.873 r  counter_reg[19]/Q
                         net (fo=2, routed)           0.148     2.021    counter_reg[19]
    SLICE_X152Y108       LUT6 (Prop_lut6_I0_O)        0.045     2.066 r  counter[16]_i_2/O
                         net (fo=1, routed)           0.000     2.066    counter[16]_i_2_n_0
    SLICE_X152Y108       CARRY4 (Prop_carry4_S[3]_O[3])
                                                      0.064     2.130 r  counter_reg[16]_i_1/O[3]
                         net (fo=1, routed)           0.000     2.130    counter_reg[16]_i_1_n_4
    SLICE_X152Y108       FDCE                                         r  counter_reg[19]/D
  -------------------------------------------------------------------    -------------------

                         (clock sys_clk_pin rise edge)
                                                      0.000     0.000 r  
    R3                                                0.000     0.000 r  sysclk_p (IN)
                         net (fo=0)                   0.000     0.000    sysclk_p
    R3                   IBUFDS (Prop_ibufds_I_O)     0.421     0.421 r  IBUFDS_inst/O
                         net (fo=1, routed)           0.734     1.155    clk_200MHz
    BUFGCTRL_X0Y0        BUFG (Prop_bufg_I_O)         0.030     1.185 r  clk_200MHz_BUFG_inst/O
                         net (fo=29, routed)          0.892     2.076    clk_200MHz_BUFG
    SLICE_X152Y108       FDCE                                         r  counter_reg[19]/C
                         clock pessimism             -0.368     1.709    
    SLICE_X152Y108       FDCE (Hold_fdce_C_D)         0.134     1.843    counter_reg[19]
  -------------------------------------------------------------------
                         required time                         -1.843    
                         arrival time                           2.130    
  -------------------------------------------------------------------
                         slack                                  0.287    

Slack (MET) :             0.290ns  (arrival time - required time)
  Source:                 counter_reg[26]/C
                            (rising edge-triggered cell FDCE clocked by sys_clk_pin  {rise@0.000ns fall@2.500ns period=5.000ns})
  Destination:            counter_reg[20]/D
                            (rising edge-triggered cell FDCE clocked by sys_clk_pin  {rise@0.000ns fall@2.500ns period=5.000ns})
  Path Group:             sys_clk_pin
  Path Type:              Hold (Min at Fast Process Corner)
  Requirement:            0.000ns  (sys_clk_pin rise@0.000ns - sys_clk_pin rise@0.000ns)
  Data Path Delay:        0.441ns  (logic 0.279ns (63.271%)  route 0.162ns (36.729%))
  Logic Levels:           2  (CARRY4=1 LUT6=1)
  Clock Path Skew:        0.017ns (DCD - SCD - CPR)
    Destination Clock Delay (DCD):    2.076ns
    Source Clock Delay      (SCD):    1.708ns
    Clock Pessimism Removal (CPR):    0.352ns

    Location             Delay type                Incr(ns)  Path(ns)    Netlist Resource(s)
  -------------------------------------------------------------------    -------------------
                         (clock sys_clk_pin rise edge)
                                                      0.000     0.000 r  
    R3                                                0.000     0.000 r  sysclk_p (IN)
                         net (fo=0)                   0.000     0.000    sysclk_p
    R3                   IBUFDS (Prop_ibufds_I_O)     0.386     0.386 r  IBUFDS_inst/O
                         net (fo=1, routed)           0.676     1.062    clk_200MHz
    BUFGCTRL_X0Y0        BUFG (Prop_bufg_I_O)         0.027     1.089 r  clk_200MHz_BUFG_inst/O
                         net (fo=29, routed)          0.619     1.708    clk_200MHz_BUFG
    SLICE_X152Y110       FDCE                                         r  counter_reg[26]/C
  -------------------------------------------------------------------    -------------------
    SLICE_X152Y110       FDCE (Prop_fdce_C_Q)         0.164     1.872 f  counter_reg[26]/Q
                         net (fo=29, routed)          0.162     2.034    counter_reg[26]
    SLICE_X152Y109       LUT6 (Prop_lut6_I1_O)        0.045     2.079 r  counter[20]_i_5/O
                         net (fo=1, routed)           0.000     2.079    counter[20]_i_5_n_0
    SLICE_X152Y109       CARRY4 (Prop_carry4_S[0]_O[0])
                                                      0.070     2.149 r  counter_reg[20]_i_1/O[0]
                         net (fo=1, routed)           0.000     2.149    counter_reg[20]_i_1_n_7
    SLICE_X152Y109       FDCE                                         r  counter_reg[20]/D
  -------------------------------------------------------------------    -------------------

                         (clock sys_clk_pin rise edge)
                                                      0.000     0.000 r  
    R3                                                0.000     0.000 r  sysclk_p (IN)
                         net (fo=0)                   0.000     0.000    sysclk_p
    R3                   IBUFDS (Prop_ibufds_I_O)     0.421     0.421 r  IBUFDS_inst/O
                         net (fo=1, routed)           0.734     1.155    clk_200MHz
    BUFGCTRL_X0Y0        BUFG (Prop_bufg_I_O)         0.030     1.185 r  clk_200MHz_BUFG_inst/O
                         net (fo=29, routed)          0.892     2.076    clk_200MHz_BUFG
    SLICE_X152Y109       FDCE                                         r  counter_reg[20]/C
                         clock pessimism             -0.352     1.725    
    SLICE_X152Y109       FDCE (Hold_fdce_C_D)         0.134     1.859    counter_reg[20]
  -------------------------------------------------------------------
                         required time                         -1.859    
                         arrival time                           2.149    
  -------------------------------------------------------------------
                         slack                                  0.290    

Slack (MET) :             0.296ns  (arrival time - required time)
  Source:                 counter_reg[23]/C
                            (rising edge-triggered cell FDCE clocked by sys_clk_pin  {rise@0.000ns fall@2.500ns period=5.000ns})
  Destination:            counter_reg[23]/D
                            (rising edge-triggered cell FDCE clocked by sys_clk_pin  {rise@0.000ns fall@2.500ns period=5.000ns})
  Path Group:             sys_clk_pin
  Path Type:              Hold (Min at Fast Process Corner)
  Requirement:            0.000ns  (sys_clk_pin rise@0.000ns - sys_clk_pin rise@0.000ns)
  Data Path Delay:        0.430ns  (logic 0.273ns (63.438%)  route 0.157ns (36.562%))
  Logic Levels:           2  (CARRY4=1 LUT6=1)
  Clock Path Skew:        0.000ns (DCD - SCD - CPR)
    Destination Clock Delay (DCD):    2.076ns
    Source Clock Delay      (SCD):    1.709ns
    Clock Pessimism Removal (CPR):    0.368ns

    Location             Delay type                Incr(ns)  Path(ns)    Netlist Resource(s)
  -------------------------------------------------------------------    -------------------
                         (clock sys_clk_pin rise edge)
                                                      0.000     0.000 r  
    R3                                                0.000     0.000 r  sysclk_p (IN)
                         net (fo=0)                   0.000     0.000    sysclk_p
    R3                   IBUFDS (Prop_ibufds_I_O)     0.386     0.386 r  IBUFDS_inst/O
                         net (fo=1, routed)           0.676     1.062    clk_200MHz
    BUFGCTRL_X0Y0        BUFG (Prop_bufg_I_O)         0.027     1.089 r  clk_200MHz_BUFG_inst/O
                         net (fo=29, routed)          0.620     1.709    clk_200MHz_BUFG
    SLICE_X152Y109       FDCE                                         r  counter_reg[23]/C
  -------------------------------------------------------------------    -------------------
    SLICE_X152Y109       FDCE (Prop_fdce_C_Q)         0.164     1.873 r  counter_reg[23]/Q
                         net (fo=3, routed)           0.157     2.030    counter_reg[23]
    SLICE_X152Y109       LUT6 (Prop_lut6_I0_O)        0.045     2.075 r  counter[20]_i_2/O
                         net (fo=1, routed)           0.000     2.075    counter[20]_i_2_n_0
    SLICE_X152Y109       CARRY4 (Prop_carry4_S[3]_O[3])
                                                      0.064     2.139 r  counter_reg[20]_i_1/O[3]
                         net (fo=1, routed)           0.000     2.139    counter_reg[20]_i_1_n_4
    SLICE_X152Y109       FDCE                                         r  counter_reg[23]/D
  -------------------------------------------------------------------    -------------------

                         (clock sys_clk_pin rise edge)
                                                      0.000     0.000 r  
    R3                                                0.000     0.000 r  sysclk_p (IN)
                         net (fo=0)                   0.000     0.000    sysclk_p
    R3                   IBUFDS (Prop_ibufds_I_O)     0.421     0.421 r  IBUFDS_inst/O
                         net (fo=1, routed)           0.734     1.155    clk_200MHz
    BUFGCTRL_X0Y0        BUFG (Prop_bufg_I_O)         0.030     1.185 r  clk_200MHz_BUFG_inst/O
                         net (fo=29, routed)          0.892     2.076    clk_200MHz_BUFG
    SLICE_X152Y109       FDCE                                         r  counter_reg[23]/C
                         clock pessimism             -0.368     1.709    
    SLICE_X152Y109       FDCE (Hold_fdce_C_D)         0.134     1.843    counter_reg[23]
  -------------------------------------------------------------------
                         required time                         -1.843    
                         arrival time                           2.139    
  -------------------------------------------------------------------
                         slack                                  0.296    





Pulse Width Checks
--------------------------------------------------------------------------------------
Clock Name:         sys_clk_pin
Waveform(ns):       { 0.000 2.500 }
Period(ns):         5.000
Sources:            { sysclk_p }

Check Type        Corner  Lib Pin  Reference Pin  Required(ns)  Actual(ns)  Slack(ns)  Location        Pin
Min Period        n/a     BUFG/I   n/a            1.592         5.000       3.408      BUFGCTRL_X0Y0   clk_200MHz_BUFG_inst/I
Min Period        n/a     FDCE/C   n/a            1.000         5.000       4.000      SLICE_X153Y107  clk_1Hz_reg/C
Min Period        n/a     FDCE/C   n/a            1.000         5.000       4.000      SLICE_X152Y104  counter_reg[0]/C
Min Period        n/a     FDCE/C   n/a            1.000         5.000       4.000      SLICE_X152Y106  counter_reg[10]/C
Min Period        n/a     FDCE/C   n/a            1.000         5.000       4.000      SLICE_X152Y106  counter_reg[11]/C
Min Period        n/a     FDCE/C   n/a            1.000         5.000       4.000      SLICE_X152Y107  counter_reg[12]/C
Min Period        n/a     FDCE/C   n/a            1.000         5.000       4.000      SLICE_X152Y107  counter_reg[13]/C
Min Period        n/a     FDCE/C   n/a            1.000         5.000       4.000      SLICE_X152Y107  counter_reg[14]/C
Min Period        n/a     FDCE/C   n/a            1.000         5.000       4.000      SLICE_X152Y107  counter_reg[15]/C
Min Period        n/a     FDCE/C   n/a            1.000         5.000       4.000      SLICE_X152Y108  counter_reg[16]/C
Low Pulse Width   Slow    FDCE/C   n/a            0.500         2.500       2.000      SLICE_X152Y108  counter_reg[16]/C
Low Pulse Width   Slow    FDCE/C   n/a            0.500         2.500       2.000      SLICE_X152Y108  counter_reg[17]/C
Low Pulse Width   Slow    FDCE/C   n/a            0.500         2.500       2.000      SLICE_X152Y108  counter_reg[18]/C
Low Pulse Width   Slow    FDCE/C   n/a            0.500         2.500       2.000      SLICE_X152Y108  counter_reg[19]/C
Low Pulse Width   Slow    FDCE/C   n/a            0.500         2.500       2.000      SLICE_X152Y109  counter_reg[20]/C
Low Pulse Width   Slow    FDCE/C   n/a            0.500         2.500       2.000      SLICE_X152Y109  counter_reg[21]/C
Low Pulse Width   Slow    FDCE/C   n/a            0.500         2.500       2.000      SLICE_X152Y109  counter_reg[22]/C
Low Pulse Width   Slow    FDCE/C   n/a            0.500         2.500       2.000      SLICE_X152Y109  counter_reg[23]/C
Low Pulse Width   Slow    FDCE/C   n/a            0.500         2.500       2.000      SLICE_X152Y110  counter_reg[24]/C
Low Pulse Width   Slow    FDCE/C   n/a            0.500         2.500       2.000      SLICE_X152Y110  counter_reg[25]/C
High Pulse Width  Fast    FDCE/C   n/a            0.500         2.500       2.000      SLICE_X153Y107  clk_1Hz_reg/C
High Pulse Width  Fast    FDCE/C   n/a            0.500         2.500       2.000      SLICE_X152Y104  counter_reg[0]/C
High Pulse Width  Fast    FDCE/C   n/a            0.500         2.500       2.000      SLICE_X152Y106  counter_reg[10]/C
High Pulse Width  Fast    FDCE/C   n/a            0.500         2.500       2.000      SLICE_X152Y106  counter_reg[11]/C
High Pulse Width  Fast    FDCE/C   n/a            0.500         2.500       2.000      SLICE_X152Y107  counter_reg[12]/C
High Pulse Width  Fast    FDCE/C   n/a            0.500         2.500       2.000      SLICE_X152Y107  counter_reg[13]/C
High Pulse Width  Fast    FDCE/C   n/a            0.500         2.500       2.000      SLICE_X152Y107  counter_reg[14]/C
High Pulse Width  Fast    FDCE/C   n/a            0.500         2.500       2.000      SLICE_X152Y107  counter_reg[15]/C
High Pulse Width  Fast    FDCE/C   n/a            0.500         2.500       2.000      SLICE_X152Y108  counter_reg[16]/C
High Pulse Width  Fast    FDCE/C   n/a            0.500         2.500       2.000      SLICE_X152Y108  counter_reg[17]/C



