Analysis & Synthesis report for lab7var2
Fri Mar 21 14:08:40 2025
Quartus II Version 9.1 Build 222 10/21/2009 SJ Web Edition


---------------------
; Table of Contents ;
---------------------
  1. Legal Notice
  2. Analysis & Synthesis Summary
  3. Analysis & Synthesis Settings
  4. Parallel Compilation
  5. Analysis & Synthesis Source Files Read
  6. Analysis & Synthesis Resource Usage Summary
  7. Analysis & Synthesis Resource Utilization by Entity
  8. Registers Removed During Synthesis
  9. General Register Statistics
 10. Source assignments for master_device:inst5|lpm_counter0:inst13|lpm_counter:lpm_counter_component
 11. Source assignments for master_device:inst5|lpm_counter5:inst10|lpm_counter:lpm_counter_component
 12. Source assignments for master_device:inst4|lpm_counter0:inst13|lpm_counter:lpm_counter_component
 13. Source assignments for master_device:inst4|lpm_counter5:inst10|lpm_counter:lpm_counter_component
 14. Source assignments for master_device:inst2|lpm_counter0:inst13|lpm_counter:lpm_counter_component
 15. Source assignments for master_device:inst2|lpm_counter5:inst10|lpm_counter:lpm_counter_component
 16. Parameter Settings for User Entity Instance: master_device:inst5|lpm_compare0:inst2|lpm_compare:lpm_compare_component
 17. Parameter Settings for User Entity Instance: master_device:inst5|lpm_add_sub0:inst|lpm_add_sub:lpm_add_sub_component
 18. Parameter Settings for User Entity Instance: master_device:inst5|lpm_constant4:inst1|lpm_constant:lpm_constant_component
 19. Parameter Settings for User Entity Instance: master_device:inst5|lpm_counter0:inst13|lpm_counter:lpm_counter_component
 20. Parameter Settings for User Entity Instance: master_device:inst5|lpm_bustri1:inst9|lpm_bustri:lpm_bustri_component
 21. Parameter Settings for User Entity Instance: master_device:inst5|lpm_compare0:inst6|lpm_compare:lpm_compare_component
 22. Parameter Settings for User Entity Instance: master_device:inst5|lpm_add_sub1:inst4|lpm_add_sub:lpm_add_sub_component
 23. Parameter Settings for User Entity Instance: master_device:inst5|lpm_constant1:inst5|lpm_constant:lpm_constant_component
 24. Parameter Settings for User Entity Instance: master_device:inst5|lpm_add_sub2:inst11|lpm_add_sub:lpm_add_sub_component
 25. Parameter Settings for User Entity Instance: master_device:inst5|lpm_counter5:inst10|lpm_counter:lpm_counter_component
 26. Parameter Settings for User Entity Instance: master_device:inst5|lpm_bustri0:inst8|lpm_bustri:lpm_bustri_component
 27. Parameter Settings for User Entity Instance: master_device:inst5|lpm_dff0:inst19|lpm_ff:lpm_ff_component
 28. Parameter Settings for User Entity Instance: master_device:inst4|lpm_compare0:inst2|lpm_compare:lpm_compare_component
 29. Parameter Settings for User Entity Instance: master_device:inst4|lpm_add_sub0:inst|lpm_add_sub:lpm_add_sub_component
 30. Parameter Settings for User Entity Instance: master_device:inst4|lpm_constant4:inst1|lpm_constant:lpm_constant_component
 31. Parameter Settings for User Entity Instance: master_device:inst4|lpm_counter0:inst13|lpm_counter:lpm_counter_component
 32. Parameter Settings for User Entity Instance: master_device:inst4|lpm_bustri1:inst9|lpm_bustri:lpm_bustri_component
 33. Parameter Settings for User Entity Instance: master_device:inst4|lpm_compare0:inst6|lpm_compare:lpm_compare_component
 34. Parameter Settings for User Entity Instance: master_device:inst4|lpm_add_sub1:inst4|lpm_add_sub:lpm_add_sub_component
 35. Parameter Settings for User Entity Instance: master_device:inst4|lpm_constant1:inst5|lpm_constant:lpm_constant_component
 36. Parameter Settings for User Entity Instance: master_device:inst4|lpm_add_sub2:inst11|lpm_add_sub:lpm_add_sub_component
 37. Parameter Settings for User Entity Instance: master_device:inst4|lpm_counter5:inst10|lpm_counter:lpm_counter_component
 38. Parameter Settings for User Entity Instance: master_device:inst4|lpm_bustri0:inst8|lpm_bustri:lpm_bustri_component
 39. Parameter Settings for User Entity Instance: master_device:inst4|lpm_dff0:inst19|lpm_ff:lpm_ff_component
 40. Parameter Settings for User Entity Instance: master_device:inst2|lpm_compare0:inst2|lpm_compare:lpm_compare_component
 41. Parameter Settings for User Entity Instance: master_device:inst2|lpm_add_sub0:inst|lpm_add_sub:lpm_add_sub_component
 42. Parameter Settings for User Entity Instance: master_device:inst2|lpm_constant4:inst1|lpm_constant:lpm_constant_component
 43. Parameter Settings for User Entity Instance: master_device:inst2|lpm_counter0:inst13|lpm_counter:lpm_counter_component
 44. Parameter Settings for User Entity Instance: master_device:inst2|lpm_bustri1:inst9|lpm_bustri:lpm_bustri_component
 45. Parameter Settings for User Entity Instance: master_device:inst2|lpm_compare0:inst6|lpm_compare:lpm_compare_component
 46. Parameter Settings for User Entity Instance: master_device:inst2|lpm_add_sub1:inst4|lpm_add_sub:lpm_add_sub_component
 47. Parameter Settings for User Entity Instance: master_device:inst2|lpm_constant1:inst5|lpm_constant:lpm_constant_component
 48. Parameter Settings for User Entity Instance: master_device:inst2|lpm_add_sub2:inst11|lpm_add_sub:lpm_add_sub_component
 49. Parameter Settings for User Entity Instance: master_device:inst2|lpm_counter5:inst10|lpm_counter:lpm_counter_component
 50. Parameter Settings for User Entity Instance: master_device:inst2|lpm_bustri0:inst8|lpm_bustri:lpm_bustri_component
 51. Parameter Settings for User Entity Instance: master_device:inst2|lpm_dff0:inst19|lpm_ff:lpm_ff_component
 52. Parameter Settings for User Entity Instance: lpm_constant1:inst20|lpm_constant:lpm_constant_component
 53. Parameter Settings for User Entity Instance: lpm_constant2:inst22|lpm_constant:lpm_constant_component
 54. Parameter Settings for User Entity Instance: lpm_constant3:inst23|lpm_constant:lpm_constant_component
 55. Parameter Settings for User Entity Instance: slave_device:inst11|lpm_dff1:inst|lpm_ff:lpm_ff_component
 56. Parameter Settings for User Entity Instance: lpm_decode1:inst26|lpm_decode:lpm_decode_component
 57. Parameter Settings for User Entity Instance: slave_device:inst12|lpm_dff1:inst|lpm_ff:lpm_ff_component
 58. Parameter Settings for User Entity Instance: slave_device:inst13|lpm_dff1:inst|lpm_ff:lpm_ff_component
 59. Parameter Settings for User Entity Instance: slave_device:inst14|lpm_dff1:inst|lpm_ff:lpm_ff_component
 60. Parameter Settings for User Entity Instance: slave_device:inst17|lpm_dff1:inst|lpm_ff:lpm_ff_component
 61. Analysis & Synthesis Messages



----------------
; Legal Notice ;
----------------
Copyright (C) 1991-2009 Altera Corporation
Your use of Altera Corporation's design tools, logic functions 
and other software and tools, and its AMPP partner logic 
functions, and any output files from any of the foregoing 
(including device programming or simulation files), and any 
associated documentation or information are expressly subject 
to the terms and conditions of the Altera Program License 
Subscription Agreement, Altera MegaCore Function License 
Agreement, or other applicable license agreement, including, 
without limitation, that your use is for the sole purpose of 
programming logic devices manufactured by Altera and sold by 
Altera or its authorized distributors.  Please refer to the 
applicable agreement for further details.



+-------------------------------------------------------------------------+
; Analysis & Synthesis Summary                                            ;
+-------------------------------+-----------------------------------------+
; Analysis & Synthesis Status   ; Successful - Fri Mar 21 14:08:40 2025   ;
; Quartus II Version            ; 9.1 Build 222 10/21/2009 SJ Web Edition ;
; Revision Name                 ; lab7var2                                ;
; Top-level Entity Name         ; lab7var2                                ;
; Family                        ; Stratix II                              ;
; Logic utilization             ; N/A                                     ;
;     Combinational ALUTs       ; 127                                     ;
;     Dedicated logic registers ; 97                                      ;
; Total registers               ; 97                                      ;
; Total pins                    ; 58                                      ;
; Total virtual pins            ; 0                                       ;
; Total block memory bits       ; 0                                       ;
; DSP block 9-bit elements      ; 0                                       ;
; Total PLLs                    ; 0                                       ;
; Total DLLs                    ; 0                                       ;
+-------------------------------+-----------------------------------------+


+----------------------------------------------------------------------------------------------------------------------+
; Analysis & Synthesis Settings                                                                                        ;
+----------------------------------------------------------------------------+--------------------+--------------------+
; Option                                                                     ; Setting            ; Default Value      ;
+----------------------------------------------------------------------------+--------------------+--------------------+
; Top-level entity name                                                      ; lab7var2           ; lab7var2           ;
; Family name                                                                ; Stratix II         ; Stratix II         ;
; Use Generated Physical Constraints File                                    ; Off                ;                    ;
; Use smart compilation                                                      ; Off                ; Off                ;
; Enable parallel Assembler and TimeQuest Timing Analyzer during compilation ; On                 ; On                 ;
; Enable compact report table                                                ; Off                ; Off                ;
; Restructure Multiplexers                                                   ; Auto               ; Auto               ;
; Create Debugging Nodes for IP Cores                                        ; Off                ; Off                ;
; Preserve fewer node names                                                  ; On                 ; On                 ;
; Disable OpenCore Plus hardware evaluation                                  ; Off                ; Off                ;
; Verilog Version                                                            ; Verilog_2001       ; Verilog_2001       ;
; VHDL Version                                                               ; VHDL_1993          ; VHDL_1993          ;
; State Machine Processing                                                   ; Auto               ; Auto               ;
; Safe State Machine                                                         ; Off                ; Off                ;
; Extract Verilog State Machines                                             ; On                 ; On                 ;
; Extract VHDL State Machines                                                ; On                 ; On                 ;
; Ignore Verilog initial constructs                                          ; Off                ; Off                ;
; Iteration limit for constant Verilog loops                                 ; 5000               ; 5000               ;
; Iteration limit for non-constant Verilog loops                             ; 250                ; 250                ;
; Add Pass-Through Logic to Inferred RAMs                                    ; On                 ; On                 ;
; Parallel Synthesis                                                         ; On                 ; On                 ;
; DSP Block Balancing                                                        ; Auto               ; Auto               ;
; NOT Gate Push-Back                                                         ; On                 ; On                 ;
; Power-Up Don't Care                                                        ; On                 ; On                 ;
; Remove Redundant Logic Cells                                               ; Off                ; Off                ;
; Remove Duplicate Registers                                                 ; On                 ; On                 ;
; Ignore CARRY Buffers                                                       ; Off                ; Off                ;
; Ignore CASCADE Buffers                                                     ; Off                ; Off                ;
; Ignore GLOBAL Buffers                                                      ; Off                ; Off                ;
; Ignore ROW GLOBAL Buffers                                                  ; Off                ; Off                ;
; Ignore LCELL Buffers                                                       ; Off                ; Off                ;
; Ignore SOFT Buffers                                                        ; On                 ; On                 ;
; Limit AHDL Integers to 32 Bits                                             ; Off                ; Off                ;
; Optimization Technique                                                     ; Balanced           ; Balanced           ;
; Carry Chain Length                                                         ; 70                 ; 70                 ;
; Auto Carry Chains                                                          ; On                 ; On                 ;
; Auto Open-Drain Pins                                                       ; On                 ; On                 ;
; Perform WYSIWYG Primitive Resynthesis                                      ; Off                ; Off                ;
; Auto ROM Replacement                                                       ; On                 ; On                 ;
; Auto RAM Replacement                                                       ; On                 ; On                 ;
; Auto DSP Block Replacement                                                 ; On                 ; On                 ;
; Auto Shift Register Replacement                                            ; Auto               ; Auto               ;
; Auto Clock Enable Replacement                                              ; On                 ; On                 ;
; Strict RAM Replacement                                                     ; Off                ; Off                ;
; Allow Synchronous Control Signals                                          ; On                 ; On                 ;
; Force Use of Synchronous Clear Signals                                     ; Off                ; Off                ;
; Auto RAM Block Balancing                                                   ; On                 ; On                 ;
; Auto RAM to Logic Cell Conversion                                          ; Off                ; Off                ;
; Auto Resource Sharing                                                      ; Off                ; Off                ;
; Allow Any RAM Size For Recognition                                         ; Off                ; Off                ;
; Allow Any ROM Size For Recognition                                         ; Off                ; Off                ;
; Allow Any Shift Register Size For Recognition                              ; Off                ; Off                ;
; Use LogicLock Constraints during Resource Balancing                        ; On                 ; On                 ;
; Ignore translate_off and synthesis_off directives                          ; Off                ; Off                ;
; Timing-Driven Synthesis                                                    ; Off                ; Off                ;
; Show Parameter Settings Tables in Synthesis Report                         ; On                 ; On                 ;
; Ignore Maximum Fan-Out Assignments                                         ; Off                ; Off                ;
; Synchronization Register Chain Length                                      ; 2                  ; 2                  ;
; PowerPlay Power Optimization                                               ; Normal compilation ; Normal compilation ;
; HDL message level                                                          ; Level2             ; Level2             ;
; Suppress Register Optimization Related Messages                            ; Off                ; Off                ;
; Number of Removed Registers Reported in Synthesis Report                   ; 100                ; 100                ;
; Number of Inverted Registers Reported in Synthesis Report                  ; 100                ; 100                ;
; Clock MUX Protection                                                       ; On                 ; On                 ;
; Auto Gated Clock Conversion                                                ; Off                ; Off                ;
; Block Design Naming                                                        ; Auto               ; Auto               ;
; SDC constraint protection                                                  ; Off                ; Off                ;
; Synthesis Effort                                                           ; Auto               ; Auto               ;
; Shift Register Replacement - Allow Asynchronous Clear Signal               ; On                 ; On                 ;
; Analysis & Synthesis Message Level                                         ; Medium             ; Medium             ;
; Disable Register Merging Across Hierarchies                                ; Auto               ; Auto               ;
; Resource Aware Inference For Block RAM                                     ; On                 ; On                 ;
+----------------------------------------------------------------------------+--------------------+--------------------+


Parallel compilation was disabled, but you have multiple processors available. Enable parallel compilation to reduce compilation time.
+-------------------------------------+
; Parallel Compilation                ;
+----------------------------+--------+
; Processors                 ; Number ;
+----------------------------+--------+
; Number detected on machine ; 8      ;
; Maximum allowed            ; 1      ;
+----------------------------+--------+


+----------------------------------------------------------------------------------------------------------------------------------------------------------------+
; Analysis & Synthesis Source Files Read                                                                                                                         ;
+----------------------------------+-----------------+------------------------------------+----------------------------------------------------------------------+
; File Name with User-Entered Path ; Used in Netlist ; File Type                          ; File Name with Absolute Path                                         ;
+----------------------------------+-----------------+------------------------------------+----------------------------------------------------------------------+
; lpm_bustri0.tdf                  ; yes             ; User Wizard-Generated File         ; C:/Users/dw800/YandexDisk/6TERM/—Ë‘Œ/lab7.1/lpm_bustri0.tdf          ;
; lpm_bustri1.tdf                  ; yes             ; User Wizard-Generated File         ; C:/Users/dw800/YandexDisk/6TERM/—Ë‘Œ/lab7.1/lpm_bustri1.tdf          ;
; lpm_constant1.tdf                ; yes             ; User Wizard-Generated File         ; C:/Users/dw800/YandexDisk/6TERM/—Ë‘Œ/lab7.1/lpm_constant1.tdf        ;
; lpm_constant2.tdf                ; yes             ; User Wizard-Generated File         ; C:/Users/dw800/YandexDisk/6TERM/—Ë‘Œ/lab7.1/lpm_constant2.tdf        ;
; lpm_constant3.tdf                ; yes             ; User Wizard-Generated File         ; C:/Users/dw800/YandexDisk/6TERM/—Ë‘Œ/lab7.1/lpm_constant3.tdf        ;
; lpm_constant4.tdf                ; yes             ; User Wizard-Generated File         ; C:/Users/dw800/YandexDisk/6TERM/—Ë‘Œ/lab7.1/lpm_constant4.tdf        ;
; lpm_counter0.tdf                 ; yes             ; User Wizard-Generated File         ; C:/Users/dw800/YandexDisk/6TERM/—Ë‘Œ/lab7.1/lpm_counter0.tdf         ;
; lpm_decode1.tdf                  ; yes             ; User Wizard-Generated File         ; C:/Users/dw800/YandexDisk/6TERM/—Ë‘Œ/lab7.1/lpm_decode1.tdf          ;
; lpm_dff0.tdf                     ; yes             ; User Wizard-Generated File         ; C:/Users/dw800/YandexDisk/6TERM/—Ë‘Œ/lab7.1/lpm_dff0.tdf             ;
; lpm_dff1.tdf                     ; yes             ; User Wizard-Generated File         ; C:/Users/dw800/YandexDisk/6TERM/—Ë‘Œ/lab7.1/lpm_dff1.tdf             ;
; lab7var2.bdf                     ; yes             ; User Block Diagram/Schematic File  ; C:/Users/dw800/YandexDisk/6TERM/—Ë‘Œ/lab7.1/lab7var2.bdf             ;
; arbitr.bdf                       ; yes             ; User Block Diagram/Schematic File  ; C:/Users/dw800/YandexDisk/6TERM/—Ë‘Œ/lab7.1/arbitr.bdf               ;
; master_device.bdf                ; yes             ; User Block Diagram/Schematic File  ; C:/Users/dw800/YandexDisk/6TERM/—Ë‘Œ/lab7.1/master_device.bdf        ;
; slave_device.bdf                 ; yes             ; User Block Diagram/Schematic File  ; C:/Users/dw800/YandexDisk/6TERM/—Ë‘Œ/lab7.1/slave_device.bdf         ;
; lpm_bustri.inc                   ; yes             ; Auto-Found AHDL File               ; c:/programs/quartus/quartus/libraries/megafunctions/lpm_bustri.inc   ;
; lpm_constant.inc                 ; yes             ; Megafunction                       ; c:/programs/quartus/quartus/libraries/megafunctions/lpm_constant.inc ;
; lpm_counter.inc                  ; yes             ; Megafunction                       ; c:/programs/quartus/quartus/libraries/megafunctions/lpm_counter.inc  ;
; lpm_decode.inc                   ; yes             ; Megafunction                       ; c:/programs/quartus/quartus/libraries/megafunctions/lpm_decode.inc   ;
; lpm_ff.inc                       ; yes             ; Auto-Found AHDL File               ; c:/programs/quartus/quartus/libraries/megafunctions/lpm_ff.inc       ;
; lpm_compare0.tdf                 ; yes             ; Auto-Found Wizard-Generated File   ; C:/Users/dw800/YandexDisk/6TERM/—Ë‘Œ/lab7.1/lpm_compare0.tdf         ;
; lpm_compare.inc                  ; yes             ; Megafunction                       ; c:/programs/quartus/quartus/libraries/megafunctions/lpm_compare.inc  ;
; lpm_compare.tdf                  ; yes             ; Megafunction                       ; c:/programs/quartus/quartus/libraries/megafunctions/lpm_compare.tdf  ;
; db/cmpr_fig.tdf                  ; yes             ; Auto-Generated Megafunction        ; C:/Users/dw800/YandexDisk/6TERM/—Ë‘Œ/lab7.1/db/cmpr_fig.tdf          ;
; lpm_add_sub0.tdf                 ; yes             ; Auto-Found Wizard-Generated File   ; C:/Users/dw800/YandexDisk/6TERM/—Ë‘Œ/lab7.1/lpm_add_sub0.tdf         ;
; lpm_add_sub.inc                  ; yes             ; Megafunction                       ; c:/programs/quartus/quartus/libraries/megafunctions/lpm_add_sub.inc  ;
; lpm_add_sub.tdf                  ; yes             ; Megafunction                       ; c:/programs/quartus/quartus/libraries/megafunctions/lpm_add_sub.tdf  ;
; db/add_sub_elh.tdf               ; yes             ; Auto-Generated Megafunction        ; C:/Users/dw800/YandexDisk/6TERM/—Ë‘Œ/lab7.1/db/add_sub_elh.tdf       ;
; lpm_constant.tdf                 ; yes             ; Megafunction                       ; c:/programs/quartus/quartus/libraries/megafunctions/lpm_constant.tdf ;
; lpm_counter.tdf                  ; yes             ; Megafunction                       ; c:/programs/quartus/quartus/libraries/megafunctions/lpm_counter.tdf  ;
; db/cntr_coi.tdf                  ; yes             ; Auto-Generated Megafunction        ; C:/Users/dw800/YandexDisk/6TERM/—Ë‘Œ/lab7.1/db/cntr_coi.tdf          ;
; lpm_bustri.tdf                   ; yes             ; Megafunction                       ; c:/programs/quartus/quartus/libraries/megafunctions/lpm_bustri.tdf   ;
; lpm_add_sub1.tdf                 ; yes             ; Auto-Found Wizard-Generated File   ; C:/Users/dw800/YandexDisk/6TERM/—Ë‘Œ/lab7.1/lpm_add_sub1.tdf         ;
; db/add_sub_fmh.tdf               ; yes             ; Auto-Generated Megafunction        ; C:/Users/dw800/YandexDisk/6TERM/—Ë‘Œ/lab7.1/db/add_sub_fmh.tdf       ;
; lpm_add_sub2.tdf                 ; yes             ; Auto-Found Wizard-Generated File   ; C:/Users/dw800/YandexDisk/6TERM/—Ë‘Œ/lab7.1/lpm_add_sub2.tdf         ;
; db/add_sub_9lh.tdf               ; yes             ; Auto-Generated Megafunction        ; C:/Users/dw800/YandexDisk/6TERM/—Ë‘Œ/lab7.1/db/add_sub_9lh.tdf       ;
; lpm_counter5.tdf                 ; yes             ; Auto-Found Wizard-Generated File   ; C:/Users/dw800/YandexDisk/6TERM/—Ë‘Œ/lab7.1/lpm_counter5.tdf         ;
; db/cntr_vvi.tdf                  ; yes             ; Auto-Generated Megafunction        ; C:/Users/dw800/YandexDisk/6TERM/—Ë‘Œ/lab7.1/db/cntr_vvi.tdf          ;
; db/cmpr_edc.tdf                  ; yes             ; Auto-Generated Megafunction        ; C:/Users/dw800/YandexDisk/6TERM/—Ë‘Œ/lab7.1/db/cmpr_edc.tdf          ;
; lpm_ff.tdf                       ; yes             ; Megafunction                       ; c:/programs/quartus/quartus/libraries/megafunctions/lpm_ff.tdf       ;
; lpm_decode.tdf                   ; yes             ; Megafunction                       ; c:/programs/quartus/quartus/libraries/megafunctions/lpm_decode.tdf   ;
; db/decode_u7f.tdf                ; yes             ; Auto-Generated Megafunction        ; C:/Users/dw800/YandexDisk/6TERM/—Ë‘Œ/lab7.1/db/decode_u7f.tdf        ;
+----------------------------------+-----------------+------------------------------------+----------------------------------------------------------------------+


+---------------------------------------------------------------------------------------------------------------------------------+
; Analysis & Synthesis Resource Usage Summary                                                                                     ;
+-----------------------------------------------+---------------------------------------------------------------------------------+
; Resource                                      ; Usage                                                                           ;
+-----------------------------------------------+---------------------------------------------------------------------------------+
; Estimated ALUTs Used                          ; 127                                                                             ;
; Dedicated logic registers                     ; 97                                                                              ;
;                                               ;                                                                                 ;
; Estimated ALUTs Unavailable                   ; 0                                                                               ;
;                                               ;                                                                                 ;
; Total combinational functions                 ; 127                                                                             ;
; Combinational ALUT usage by number of inputs  ;                                                                                 ;
;     -- 7 input functions                      ; 0                                                                               ;
;     -- 6 input functions                      ; 6                                                                               ;
;     -- 5 input functions                      ; 19                                                                              ;
;     -- 4 input functions                      ; 6                                                                               ;
;     -- <=3 input functions                    ; 96                                                                              ;
;                                               ;                                                                                 ;
; Combinational ALUTs by mode                   ;                                                                                 ;
;     -- normal mode                            ; 76                                                                              ;
;     -- extended LUT mode                      ; 0                                                                               ;
;     -- arithmetic mode                        ; 51                                                                              ;
;     -- shared arithmetic mode                 ; 0                                                                               ;
;                                               ;                                                                                 ;
; Estimated ALUT/register pairs used            ; 135                                                                             ;
;                                               ;                                                                                 ;
; Total registers                               ; 97                                                                              ;
;     -- Dedicated logic registers              ; 97                                                                              ;
;     -- I/O registers                          ; 0                                                                               ;
;                                               ;                                                                                 ;
; Estimated ALMs:  partially or completely used ; 68                                                                              ;
;                                               ;                                                                                 ;
; I/O pins                                      ; 58                                                                              ;
; Maximum fan-out node                          ; master_device:inst4|lpm_bustri1:inst9|lpm_bustri:lpm_bustri_component|dout[2]~5 ;
; Maximum fan-out                               ; 46                                                                              ;
; Total fan-out                                 ; 664                                                                             ;
; Average fan-out                               ; 2.35                                                                            ;
+-----------------------------------------------+---------------------------------------------------------------------------------+


+------------------------------------------------------------------------------------------------------------------------------------------------------------------------------------------------------------------------------------------------------------------------------------------------------------------------+
; Analysis & Synthesis Resource Utilization by Entity                                                                                                                                                                                                                                                                    ;
+----------------------------------------------+-------------------+--------------+-------------------+--------------+---------+-----------+-----------+------+--------------+----------------------------------------------------------------------------------------------------------------------------+--------------+
; Compilation Hierarchy Node                   ; LC Combinationals ; LC Registers ; Block Memory Bits ; DSP Elements ; DSP 9x9 ; DSP 18x18 ; DSP 36x36 ; Pins ; Virtual Pins ; Full Hierarchy Name                                                                                                        ; Library Name ;
+----------------------------------------------+-------------------+--------------+-------------------+--------------+---------+-----------+-----------+------+--------------+----------------------------------------------------------------------------------------------------------------------------+--------------+
; |lab7var2                                    ; 127 (4)           ; 97 (0)       ; 0                 ; 0            ; 0       ; 0         ; 0         ; 58   ; 0            ; |lab7var2                                                                                                                  ; work         ;
;    |arbitr:inst|                             ; 1 (1)             ; 1 (1)        ; 0                 ; 0            ; 0       ; 0         ; 0         ; 0    ; 0            ; |lab7var2|arbitr:inst                                                                                                      ;              ;
;    |master_device:inst2|                     ; 28 (5)            ; 19 (3)       ; 0                 ; 0            ; 0       ; 0         ; 0         ; 0    ; 0            ; |lab7var2|master_device:inst2                                                                                              ; work         ;
;       |lpm_add_sub2:inst11|                  ; 1 (0)             ; 0 (0)        ; 0                 ; 0            ; 0       ; 0         ; 0         ; 0    ; 0            ; |lab7var2|master_device:inst2|lpm_add_sub2:inst11                                                                          ; work         ;
;          |lpm_add_sub:lpm_add_sub_component| ; 1 (0)             ; 0 (0)        ; 0                 ; 0            ; 0       ; 0         ; 0         ; 0    ; 0            ; |lab7var2|master_device:inst2|lpm_add_sub2:inst11|lpm_add_sub:lpm_add_sub_component                                        ; work         ;
;             |add_sub_9lh:auto_generated|     ; 1 (1)             ; 0 (0)        ; 0                 ; 0            ; 0       ; 0         ; 0         ; 0    ; 0            ; |lab7var2|master_device:inst2|lpm_add_sub2:inst11|lpm_add_sub:lpm_add_sub_component|add_sub_9lh:auto_generated             ; work         ;
;       |lpm_compare0:inst2|                   ; 2 (0)             ; 0 (0)        ; 0                 ; 0            ; 0       ; 0         ; 0         ; 0    ; 0            ; |lab7var2|master_device:inst2|lpm_compare0:inst2                                                                           ; work         ;
;          |lpm_compare:lpm_compare_component| ; 2 (0)             ; 0 (0)        ; 0                 ; 0            ; 0       ; 0         ; 0         ; 0    ; 0            ; |lab7var2|master_device:inst2|lpm_compare0:inst2|lpm_compare:lpm_compare_component                                         ; work         ;
;             |cmpr_fig:auto_generated|        ; 2 (2)             ; 0 (0)        ; 0                 ; 0            ; 0       ; 0         ; 0         ; 0    ; 0            ; |lab7var2|master_device:inst2|lpm_compare0:inst2|lpm_compare:lpm_compare_component|cmpr_fig:auto_generated                 ; work         ;
;       |lpm_compare0:inst6|                   ; 1 (0)             ; 0 (0)        ; 0                 ; 0            ; 0       ; 0         ; 0         ; 0    ; 0            ; |lab7var2|master_device:inst2|lpm_compare0:inst6                                                                           ; work         ;
;          |lpm_compare:lpm_compare_component| ; 1 (0)             ; 0 (0)        ; 0                 ; 0            ; 0       ; 0         ; 0         ; 0    ; 0            ; |lab7var2|master_device:inst2|lpm_compare0:inst6|lpm_compare:lpm_compare_component                                         ; work         ;
;             |cmpr_fig:auto_generated|        ; 1 (1)             ; 0 (0)        ; 0                 ; 0            ; 0       ; 0         ; 0         ; 0    ; 0            ; |lab7var2|master_device:inst2|lpm_compare0:inst6|lpm_compare:lpm_compare_component|cmpr_fig:auto_generated                 ; work         ;
;       |lpm_counter0:inst13|                  ; 8 (0)             ; 8 (0)        ; 0                 ; 0            ; 0       ; 0         ; 0         ; 0    ; 0            ; |lab7var2|master_device:inst2|lpm_counter0:inst13                                                                          ; work         ;
;          |lpm_counter:lpm_counter_component| ; 8 (0)             ; 8 (0)        ; 0                 ; 0            ; 0       ; 0         ; 0         ; 0    ; 0            ; |lab7var2|master_device:inst2|lpm_counter0:inst13|lpm_counter:lpm_counter_component                                        ; work         ;
;             |cntr_coi:auto_generated|        ; 8 (8)             ; 8 (8)        ; 0                 ; 0            ; 0       ; 0         ; 0         ; 0    ; 0            ; |lab7var2|master_device:inst2|lpm_counter0:inst13|lpm_counter:lpm_counter_component|cntr_coi:auto_generated                ; work         ;
;       |lpm_counter5:inst10|                  ; 11 (0)            ; 8 (0)        ; 0                 ; 0            ; 0       ; 0         ; 0         ; 0    ; 0            ; |lab7var2|master_device:inst2|lpm_counter5:inst10                                                                          ; work         ;
;          |lpm_counter:lpm_counter_component| ; 11 (0)            ; 8 (0)        ; 0                 ; 0            ; 0       ; 0         ; 0         ; 0    ; 0            ; |lab7var2|master_device:inst2|lpm_counter5:inst10|lpm_counter:lpm_counter_component                                        ; work         ;
;             |cntr_vvi:auto_generated|        ; 11 (10)           ; 8 (8)        ; 0                 ; 0            ; 0       ; 0         ; 0         ; 0    ; 0            ; |lab7var2|master_device:inst2|lpm_counter5:inst10|lpm_counter:lpm_counter_component|cntr_vvi:auto_generated                ; work         ;
;                |cmpr_edc:cmpr2|              ; 1 (1)             ; 0 (0)        ; 0                 ; 0            ; 0       ; 0         ; 0         ; 0    ; 0            ; |lab7var2|master_device:inst2|lpm_counter5:inst10|lpm_counter:lpm_counter_component|cntr_vvi:auto_generated|cmpr_edc:cmpr2 ; work         ;
;    |master_device:inst4|                     ; 34 (5)            ; 19 (3)       ; 0                 ; 0            ; 0       ; 0         ; 0         ; 0    ; 0            ; |lab7var2|master_device:inst4                                                                                              ; work         ;
;       |lpm_bustri1:inst9|                    ; 7 (0)             ; 0 (0)        ; 0                 ; 0            ; 0       ; 0         ; 0         ; 0    ; 0            ; |lab7var2|master_device:inst4|lpm_bustri1:inst9                                                                            ; work         ;
;          |lpm_bustri:lpm_bustri_component|   ; 7 (7)             ; 0 (0)        ; 0                 ; 0            ; 0       ; 0         ; 0         ; 0    ; 0            ; |lab7var2|master_device:inst4|lpm_bustri1:inst9|lpm_bustri:lpm_bustri_component                                            ; work         ;
;       |lpm_compare0:inst2|                   ; 2 (0)             ; 0 (0)        ; 0                 ; 0            ; 0       ; 0         ; 0         ; 0    ; 0            ; |lab7var2|master_device:inst4|lpm_compare0:inst2                                                                           ; work         ;
;          |lpm_compare:lpm_compare_component| ; 2 (0)             ; 0 (0)        ; 0                 ; 0            ; 0       ; 0         ; 0         ; 0    ; 0            ; |lab7var2|master_device:inst4|lpm_compare0:inst2|lpm_compare:lpm_compare_component                                         ; work         ;
;             |cmpr_fig:auto_generated|        ; 2 (2)             ; 0 (0)        ; 0                 ; 0            ; 0       ; 0         ; 0         ; 0    ; 0            ; |lab7var2|master_device:inst4|lpm_compare0:inst2|lpm_compare:lpm_compare_component|cmpr_fig:auto_generated                 ; work         ;
;       |lpm_compare0:inst6|                   ; 1 (0)             ; 0 (0)        ; 0                 ; 0            ; 0       ; 0         ; 0         ; 0    ; 0            ; |lab7var2|master_device:inst4|lpm_compare0:inst6                                                                           ; work         ;
;          |lpm_compare:lpm_compare_component| ; 1 (0)             ; 0 (0)        ; 0                 ; 0            ; 0       ; 0         ; 0         ; 0    ; 0            ; |lab7var2|master_device:inst4|lpm_compare0:inst6|lpm_compare:lpm_compare_component                                         ; work         ;
;             |cmpr_fig:auto_generated|        ; 1 (1)             ; 0 (0)        ; 0                 ; 0            ; 0       ; 0         ; 0         ; 0    ; 0            ; |lab7var2|master_device:inst4|lpm_compare0:inst6|lpm_compare:lpm_compare_component|cmpr_fig:auto_generated                 ; work         ;
;       |lpm_counter0:inst13|                  ; 8 (0)             ; 8 (0)        ; 0                 ; 0            ; 0       ; 0         ; 0         ; 0    ; 0            ; |lab7var2|master_device:inst4|lpm_counter0:inst13                                                                          ; work         ;
;          |lpm_counter:lpm_counter_component| ; 8 (0)             ; 8 (0)        ; 0                 ; 0            ; 0       ; 0         ; 0         ; 0    ; 0            ; |lab7var2|master_device:inst4|lpm_counter0:inst13|lpm_counter:lpm_counter_component                                        ; work         ;
;             |cntr_coi:auto_generated|        ; 8 (8)             ; 8 (8)        ; 0                 ; 0            ; 0       ; 0         ; 0         ; 0    ; 0            ; |lab7var2|master_device:inst4|lpm_counter0:inst13|lpm_counter:lpm_counter_component|cntr_coi:auto_generated                ; work         ;
;       |lpm_counter5:inst10|                  ; 11 (0)            ; 8 (0)        ; 0                 ; 0            ; 0       ; 0         ; 0         ; 0    ; 0            ; |lab7var2|master_device:inst4|lpm_counter5:inst10                                                                          ; work         ;
;          |lpm_counter:lpm_counter_component| ; 11 (0)            ; 8 (0)        ; 0                 ; 0            ; 0       ; 0         ; 0         ; 0    ; 0            ; |lab7var2|master_device:inst4|lpm_counter5:inst10|lpm_counter:lpm_counter_component                                        ; work         ;
;             |cntr_vvi:auto_generated|        ; 11 (10)           ; 8 (8)        ; 0                 ; 0            ; 0       ; 0         ; 0         ; 0    ; 0            ; |lab7var2|master_device:inst4|lpm_counter5:inst10|lpm_counter:lpm_counter_component|cntr_vvi:auto_generated                ; work         ;
;                |cmpr_edc:cmpr2|              ; 1 (1)             ; 0 (0)        ; 0                 ; 0            ; 0       ; 0         ; 0         ; 0    ; 0            ; |lab7var2|master_device:inst4|lpm_counter5:inst10|lpm_counter:lpm_counter_component|cntr_vvi:auto_generated|cmpr_edc:cmpr2 ; work         ;
;    |master_device:inst5|                     ; 25 (4)            ; 18 (2)       ; 0                 ; 0            ; 0       ; 0         ; 0         ; 0    ; 0            ; |lab7var2|master_device:inst5                                                                                              ; work         ;
;       |lpm_compare0:inst2|                   ; 2 (0)             ; 0 (0)        ; 0                 ; 0            ; 0       ; 0         ; 0         ; 0    ; 0            ; |lab7var2|master_device:inst5|lpm_compare0:inst2                                                                           ; work         ;
;          |lpm_compare:lpm_compare_component| ; 2 (0)             ; 0 (0)        ; 0                 ; 0            ; 0       ; 0         ; 0         ; 0    ; 0            ; |lab7var2|master_device:inst5|lpm_compare0:inst2|lpm_compare:lpm_compare_component                                         ; work         ;
;             |cmpr_fig:auto_generated|        ; 2 (2)             ; 0 (0)        ; 0                 ; 0            ; 0       ; 0         ; 0         ; 0    ; 0            ; |lab7var2|master_device:inst5|lpm_compare0:inst2|lpm_compare:lpm_compare_component|cmpr_fig:auto_generated                 ; work         ;
;       |lpm_counter0:inst13|                  ; 8 (0)             ; 8 (0)        ; 0                 ; 0            ; 0       ; 0         ; 0         ; 0    ; 0            ; |lab7var2|master_device:inst5|lpm_counter0:inst13                                                                          ; work         ;
;          |lpm_counter:lpm_counter_component| ; 8 (0)             ; 8 (0)        ; 0                 ; 0            ; 0       ; 0         ; 0         ; 0    ; 0            ; |lab7var2|master_device:inst5|lpm_counter0:inst13|lpm_counter:lpm_counter_component                                        ; work         ;
;             |cntr_coi:auto_generated|        ; 8 (8)             ; 8 (8)        ; 0                 ; 0            ; 0       ; 0         ; 0         ; 0    ; 0            ; |lab7var2|master_device:inst5|lpm_counter0:inst13|lpm_counter:lpm_counter_component|cntr_coi:auto_generated                ; work         ;
;       |lpm_counter5:inst10|                  ; 11 (0)            ; 8 (0)        ; 0                 ; 0            ; 0       ; 0         ; 0         ; 0    ; 0            ; |lab7var2|master_device:inst5|lpm_counter5:inst10                                                                          ; work         ;
;          |lpm_counter:lpm_counter_component| ; 11 (0)            ; 8 (0)        ; 0                 ; 0            ; 0       ; 0         ; 0         ; 0    ; 0            ; |lab7var2|master_device:inst5|lpm_counter5:inst10|lpm_counter:lpm_counter_component                                        ; work         ;
;             |cntr_vvi:auto_generated|        ; 11 (10)           ; 8 (8)        ; 0                 ; 0            ; 0       ; 0         ; 0         ; 0    ; 0            ; |lab7var2|master_device:inst5|lpm_counter5:inst10|lpm_counter:lpm_counter_component|cntr_vvi:auto_generated                ; work         ;
;                |cmpr_edc:cmpr2|              ; 1 (1)             ; 0 (0)        ; 0                 ; 0            ; 0       ; 0         ; 0         ; 0    ; 0            ; |lab7var2|master_device:inst5|lpm_counter5:inst10|lpm_counter:lpm_counter_component|cntr_vvi:auto_generated|cmpr_edc:cmpr2 ; work         ;
;    |slave_device:inst11|                     ; 7 (1)             ; 8 (0)        ; 0                 ; 0            ; 0       ; 0         ; 0         ; 0    ; 0            ; |lab7var2|slave_device:inst11                                                                                              ; work         ;
;       |lpm_dff1:inst|                        ; 6 (0)             ; 8 (0)        ; 0                 ; 0            ; 0       ; 0         ; 0         ; 0    ; 0            ; |lab7var2|slave_device:inst11|lpm_dff1:inst                                                                                ; work         ;
;          |lpm_ff:lpm_ff_component|           ; 6 (6)             ; 8 (8)        ; 0                 ; 0            ; 0       ; 0         ; 0         ; 0    ; 0            ; |lab7var2|slave_device:inst11|lpm_dff1:inst|lpm_ff:lpm_ff_component                                                        ; work         ;
;    |slave_device:inst12|                     ; 7 (1)             ; 8 (0)        ; 0                 ; 0            ; 0       ; 0         ; 0         ; 0    ; 0            ; |lab7var2|slave_device:inst12                                                                                              ; work         ;
;       |lpm_dff1:inst|                        ; 6 (0)             ; 8 (0)        ; 0                 ; 0            ; 0       ; 0         ; 0         ; 0    ; 0            ; |lab7var2|slave_device:inst12|lpm_dff1:inst                                                                                ; work         ;
;          |lpm_ff:lpm_ff_component|           ; 6 (6)             ; 8 (8)        ; 0                 ; 0            ; 0       ; 0         ; 0         ; 0    ; 0            ; |lab7var2|slave_device:inst12|lpm_dff1:inst|lpm_ff:lpm_ff_component                                                        ; work         ;
;    |slave_device:inst13|                     ; 7 (1)             ; 8 (0)        ; 0                 ; 0            ; 0       ; 0         ; 0         ; 0    ; 0            ; |lab7var2|slave_device:inst13                                                                                              ; work         ;
;       |lpm_dff1:inst|                        ; 6 (0)             ; 8 (0)        ; 0                 ; 0            ; 0       ; 0         ; 0         ; 0    ; 0            ; |lab7var2|slave_device:inst13|lpm_dff1:inst                                                                                ; work         ;
;          |lpm_ff:lpm_ff_component|           ; 6 (6)             ; 8 (8)        ; 0                 ; 0            ; 0       ; 0         ; 0         ; 0    ; 0            ; |lab7var2|slave_device:inst13|lpm_dff1:inst|lpm_ff:lpm_ff_component                                                        ; work         ;
;    |slave_device:inst14|                     ; 7 (1)             ; 8 (0)        ; 0                 ; 0            ; 0       ; 0         ; 0         ; 0    ; 0            ; |lab7var2|slave_device:inst14                                                                                              ; work         ;
;       |lpm_dff1:inst|                        ; 6 (0)             ; 8 (0)        ; 0                 ; 0            ; 0       ; 0         ; 0         ; 0    ; 0            ; |lab7var2|slave_device:inst14|lpm_dff1:inst                                                                                ; work         ;
;          |lpm_ff:lpm_ff_component|           ; 6 (6)             ; 8 (8)        ; 0                 ; 0            ; 0       ; 0         ; 0         ; 0    ; 0            ; |lab7var2|slave_device:inst14|lpm_dff1:inst|lpm_ff:lpm_ff_component                                                        ; work         ;
;    |slave_device:inst17|                     ; 7 (1)             ; 8 (0)        ; 0                 ; 0            ; 0       ; 0         ; 0         ; 0    ; 0            ; |lab7var2|slave_device:inst17                                                                                              ; work         ;
;       |lpm_dff1:inst|                        ; 6 (0)             ; 8 (0)        ; 0                 ; 0            ; 0       ; 0         ; 0         ; 0    ; 0            ; |lab7var2|slave_device:inst17|lpm_dff1:inst                                                                                ; work         ;
;          |lpm_ff:lpm_ff_component|           ; 6 (6)             ; 8 (8)        ; 0                 ; 0            ; 0       ; 0         ; 0         ; 0    ; 0            ; |lab7var2|slave_device:inst17|lpm_dff1:inst|lpm_ff:lpm_ff_component                                                        ; work         ;
+----------------------------------------------+-------------------+--------------+-------------------+--------------+---------+-----------+-----------+------+--------------+----------------------------------------------------------------------------------------------------------------------------+--------------+
Note: For table entries with two numbers listed, the numbers in parentheses indicate the number of resources of the given type used by the specific entity alone. The numbers listed outside of parentheses indicate the total resources of the given type used by the specific entity and all of its sub-entities in the hierarchy.


+-----------------------------------------------------------------------------------------------------------------+
; Registers Removed During Synthesis                                                                              ;
+------------------------------------------------------------------------+----------------------------------------+
; Register name                                                          ; Reason for Removal                     ;
+------------------------------------------------------------------------+----------------------------------------+
; master_device:inst2|lpm_dff0:inst19|lpm_ff:lpm_ff_component|dffs[1..7] ; Stuck at GND due to stuck port data_in ;
; master_device:inst2|lpm_dff0:inst19|lpm_ff:lpm_ff_component|dffs[0]    ; Stuck at VCC due to stuck port data_in ;
; master_device:inst4|lpm_dff0:inst19|lpm_ff:lpm_ff_component|dffs[2..7] ; Stuck at GND due to stuck port data_in ;
; master_device:inst4|lpm_dff0:inst19|lpm_ff:lpm_ff_component|dffs[1]    ; Stuck at VCC due to stuck port data_in ;
; master_device:inst4|lpm_dff0:inst19|lpm_ff:lpm_ff_component|dffs[0]    ; Stuck at GND due to stuck port data_in ;
; master_device:inst5|lpm_dff0:inst19|lpm_ff:lpm_ff_component|dffs[2..7] ; Stuck at GND due to stuck port data_in ;
; master_device:inst5|lpm_dff0:inst19|lpm_ff:lpm_ff_component|dffs[0..1] ; Stuck at VCC due to stuck port data_in ;
; Total Number of Removed Registers = 24                                 ;                                        ;
+------------------------------------------------------------------------+----------------------------------------+


+------------------------------------------------------+
; General Register Statistics                          ;
+----------------------------------------------+-------+
; Statistic                                    ; Value ;
+----------------------------------------------+-------+
; Total registers                              ; 97    ;
; Number of registers using Synchronous Clear  ; 0     ;
; Number of registers using Synchronous Load   ; 24    ;
; Number of registers using Asynchronous Clear ; 24    ;
; Number of registers using Asynchronous Load  ; 0     ;
; Number of registers using Clock Enable       ; 24    ;
; Number of registers using Preset             ; 0     ;
+----------------------------------------------+-------+


+--------------------------------------------------------------------------------------------------+
; Source assignments for master_device:inst5|lpm_counter0:inst13|lpm_counter:lpm_counter_component ;
+---------------------------+-------+------+-------------------------------------------------------+
; Assignment                ; Value ; From ; To                                                    ;
+---------------------------+-------+------+-------------------------------------------------------+
; SUPPRESS_DA_RULE_INTERNAL ; a101  ; -    ; -                                                     ;
; SUPPRESS_DA_RULE_INTERNAL ; s102  ; -    ; -                                                     ;
; SUPPRESS_DA_RULE_INTERNAL ; s103  ; -    ; -                                                     ;
+---------------------------+-------+------+-------------------------------------------------------+


+--------------------------------------------------------------------------------------------------+
; Source assignments for master_device:inst5|lpm_counter5:inst10|lpm_counter:lpm_counter_component ;
+---------------------------+-------+------+-------------------------------------------------------+
; Assignment                ; Value ; From ; To                                                    ;
+---------------------------+-------+------+-------------------------------------------------------+
; SUPPRESS_DA_RULE_INTERNAL ; a101  ; -    ; -                                                     ;
; SUPPRESS_DA_RULE_INTERNAL ; s102  ; -    ; -                                                     ;
; SUPPRESS_DA_RULE_INTERNAL ; s103  ; -    ; -                                                     ;
+---------------------------+-------+------+-------------------------------------------------------+


+--------------------------------------------------------------------------------------------------+
; Source assignments for master_device:inst4|lpm_counter0:inst13|lpm_counter:lpm_counter_component ;
+---------------------------+-------+------+-------------------------------------------------------+
; Assignment                ; Value ; From ; To                                                    ;
+---------------------------+-------+------+-------------------------------------------------------+
; SUPPRESS_DA_RULE_INTERNAL ; a101  ; -    ; -                                                     ;
; SUPPRESS_DA_RULE_INTERNAL ; s102  ; -    ; -                                                     ;
; SUPPRESS_DA_RULE_INTERNAL ; s103  ; -    ; -                                                     ;
+---------------------------+-------+------+-------------------------------------------------------+


+--------------------------------------------------------------------------------------------------+
; Source assignments for master_device:inst4|lpm_counter5:inst10|lpm_counter:lpm_counter_component ;
+---------------------------+-------+------+-------------------------------------------------------+
; Assignment                ; Value ; From ; To                                                    ;
+---------------------------+-------+------+-------------------------------------------------------+
; SUPPRESS_DA_RULE_INTERNAL ; a101  ; -    ; -                                                     ;
; SUPPRESS_DA_RULE_INTERNAL ; s102  ; -    ; -                                                     ;
; SUPPRESS_DA_RULE_INTERNAL ; s103  ; -    ; -                                                     ;
+---------------------------+-------+------+-------------------------------------------------------+


+--------------------------------------------------------------------------------------------------+
; Source assignments for master_device:inst2|lpm_counter0:inst13|lpm_counter:lpm_counter_component ;
+---------------------------+-------+------+-------------------------------------------------------+
; Assignment                ; Value ; From ; To                                                    ;
+---------------------------+-------+------+-------------------------------------------------------+
; SUPPRESS_DA_RULE_INTERNAL ; a101  ; -    ; -                                                     ;
; SUPPRESS_DA_RULE_INTERNAL ; s102  ; -    ; -                                                     ;
; SUPPRESS_DA_RULE_INTERNAL ; s103  ; -    ; -                                                     ;
+---------------------------+-------+------+-------------------------------------------------------+


+--------------------------------------------------------------------------------------------------+
; Source assignments for master_device:inst2|lpm_counter5:inst10|lpm_counter:lpm_counter_component ;
+---------------------------+-------+------+-------------------------------------------------------+
; Assignment                ; Value ; From ; To                                                    ;
+---------------------------+-------+------+-------------------------------------------------------+
; SUPPRESS_DA_RULE_INTERNAL ; a101  ; -    ; -                                                     ;
; SUPPRESS_DA_RULE_INTERNAL ; s102  ; -    ; -                                                     ;
; SUPPRESS_DA_RULE_INTERNAL ; s103  ; -    ; -                                                     ;
+---------------------------+-------+------+-------------------------------------------------------+


+-----------------------------------------------------------------------------------------------------------------------+
; Parameter Settings for User Entity Instance: master_device:inst5|lpm_compare0:inst2|lpm_compare:lpm_compare_component ;
+------------------------+------------+---------------------------------------------------------------------------------+
; Parameter Name         ; Value      ; Type                                                                            ;
+------------------------+------------+---------------------------------------------------------------------------------+
; lpm_width              ; 8          ; Untyped                                                                         ;
; LPM_REPRESENTATION     ; UNSIGNED   ; Untyped                                                                         ;
; LPM_PIPELINE           ; 0          ; Untyped                                                                         ;
; CHAIN_SIZE             ; 8          ; Untyped                                                                         ;
; ONE_INPUT_IS_CONSTANT  ; NO         ; Untyped                                                                         ;
; CARRY_CHAIN            ; MANUAL     ; Untyped                                                                         ;
; CASCADE_CHAIN          ; MANUAL     ; Untyped                                                                         ;
; CARRY_CHAIN_LENGTH     ; 48         ; CARRY_CHAIN_LENGTH                                                              ;
; CASCADE_CHAIN_LENGTH   ; 2          ; CASCADE_CHAIN_LENGTH                                                            ;
; DEVICE_FAMILY          ; Stratix II ; Untyped                                                                         ;
; CBXI_PARAMETER         ; cmpr_fig   ; Untyped                                                                         ;
; AUTO_CARRY_CHAINS      ; ON         ; AUTO_CARRY                                                                      ;
; IGNORE_CARRY_BUFFERS   ; OFF        ; IGNORE_CARRY                                                                    ;
; AUTO_CASCADE_CHAINS    ; ON         ; AUTO_CASCADE                                                                    ;
; IGNORE_CASCADE_BUFFERS ; OFF        ; IGNORE_CASCADE                                                                  ;
+------------------------+------------+---------------------------------------------------------------------------------+
Note: In order to hide this table in the UI and the text report file, please set the "Show Parameter Settings Tables in Synthesis Report" option in "Analysis and Synthesis Settings -> More Settings" to "Off".


+----------------------------------------------------------------------------------------------------------------------+
; Parameter Settings for User Entity Instance: master_device:inst5|lpm_add_sub0:inst|lpm_add_sub:lpm_add_sub_component ;
+------------------------+-------------+-------------------------------------------------------------------------------+
; Parameter Name         ; Value       ; Type                                                                          ;
+------------------------+-------------+-------------------------------------------------------------------------------+
; LPM_WIDTH              ; 8           ; Untyped                                                                       ;
; LPM_REPRESENTATION     ; UNSIGNED    ; Untyped                                                                       ;
; LPM_DIRECTION          ; ADD         ; Untyped                                                                       ;
; ONE_INPUT_IS_CONSTANT  ; NO          ; Untyped                                                                       ;
; LPM_PIPELINE           ; 0           ; Untyped                                                                       ;
; MAXIMIZE_SPEED         ; 5           ; Untyped                                                                       ;
; REGISTERED_AT_END      ; 0           ; Untyped                                                                       ;
; OPTIMIZE_FOR_SPEED     ; 5           ; Untyped                                                                       ;
; USE_CS_BUFFERS         ; 1           ; Untyped                                                                       ;
; CARRY_CHAIN            ; MANUAL      ; Untyped                                                                       ;
; CARRY_CHAIN_LENGTH     ; 48          ; CARRY_CHAIN_LENGTH                                                            ;
; DEVICE_FAMILY          ; Stratix II  ; Untyped                                                                       ;
; USE_WYS                ; OFF         ; Untyped                                                                       ;
; STYLE                  ; FAST        ; Untyped                                                                       ;
; CBXI_PARAMETER         ; add_sub_elh ; Untyped                                                                       ;
; AUTO_CARRY_CHAINS      ; ON          ; AUTO_CARRY                                                                    ;
; IGNORE_CARRY_BUFFERS   ; OFF         ; IGNORE_CARRY                                                                  ;
; AUTO_CASCADE_CHAINS    ; ON          ; AUTO_CASCADE                                                                  ;
; IGNORE_CASCADE_BUFFERS ; OFF         ; IGNORE_CASCADE                                                                ;
+------------------------+-------------+-------------------------------------------------------------------------------+
Note: In order to hide this table in the UI and the text report file, please set the "Show Parameter Settings Tables in Synthesis Report" option in "Analysis and Synthesis Settings -> More Settings" to "Off".


+--------------------------------------------------------------------------------------------------------------------------+
; Parameter Settings for User Entity Instance: master_device:inst5|lpm_constant4:inst1|lpm_constant:lpm_constant_component ;
+--------------------+------------------+----------------------------------------------------------------------------------+
; Parameter Name     ; Value            ; Type                                                                             ;
+--------------------+------------------+----------------------------------------------------------------------------------+
; LPM_WIDTH          ; 8                ; Untyped                                                                          ;
; LPM_CVALUE         ; 3                ; Untyped                                                                          ;
; ENABLE_RUNTIME_MOD ; NO               ; Untyped                                                                          ;
; CBXI_PARAMETER     ; lpm_constant_tf6 ; Untyped                                                                          ;
+--------------------+------------------+----------------------------------------------------------------------------------+
Note: In order to hide this table in the UI and the text report file, please set the "Show Parameter Settings Tables in Synthesis Report" option in "Analysis and Synthesis Settings -> More Settings" to "Off".


+------------------------------------------------------------------------------------------------------------------------+
; Parameter Settings for User Entity Instance: master_device:inst5|lpm_counter0:inst13|lpm_counter:lpm_counter_component ;
+------------------------+-------------+---------------------------------------------------------------------------------+
; Parameter Name         ; Value       ; Type                                                                            ;
+------------------------+-------------+---------------------------------------------------------------------------------+
; AUTO_CARRY_CHAINS      ; ON          ; AUTO_CARRY                                                                      ;
; IGNORE_CARRY_BUFFERS   ; OFF         ; IGNORE_CARRY                                                                    ;
; AUTO_CASCADE_CHAINS    ; ON          ; AUTO_CASCADE                                                                    ;
; IGNORE_CASCADE_BUFFERS ; OFF         ; IGNORE_CASCADE                                                                  ;
; LPM_WIDTH              ; 8           ; Untyped                                                                         ;
; LPM_DIRECTION          ; UP          ; Untyped                                                                         ;
; LPM_MODULUS            ; 0           ; Untyped                                                                         ;
; LPM_AVALUE             ; UNUSED      ; Untyped                                                                         ;
; LPM_SVALUE             ; UNUSED      ; Untyped                                                                         ;
; LPM_PORT_UPDOWN        ; PORT_UNUSED ; Untyped                                                                         ;
; DEVICE_FAMILY          ; Stratix II  ; Untyped                                                                         ;
; CARRY_CHAIN            ; MANUAL      ; Untyped                                                                         ;
; CARRY_CHAIN_LENGTH     ; 48          ; CARRY_CHAIN_LENGTH                                                              ;
; NOT_GATE_PUSH_BACK     ; ON          ; NOT_GATE_PUSH_BACK                                                              ;
; CARRY_CNT_EN           ; SMART       ; Untyped                                                                         ;
; LABWIDE_SCLR           ; ON          ; Untyped                                                                         ;
; USE_NEW_VERSION        ; TRUE        ; Untyped                                                                         ;
; CBXI_PARAMETER         ; cntr_coi    ; Untyped                                                                         ;
+------------------------+-------------+---------------------------------------------------------------------------------+
Note: In order to hide this table in the UI and the text report file, please set the "Show Parameter Settings Tables in Synthesis Report" option in "Analysis and Synthesis Settings -> More Settings" to "Off".


+--------------------------------------------------------------------------------------------------------------------+
; Parameter Settings for User Entity Instance: master_device:inst5|lpm_bustri1:inst9|lpm_bustri:lpm_bustri_component ;
+----------------+-------+-------------------------------------------------------------------------------------------+
; Parameter Name ; Value ; Type                                                                                      ;
+----------------+-------+-------------------------------------------------------------------------------------------+
; LPM_WIDTH      ; 3     ; Untyped                                                                                   ;
+----------------+-------+-------------------------------------------------------------------------------------------+
Note: In order to hide this table in the UI and the text report file, please set the "Show Parameter Settings Tables in Synthesis Report" option in "Analysis and Synthesis Settings -> More Settings" to "Off".


+-----------------------------------------------------------------------------------------------------------------------+
; Parameter Settings for User Entity Instance: master_device:inst5|lpm_compare0:inst6|lpm_compare:lpm_compare_component ;
+------------------------+------------+---------------------------------------------------------------------------------+
; Parameter Name         ; Value      ; Type                                                                            ;
+------------------------+------------+---------------------------------------------------------------------------------+
; lpm_width              ; 8          ; Untyped                                                                         ;
; LPM_REPRESENTATION     ; UNSIGNED   ; Untyped                                                                         ;
; LPM_PIPELINE           ; 0          ; Untyped                                                                         ;
; CHAIN_SIZE             ; 8          ; Untyped                                                                         ;
; ONE_INPUT_IS_CONSTANT  ; NO         ; Untyped                                                                         ;
; CARRY_CHAIN            ; MANUAL     ; Untyped                                                                         ;
; CASCADE_CHAIN          ; MANUAL     ; Untyped                                                                         ;
; CARRY_CHAIN_LENGTH     ; 48         ; CARRY_CHAIN_LENGTH                                                              ;
; CASCADE_CHAIN_LENGTH   ; 2          ; CASCADE_CHAIN_LENGTH                                                            ;
; DEVICE_FAMILY          ; Stratix II ; Untyped                                                                         ;
; CBXI_PARAMETER         ; cmpr_fig   ; Untyped                                                                         ;
; AUTO_CARRY_CHAINS      ; ON         ; AUTO_CARRY                                                                      ;
; IGNORE_CARRY_BUFFERS   ; OFF        ; IGNORE_CARRY                                                                    ;
; AUTO_CASCADE_CHAINS    ; ON         ; AUTO_CASCADE                                                                    ;
; IGNORE_CASCADE_BUFFERS ; OFF        ; IGNORE_CASCADE                                                                  ;
+------------------------+------------+---------------------------------------------------------------------------------+
Note: In order to hide this table in the UI and the text report file, please set the "Show Parameter Settings Tables in Synthesis Report" option in "Analysis and Synthesis Settings -> More Settings" to "Off".


+-----------------------------------------------------------------------------------------------------------------------+
; Parameter Settings for User Entity Instance: master_device:inst5|lpm_add_sub1:inst4|lpm_add_sub:lpm_add_sub_component ;
+------------------------+-------------+--------------------------------------------------------------------------------+
; Parameter Name         ; Value       ; Type                                                                           ;
+------------------------+-------------+--------------------------------------------------------------------------------+
; LPM_WIDTH              ; 8           ; Untyped                                                                        ;
; LPM_REPRESENTATION     ; UNSIGNED    ; Untyped                                                                        ;
; LPM_DIRECTION          ; SUB         ; Untyped                                                                        ;
; ONE_INPUT_IS_CONSTANT  ; NO          ; Untyped                                                                        ;
; LPM_PIPELINE           ; 0           ; Untyped                                                                        ;
; MAXIMIZE_SPEED         ; 5           ; Untyped                                                                        ;
; REGISTERED_AT_END      ; 0           ; Untyped                                                                        ;
; OPTIMIZE_FOR_SPEED     ; 5           ; Untyped                                                                        ;
; USE_CS_BUFFERS         ; 1           ; Untyped                                                                        ;
; CARRY_CHAIN            ; MANUAL      ; Untyped                                                                        ;
; CARRY_CHAIN_LENGTH     ; 48          ; CARRY_CHAIN_LENGTH                                                             ;
; DEVICE_FAMILY          ; Stratix II  ; Untyped                                                                        ;
; USE_WYS                ; OFF         ; Untyped                                                                        ;
; STYLE                  ; FAST        ; Untyped                                                                        ;
; CBXI_PARAMETER         ; add_sub_fmh ; Untyped                                                                        ;
; AUTO_CARRY_CHAINS      ; ON          ; AUTO_CARRY                                                                     ;
; IGNORE_CARRY_BUFFERS   ; OFF         ; IGNORE_CARRY                                                                   ;
; AUTO_CASCADE_CHAINS    ; ON          ; AUTO_CASCADE                                                                   ;
; IGNORE_CASCADE_BUFFERS ; OFF         ; IGNORE_CASCADE                                                                 ;
+------------------------+-------------+--------------------------------------------------------------------------------+
Note: In order to hide this table in the UI and the text report file, please set the "Show Parameter Settings Tables in Synthesis Report" option in "Analysis and Synthesis Settings -> More Settings" to "Off".


+--------------------------------------------------------------------------------------------------------------------------+
; Parameter Settings for User Entity Instance: master_device:inst5|lpm_constant1:inst5|lpm_constant:lpm_constant_component ;
+--------------------+------------------+----------------------------------------------------------------------------------+
; Parameter Name     ; Value            ; Type                                                                             ;
+--------------------+------------------+----------------------------------------------------------------------------------+
; LPM_WIDTH          ; 8                ; Untyped                                                                          ;
; LPM_CVALUE         ; 1                ; Untyped                                                                          ;
; ENABLE_RUNTIME_MOD ; NO               ; Untyped                                                                          ;
; CBXI_PARAMETER     ; lpm_constant_rf6 ; Untyped                                                                          ;
+--------------------+------------------+----------------------------------------------------------------------------------+
Note: In order to hide this table in the UI and the text report file, please set the "Show Parameter Settings Tables in Synthesis Report" option in "Analysis and Synthesis Settings -> More Settings" to "Off".


+------------------------------------------------------------------------------------------------------------------------+
; Parameter Settings for User Entity Instance: master_device:inst5|lpm_add_sub2:inst11|lpm_add_sub:lpm_add_sub_component ;
+------------------------+-------------+---------------------------------------------------------------------------------+
; Parameter Name         ; Value       ; Type                                                                            ;
+------------------------+-------------+---------------------------------------------------------------------------------+
; LPM_WIDTH              ; 3           ; Untyped                                                                         ;
; LPM_REPRESENTATION     ; UNSIGNED    ; Untyped                                                                         ;
; LPM_DIRECTION          ; ADD         ; Untyped                                                                         ;
; ONE_INPUT_IS_CONSTANT  ; NO          ; Untyped                                                                         ;
; LPM_PIPELINE           ; 0           ; Untyped                                                                         ;
; MAXIMIZE_SPEED         ; 5           ; Untyped                                                                         ;
; REGISTERED_AT_END      ; 0           ; Untyped                                                                         ;
; OPTIMIZE_FOR_SPEED     ; 5           ; Untyped                                                                         ;
; USE_CS_BUFFERS         ; 1           ; Untyped                                                                         ;
; CARRY_CHAIN            ; MANUAL      ; Untyped                                                                         ;
; CARRY_CHAIN_LENGTH     ; 48          ; CARRY_CHAIN_LENGTH                                                              ;
; DEVICE_FAMILY          ; Stratix II  ; Untyped                                                                         ;
; USE_WYS                ; OFF         ; Untyped                                                                         ;
; STYLE                  ; FAST        ; Untyped                                                                         ;
; CBXI_PARAMETER         ; add_sub_9lh ; Untyped                                                                         ;
; AUTO_CARRY_CHAINS      ; ON          ; AUTO_CARRY                                                                      ;
; IGNORE_CARRY_BUFFERS   ; OFF         ; IGNORE_CARRY                                                                    ;
; AUTO_CASCADE_CHAINS    ; ON          ; AUTO_CASCADE                                                                    ;
; IGNORE_CASCADE_BUFFERS ; OFF         ; IGNORE_CASCADE                                                                  ;
+------------------------+-------------+---------------------------------------------------------------------------------+
Note: In order to hide this table in the UI and the text report file, please set the "Show Parameter Settings Tables in Synthesis Report" option in "Analysis and Synthesis Settings -> More Settings" to "Off".


+------------------------------------------------------------------------------------------------------------------------+
; Parameter Settings for User Entity Instance: master_device:inst5|lpm_counter5:inst10|lpm_counter:lpm_counter_component ;
+------------------------+-------------+---------------------------------------------------------------------------------+
; Parameter Name         ; Value       ; Type                                                                            ;
+------------------------+-------------+---------------------------------------------------------------------------------+
; AUTO_CARRY_CHAINS      ; ON          ; AUTO_CARRY                                                                      ;
; IGNORE_CARRY_BUFFERS   ; OFF         ; IGNORE_CARRY                                                                    ;
; AUTO_CASCADE_CHAINS    ; ON          ; AUTO_CASCADE                                                                    ;
; IGNORE_CASCADE_BUFFERS ; OFF         ; IGNORE_CASCADE                                                                  ;
; LPM_WIDTH              ; 8           ; Untyped                                                                         ;
; LPM_DIRECTION          ; UP          ; Untyped                                                                         ;
; LPM_MODULUS            ; 3           ; Untyped                                                                         ;
; LPM_AVALUE             ; UNUSED      ; Untyped                                                                         ;
; LPM_SVALUE             ; UNUSED      ; Untyped                                                                         ;
; LPM_PORT_UPDOWN        ; PORT_UNUSED ; Untyped                                                                         ;
; DEVICE_FAMILY          ; Stratix II  ; Untyped                                                                         ;
; CARRY_CHAIN            ; MANUAL      ; Untyped                                                                         ;
; CARRY_CHAIN_LENGTH     ; 48          ; CARRY_CHAIN_LENGTH                                                              ;
; NOT_GATE_PUSH_BACK     ; ON          ; NOT_GATE_PUSH_BACK                                                              ;
; CARRY_CNT_EN           ; SMART       ; Untyped                                                                         ;
; LABWIDE_SCLR           ; ON          ; Untyped                                                                         ;
; USE_NEW_VERSION        ; TRUE        ; Untyped                                                                         ;
; CBXI_PARAMETER         ; cntr_vvi    ; Untyped                                                                         ;
+------------------------+-------------+---------------------------------------------------------------------------------+
Note: In order to hide this table in the UI and the text report file, please set the "Show Parameter Settings Tables in Synthesis Report" option in "Analysis and Synthesis Settings -> More Settings" to "Off".


+--------------------------------------------------------------------------------------------------------------------+
; Parameter Settings for User Entity Instance: master_device:inst5|lpm_bustri0:inst8|lpm_bustri:lpm_bustri_component ;
+----------------+-------+-------------------------------------------------------------------------------------------+
; Parameter Name ; Value ; Type                                                                                      ;
+----------------+-------+-------------------------------------------------------------------------------------------+
; LPM_WIDTH      ; 8     ; Untyped                                                                                   ;
+----------------+-------+-------------------------------------------------------------------------------------------+
Note: In order to hide this table in the UI and the text report file, please set the "Show Parameter Settings Tables in Synthesis Report" option in "Analysis and Synthesis Settings -> More Settings" to "Off".


+----------------------------------------------------------------------------------------------------------+
; Parameter Settings for User Entity Instance: master_device:inst5|lpm_dff0:inst19|lpm_ff:lpm_ff_component ;
+------------------------+------------+--------------------------------------------------------------------+
; Parameter Name         ; Value      ; Type                                                               ;
+------------------------+------------+--------------------------------------------------------------------+
; LPM_WIDTH              ; 8          ; Untyped                                                            ;
; LPM_AVALUE             ; UNUSED     ; Untyped                                                            ;
; LPM_SVALUE             ; UNUSED     ; Untyped                                                            ;
; LPM_FFTYPE             ; DFF        ; Untyped                                                            ;
; DEVICE_FAMILY          ; Stratix II ; Untyped                                                            ;
; CBXI_PARAMETER         ; NOTHING    ; Untyped                                                            ;
; AUTO_CARRY_CHAINS      ; ON         ; AUTO_CARRY                                                         ;
; IGNORE_CARRY_BUFFERS   ; OFF        ; IGNORE_CARRY                                                       ;
; AUTO_CASCADE_CHAINS    ; ON         ; AUTO_CASCADE                                                       ;
; IGNORE_CASCADE_BUFFERS ; OFF        ; IGNORE_CASCADE                                                     ;
+------------------------+------------+--------------------------------------------------------------------+
Note: In order to hide this table in the UI and the text report file, please set the "Show Parameter Settings Tables in Synthesis Report" option in "Analysis and Synthesis Settings -> More Settings" to "Off".


+-----------------------------------------------------------------------------------------------------------------------+
; Parameter Settings for User Entity Instance: master_device:inst4|lpm_compare0:inst2|lpm_compare:lpm_compare_component ;
+------------------------+------------+---------------------------------------------------------------------------------+
; Parameter Name         ; Value      ; Type                                                                            ;
+------------------------+------------+---------------------------------------------------------------------------------+
; lpm_width              ; 8          ; Untyped                                                                         ;
; LPM_REPRESENTATION     ; UNSIGNED   ; Untyped                                                                         ;
; LPM_PIPELINE           ; 0          ; Untyped                                                                         ;
; CHAIN_SIZE             ; 8          ; Untyped                                                                         ;
; ONE_INPUT_IS_CONSTANT  ; NO         ; Untyped                                                                         ;
; CARRY_CHAIN            ; MANUAL     ; Untyped                                                                         ;
; CASCADE_CHAIN          ; MANUAL     ; Untyped                                                                         ;
; CARRY_CHAIN_LENGTH     ; 48         ; CARRY_CHAIN_LENGTH                                                              ;
; CASCADE_CHAIN_LENGTH   ; 2          ; CASCADE_CHAIN_LENGTH                                                            ;
; DEVICE_FAMILY          ; Stratix II ; Untyped                                                                         ;
; CBXI_PARAMETER         ; cmpr_fig   ; Untyped                                                                         ;
; AUTO_CARRY_CHAINS      ; ON         ; AUTO_CARRY                                                                      ;
; IGNORE_CARRY_BUFFERS   ; OFF        ; IGNORE_CARRY                                                                    ;
; AUTO_CASCADE_CHAINS    ; ON         ; AUTO_CASCADE                                                                    ;
; IGNORE_CASCADE_BUFFERS ; OFF        ; IGNORE_CASCADE                                                                  ;
+------------------------+------------+---------------------------------------------------------------------------------+
Note: In order to hide this table in the UI and the text report file, please set the "Show Parameter Settings Tables in Synthesis Report" option in "Analysis and Synthesis Settings -> More Settings" to "Off".


+----------------------------------------------------------------------------------------------------------------------+
; Parameter Settings for User Entity Instance: master_device:inst4|lpm_add_sub0:inst|lpm_add_sub:lpm_add_sub_component ;
+------------------------+-------------+-------------------------------------------------------------------------------+
; Parameter Name         ; Value       ; Type                                                                          ;
+------------------------+-------------+-------------------------------------------------------------------------------+
; LPM_WIDTH              ; 8           ; Untyped                                                                       ;
; LPM_REPRESENTATION     ; UNSIGNED    ; Untyped                                                                       ;
; LPM_DIRECTION          ; ADD         ; Untyped                                                                       ;
; ONE_INPUT_IS_CONSTANT  ; NO          ; Untyped                                                                       ;
; LPM_PIPELINE           ; 0           ; Untyped                                                                       ;
; MAXIMIZE_SPEED         ; 5           ; Untyped                                                                       ;
; REGISTERED_AT_END      ; 0           ; Untyped                                                                       ;
; OPTIMIZE_FOR_SPEED     ; 5           ; Untyped                                                                       ;
; USE_CS_BUFFERS         ; 1           ; Untyped                                                                       ;
; CARRY_CHAIN            ; MANUAL      ; Untyped                                                                       ;
; CARRY_CHAIN_LENGTH     ; 48          ; CARRY_CHAIN_LENGTH                                                            ;
; DEVICE_FAMILY          ; Stratix II  ; Untyped                                                                       ;
; USE_WYS                ; OFF         ; Untyped                                                                       ;
; STYLE                  ; FAST        ; Untyped                                                                       ;
; CBXI_PARAMETER         ; add_sub_elh ; Untyped                                                                       ;
; AUTO_CARRY_CHAINS      ; ON          ; AUTO_CARRY                                                                    ;
; IGNORE_CARRY_BUFFERS   ; OFF         ; IGNORE_CARRY                                                                  ;
; AUTO_CASCADE_CHAINS    ; ON          ; AUTO_CASCADE                                                                  ;
; IGNORE_CASCADE_BUFFERS ; OFF         ; IGNORE_CASCADE                                                                ;
+------------------------+-------------+-------------------------------------------------------------------------------+
Note: In order to hide this table in the UI and the text report file, please set the "Show Parameter Settings Tables in Synthesis Report" option in "Analysis and Synthesis Settings -> More Settings" to "Off".


+--------------------------------------------------------------------------------------------------------------------------+
; Parameter Settings for User Entity Instance: master_device:inst4|lpm_constant4:inst1|lpm_constant:lpm_constant_component ;
+--------------------+------------------+----------------------------------------------------------------------------------+
; Parameter Name     ; Value            ; Type                                                                             ;
+--------------------+------------------+----------------------------------------------------------------------------------+
; LPM_WIDTH          ; 8                ; Untyped                                                                          ;
; LPM_CVALUE         ; 3                ; Untyped                                                                          ;
; ENABLE_RUNTIME_MOD ; NO               ; Untyped                                                                          ;
; CBXI_PARAMETER     ; lpm_constant_tf6 ; Untyped                                                                          ;
+--------------------+------------------+----------------------------------------------------------------------------------+
Note: In order to hide this table in the UI and the text report file, please set the "Show Parameter Settings Tables in Synthesis Report" option in "Analysis and Synthesis Settings -> More Settings" to "Off".


+------------------------------------------------------------------------------------------------------------------------+
; Parameter Settings for User Entity Instance: master_device:inst4|lpm_counter0:inst13|lpm_counter:lpm_counter_component ;
+------------------------+-------------+---------------------------------------------------------------------------------+
; Parameter Name         ; Value       ; Type                                                                            ;
+------------------------+-------------+---------------------------------------------------------------------------------+
; AUTO_CARRY_CHAINS      ; ON          ; AUTO_CARRY                                                                      ;
; IGNORE_CARRY_BUFFERS   ; OFF         ; IGNORE_CARRY                                                                    ;
; AUTO_CASCADE_CHAINS    ; ON          ; AUTO_CASCADE                                                                    ;
; IGNORE_CASCADE_BUFFERS ; OFF         ; IGNORE_CASCADE                                                                  ;
; LPM_WIDTH              ; 8           ; Untyped                                                                         ;
; LPM_DIRECTION          ; UP          ; Untyped                                                                         ;
; LPM_MODULUS            ; 0           ; Untyped                                                                         ;
; LPM_AVALUE             ; UNUSED      ; Untyped                                                                         ;
; LPM_SVALUE             ; UNUSED      ; Untyped                                                                         ;
; LPM_PORT_UPDOWN        ; PORT_UNUSED ; Untyped                                                                         ;
; DEVICE_FAMILY          ; Stratix II  ; Untyped                                                                         ;
; CARRY_CHAIN            ; MANUAL      ; Untyped                                                                         ;
; CARRY_CHAIN_LENGTH     ; 48          ; CARRY_CHAIN_LENGTH                                                              ;
; NOT_GATE_PUSH_BACK     ; ON          ; NOT_GATE_PUSH_BACK                                                              ;
; CARRY_CNT_EN           ; SMART       ; Untyped                                                                         ;
; LABWIDE_SCLR           ; ON          ; Untyped                                                                         ;
; USE_NEW_VERSION        ; TRUE        ; Untyped                                                                         ;
; CBXI_PARAMETER         ; cntr_coi    ; Untyped                                                                         ;
+------------------------+-------------+---------------------------------------------------------------------------------+
Note: In order to hide this table in the UI and the text report file, please set the "Show Parameter Settings Tables in Synthesis Report" option in "Analysis and Synthesis Settings -> More Settings" to "Off".


+--------------------------------------------------------------------------------------------------------------------+
; Parameter Settings for User Entity Instance: master_device:inst4|lpm_bustri1:inst9|lpm_bustri:lpm_bustri_component ;
+----------------+-------+-------------------------------------------------------------------------------------------+
; Parameter Name ; Value ; Type                                                                                      ;
+----------------+-------+-------------------------------------------------------------------------------------------+
; LPM_WIDTH      ; 3     ; Untyped                                                                                   ;
+----------------+-------+-------------------------------------------------------------------------------------------+
Note: In order to hide this table in the UI and the text report file, please set the "Show Parameter Settings Tables in Synthesis Report" option in "Analysis and Synthesis Settings -> More Settings" to "Off".


+-----------------------------------------------------------------------------------------------------------------------+
; Parameter Settings for User Entity Instance: master_device:inst4|lpm_compare0:inst6|lpm_compare:lpm_compare_component ;
+------------------------+------------+---------------------------------------------------------------------------------+
; Parameter Name         ; Value      ; Type                                                                            ;
+------------------------+------------+---------------------------------------------------------------------------------+
; lpm_width              ; 8          ; Untyped                                                                         ;
; LPM_REPRESENTATION     ; UNSIGNED   ; Untyped                                                                         ;
; LPM_PIPELINE           ; 0          ; Untyped                                                                         ;
; CHAIN_SIZE             ; 8          ; Untyped                                                                         ;
; ONE_INPUT_IS_CONSTANT  ; NO         ; Untyped                                                                         ;
; CARRY_CHAIN            ; MANUAL     ; Untyped                                                                         ;
; CASCADE_CHAIN          ; MANUAL     ; Untyped                                                                         ;
; CARRY_CHAIN_LENGTH     ; 48         ; CARRY_CHAIN_LENGTH                                                              ;
; CASCADE_CHAIN_LENGTH   ; 2          ; CASCADE_CHAIN_LENGTH                                                            ;
; DEVICE_FAMILY          ; Stratix II ; Untyped                                                                         ;
; CBXI_PARAMETER         ; cmpr_fig   ; Untyped                                                                         ;
; AUTO_CARRY_CHAINS      ; ON         ; AUTO_CARRY                                                                      ;
; IGNORE_CARRY_BUFFERS   ; OFF        ; IGNORE_CARRY                                                                    ;
; AUTO_CASCADE_CHAINS    ; ON         ; AUTO_CASCADE                                                                    ;
; IGNORE_CASCADE_BUFFERS ; OFF        ; IGNORE_CASCADE                                                                  ;
+------------------------+------------+---------------------------------------------------------------------------------+
Note: In order to hide this table in the UI and the text report file, please set the "Show Parameter Settings Tables in Synthesis Report" option in "Analysis and Synthesis Settings -> More Settings" to "Off".


+-----------------------------------------------------------------------------------------------------------------------+
; Parameter Settings for User Entity Instance: master_device:inst4|lpm_add_sub1:inst4|lpm_add_sub:lpm_add_sub_component ;
+------------------------+-------------+--------------------------------------------------------------------------------+
; Parameter Name         ; Value       ; Type                                                                           ;
+------------------------+-------------+--------------------------------------------------------------------------------+
; LPM_WIDTH              ; 8           ; Untyped                                                                        ;
; LPM_REPRESENTATION     ; UNSIGNED    ; Untyped                                                                        ;
; LPM_DIRECTION          ; SUB         ; Untyped                                                                        ;
; ONE_INPUT_IS_CONSTANT  ; NO          ; Untyped                                                                        ;
; LPM_PIPELINE           ; 0           ; Untyped                                                                        ;
; MAXIMIZE_SPEED         ; 5           ; Untyped                                                                        ;
; REGISTERED_AT_END      ; 0           ; Untyped                                                                        ;
; OPTIMIZE_FOR_SPEED     ; 5           ; Untyped                                                                        ;
; USE_CS_BUFFERS         ; 1           ; Untyped                                                                        ;
; CARRY_CHAIN            ; MANUAL      ; Untyped                                                                        ;
; CARRY_CHAIN_LENGTH     ; 48          ; CARRY_CHAIN_LENGTH                                                             ;
; DEVICE_FAMILY          ; Stratix II  ; Untyped                                                                        ;
; USE_WYS                ; OFF         ; Untyped                                                                        ;
; STYLE                  ; FAST        ; Untyped                                                                        ;
; CBXI_PARAMETER         ; add_sub_fmh ; Untyped                                                                        ;
; AUTO_CARRY_CHAINS      ; ON          ; AUTO_CARRY                                                                     ;
; IGNORE_CARRY_BUFFERS   ; OFF         ; IGNORE_CARRY                                                                   ;
; AUTO_CASCADE_CHAINS    ; ON          ; AUTO_CASCADE                                                                   ;
; IGNORE_CASCADE_BUFFERS ; OFF         ; IGNORE_CASCADE                                                                 ;
+------------------------+-------------+--------------------------------------------------------------------------------+
Note: In order to hide this table in the UI and the text report file, please set the "Show Parameter Settings Tables in Synthesis Report" option in "Analysis and Synthesis Settings -> More Settings" to "Off".


+--------------------------------------------------------------------------------------------------------------------------+
; Parameter Settings for User Entity Instance: master_device:inst4|lpm_constant1:inst5|lpm_constant:lpm_constant_component ;
+--------------------+------------------+----------------------------------------------------------------------------------+
; Parameter Name     ; Value            ; Type                                                                             ;
+--------------------+------------------+----------------------------------------------------------------------------------+
; LPM_WIDTH          ; 8                ; Untyped                                                                          ;
; LPM_CVALUE         ; 1                ; Untyped                                                                          ;
; ENABLE_RUNTIME_MOD ; NO               ; Untyped                                                                          ;
; CBXI_PARAMETER     ; lpm_constant_rf6 ; Untyped                                                                          ;
+--------------------+------------------+----------------------------------------------------------------------------------+
Note: In order to hide this table in the UI and the text report file, please set the "Show Parameter Settings Tables in Synthesis Report" option in "Analysis and Synthesis Settings -> More Settings" to "Off".


+------------------------------------------------------------------------------------------------------------------------+
; Parameter Settings for User Entity Instance: master_device:inst4|lpm_add_sub2:inst11|lpm_add_sub:lpm_add_sub_component ;
+------------------------+-------------+---------------------------------------------------------------------------------+
; Parameter Name         ; Value       ; Type                                                                            ;
+------------------------+-------------+---------------------------------------------------------------------------------+
; LPM_WIDTH              ; 3           ; Untyped                                                                         ;
; LPM_REPRESENTATION     ; UNSIGNED    ; Untyped                                                                         ;
; LPM_DIRECTION          ; ADD         ; Untyped                                                                         ;
; ONE_INPUT_IS_CONSTANT  ; NO          ; Untyped                                                                         ;
; LPM_PIPELINE           ; 0           ; Untyped                                                                         ;
; MAXIMIZE_SPEED         ; 5           ; Untyped                                                                         ;
; REGISTERED_AT_END      ; 0           ; Untyped                                                                         ;
; OPTIMIZE_FOR_SPEED     ; 5           ; Untyped                                                                         ;
; USE_CS_BUFFERS         ; 1           ; Untyped                                                                         ;
; CARRY_CHAIN            ; MANUAL      ; Untyped                                                                         ;
; CARRY_CHAIN_LENGTH     ; 48          ; CARRY_CHAIN_LENGTH                                                              ;
; DEVICE_FAMILY          ; Stratix II  ; Untyped                                                                         ;
; USE_WYS                ; OFF         ; Untyped                                                                         ;
; STYLE                  ; FAST        ; Untyped                                                                         ;
; CBXI_PARAMETER         ; add_sub_9lh ; Untyped                                                                         ;
; AUTO_CARRY_CHAINS      ; ON          ; AUTO_CARRY                                                                      ;
; IGNORE_CARRY_BUFFERS   ; OFF         ; IGNORE_CARRY                                                                    ;
; AUTO_CASCADE_CHAINS    ; ON          ; AUTO_CASCADE                                                                    ;
; IGNORE_CASCADE_BUFFERS ; OFF         ; IGNORE_CASCADE                                                                  ;
+------------------------+-------------+---------------------------------------------------------------------------------+
Note: In order to hide this table in the UI and the text report file, please set the "Show Parameter Settings Tables in Synthesis Report" option in "Analysis and Synthesis Settings -> More Settings" to "Off".


+------------------------------------------------------------------------------------------------------------------------+
; Parameter Settings for User Entity Instance: master_device:inst4|lpm_counter5:inst10|lpm_counter:lpm_counter_component ;
+------------------------+-------------+---------------------------------------------------------------------------------+
; Parameter Name         ; Value       ; Type                                                                            ;
+------------------------+-------------+---------------------------------------------------------------------------------+
; AUTO_CARRY_CHAINS      ; ON          ; AUTO_CARRY                                                                      ;
; IGNORE_CARRY_BUFFERS   ; OFF         ; IGNORE_CARRY                                                                    ;
; AUTO_CASCADE_CHAINS    ; ON          ; AUTO_CASCADE                                                                    ;
; IGNORE_CASCADE_BUFFERS ; OFF         ; IGNORE_CASCADE                                                                  ;
; LPM_WIDTH              ; 8           ; Untyped                                                                         ;
; LPM_DIRECTION          ; UP          ; Untyped                                                                         ;
; LPM_MODULUS            ; 3           ; Untyped                                                                         ;
; LPM_AVALUE             ; UNUSED      ; Untyped                                                                         ;
; LPM_SVALUE             ; UNUSED      ; Untyped                                                                         ;
; LPM_PORT_UPDOWN        ; PORT_UNUSED ; Untyped                                                                         ;
; DEVICE_FAMILY          ; Stratix II  ; Untyped                                                                         ;
; CARRY_CHAIN            ; MANUAL      ; Untyped                                                                         ;
; CARRY_CHAIN_LENGTH     ; 48          ; CARRY_CHAIN_LENGTH                                                              ;
; NOT_GATE_PUSH_BACK     ; ON          ; NOT_GATE_PUSH_BACK                                                              ;
; CARRY_CNT_EN           ; SMART       ; Untyped                                                                         ;
; LABWIDE_SCLR           ; ON          ; Untyped                                                                         ;
; USE_NEW_VERSION        ; TRUE        ; Untyped                                                                         ;
; CBXI_PARAMETER         ; cntr_vvi    ; Untyped                                                                         ;
+------------------------+-------------+---------------------------------------------------------------------------------+
Note: In order to hide this table in the UI and the text report file, please set the "Show Parameter Settings Tables in Synthesis Report" option in "Analysis and Synthesis Settings -> More Settings" to "Off".


+--------------------------------------------------------------------------------------------------------------------+
; Parameter Settings for User Entity Instance: master_device:inst4|lpm_bustri0:inst8|lpm_bustri:lpm_bustri_component ;
+----------------+-------+-------------------------------------------------------------------------------------------+
; Parameter Name ; Value ; Type                                                                                      ;
+----------------+-------+-------------------------------------------------------------------------------------------+
; LPM_WIDTH      ; 8     ; Untyped                                                                                   ;
+----------------+-------+-------------------------------------------------------------------------------------------+
Note: In order to hide this table in the UI and the text report file, please set the "Show Parameter Settings Tables in Synthesis Report" option in "Analysis and Synthesis Settings -> More Settings" to "Off".


+----------------------------------------------------------------------------------------------------------+
; Parameter Settings for User Entity Instance: master_device:inst4|lpm_dff0:inst19|lpm_ff:lpm_ff_component ;
+------------------------+------------+--------------------------------------------------------------------+
; Parameter Name         ; Value      ; Type                                                               ;
+------------------------+------------+--------------------------------------------------------------------+
; LPM_WIDTH              ; 8          ; Untyped                                                            ;
; LPM_AVALUE             ; UNUSED     ; Untyped                                                            ;
; LPM_SVALUE             ; UNUSED     ; Untyped                                                            ;
; LPM_FFTYPE             ; DFF        ; Untyped                                                            ;
; DEVICE_FAMILY          ; Stratix II ; Untyped                                                            ;
; CBXI_PARAMETER         ; NOTHING    ; Untyped                                                            ;
; AUTO_CARRY_CHAINS      ; ON         ; AUTO_CARRY                                                         ;
; IGNORE_CARRY_BUFFERS   ; OFF        ; IGNORE_CARRY                                                       ;
; AUTO_CASCADE_CHAINS    ; ON         ; AUTO_CASCADE                                                       ;
; IGNORE_CASCADE_BUFFERS ; OFF        ; IGNORE_CASCADE                                                     ;
+------------------------+------------+--------------------------------------------------------------------+
Note: In order to hide this table in the UI and the text report file, please set the "Show Parameter Settings Tables in Synthesis Report" option in "Analysis and Synthesis Settings -> More Settings" to "Off".


+-----------------------------------------------------------------------------------------------------------------------+
; Parameter Settings for User Entity Instance: master_device:inst2|lpm_compare0:inst2|lpm_compare:lpm_compare_component ;
+------------------------+------------+---------------------------------------------------------------------------------+
; Parameter Name         ; Value      ; Type                                                                            ;
+------------------------+------------+---------------------------------------------------------------------------------+
; lpm_width              ; 8          ; Untyped                                                                         ;
; LPM_REPRESENTATION     ; UNSIGNED   ; Untyped                                                                         ;
; LPM_PIPELINE           ; 0          ; Untyped                                                                         ;
; CHAIN_SIZE             ; 8          ; Untyped                                                                         ;
; ONE_INPUT_IS_CONSTANT  ; NO         ; Untyped                                                                         ;
; CARRY_CHAIN            ; MANUAL     ; Untyped                                                                         ;
; CASCADE_CHAIN          ; MANUAL     ; Untyped                                                                         ;
; CARRY_CHAIN_LENGTH     ; 48         ; CARRY_CHAIN_LENGTH                                                              ;
; CASCADE_CHAIN_LENGTH   ; 2          ; CASCADE_CHAIN_LENGTH                                                            ;
; DEVICE_FAMILY          ; Stratix II ; Untyped                                                                         ;
; CBXI_PARAMETER         ; cmpr_fig   ; Untyped                                                                         ;
; AUTO_CARRY_CHAINS      ; ON         ; AUTO_CARRY                                                                      ;
; IGNORE_CARRY_BUFFERS   ; OFF        ; IGNORE_CARRY                                                                    ;
; AUTO_CASCADE_CHAINS    ; ON         ; AUTO_CASCADE                                                                    ;
; IGNORE_CASCADE_BUFFERS ; OFF        ; IGNORE_CASCADE                                                                  ;
+------------------------+------------+---------------------------------------------------------------------------------+
Note: In order to hide this table in the UI and the text report file, please set the "Show Parameter Settings Tables in Synthesis Report" option in "Analysis and Synthesis Settings -> More Settings" to "Off".


+----------------------------------------------------------------------------------------------------------------------+
; Parameter Settings for User Entity Instance: master_device:inst2|lpm_add_sub0:inst|lpm_add_sub:lpm_add_sub_component ;
+------------------------+-------------+-------------------------------------------------------------------------------+
; Parameter Name         ; Value       ; Type                                                                          ;
+------------------------+-------------+-------------------------------------------------------------------------------+
; LPM_WIDTH              ; 8           ; Untyped                                                                       ;
; LPM_REPRESENTATION     ; UNSIGNED    ; Untyped                                                                       ;
; LPM_DIRECTION          ; ADD         ; Untyped                                                                       ;
; ONE_INPUT_IS_CONSTANT  ; NO          ; Untyped                                                                       ;
; LPM_PIPELINE           ; 0           ; Untyped                                                                       ;
; MAXIMIZE_SPEED         ; 5           ; Untyped                                                                       ;
; REGISTERED_AT_END      ; 0           ; Untyped                                                                       ;
; OPTIMIZE_FOR_SPEED     ; 5           ; Untyped                                                                       ;
; USE_CS_BUFFERS         ; 1           ; Untyped                                                                       ;
; CARRY_CHAIN            ; MANUAL      ; Untyped                                                                       ;
; CARRY_CHAIN_LENGTH     ; 48          ; CARRY_CHAIN_LENGTH                                                            ;
; DEVICE_FAMILY          ; Stratix II  ; Untyped                                                                       ;
; USE_WYS                ; OFF         ; Untyped                                                                       ;
; STYLE                  ; FAST        ; Untyped                                                                       ;
; CBXI_PARAMETER         ; add_sub_elh ; Untyped                                                                       ;
; AUTO_CARRY_CHAINS      ; ON          ; AUTO_CARRY                                                                    ;
; IGNORE_CARRY_BUFFERS   ; OFF         ; IGNORE_CARRY                                                                  ;
; AUTO_CASCADE_CHAINS    ; ON          ; AUTO_CASCADE                                                                  ;
; IGNORE_CASCADE_BUFFERS ; OFF         ; IGNORE_CASCADE                                                                ;
+------------------------+-------------+-------------------------------------------------------------------------------+
Note: In order to hide this table in the UI and the text report file, please set the "Show Parameter Settings Tables in Synthesis Report" option in "Analysis and Synthesis Settings -> More Settings" to "Off".


+--------------------------------------------------------------------------------------------------------------------------+
; Parameter Settings for User Entity Instance: master_device:inst2|lpm_constant4:inst1|lpm_constant:lpm_constant_component ;
+--------------------+------------------+----------------------------------------------------------------------------------+
; Parameter Name     ; Value            ; Type                                                                             ;
+--------------------+------------------+----------------------------------------------------------------------------------+
; LPM_WIDTH          ; 8                ; Untyped                                                                          ;
; LPM_CVALUE         ; 3                ; Untyped                                                                          ;
; ENABLE_RUNTIME_MOD ; NO               ; Untyped                                                                          ;
; CBXI_PARAMETER     ; lpm_constant_tf6 ; Untyped                                                                          ;
+--------------------+------------------+----------------------------------------------------------------------------------+
Note: In order to hide this table in the UI and the text report file, please set the "Show Parameter Settings Tables in Synthesis Report" option in "Analysis and Synthesis Settings -> More Settings" to "Off".


+------------------------------------------------------------------------------------------------------------------------+
; Parameter Settings for User Entity Instance: master_device:inst2|lpm_counter0:inst13|lpm_counter:lpm_counter_component ;
+------------------------+-------------+---------------------------------------------------------------------------------+
; Parameter Name         ; Value       ; Type                                                                            ;
+------------------------+-------------+---------------------------------------------------------------------------------+
; AUTO_CARRY_CHAINS      ; ON          ; AUTO_CARRY                                                                      ;
; IGNORE_CARRY_BUFFERS   ; OFF         ; IGNORE_CARRY                                                                    ;
; AUTO_CASCADE_CHAINS    ; ON          ; AUTO_CASCADE                                                                    ;
; IGNORE_CASCADE_BUFFERS ; OFF         ; IGNORE_CASCADE                                                                  ;
; LPM_WIDTH              ; 8           ; Untyped                                                                         ;
; LPM_DIRECTION          ; UP          ; Untyped                                                                         ;
; LPM_MODULUS            ; 0           ; Untyped                                                                         ;
; LPM_AVALUE             ; UNUSED      ; Untyped                                                                         ;
; LPM_SVALUE             ; UNUSED      ; Untyped                                                                         ;
; LPM_PORT_UPDOWN        ; PORT_UNUSED ; Untyped                                                                         ;
; DEVICE_FAMILY          ; Stratix II  ; Untyped                                                                         ;
; CARRY_CHAIN            ; MANUAL      ; Untyped                                                                         ;
; CARRY_CHAIN_LENGTH     ; 48          ; CARRY_CHAIN_LENGTH                                                              ;
; NOT_GATE_PUSH_BACK     ; ON          ; NOT_GATE_PUSH_BACK                                                              ;
; CARRY_CNT_EN           ; SMART       ; Untyped                                                                         ;
; LABWIDE_SCLR           ; ON          ; Untyped                                                                         ;
; USE_NEW_VERSION        ; TRUE        ; Untyped                                                                         ;
; CBXI_PARAMETER         ; cntr_coi    ; Untyped                                                                         ;
+------------------------+-------------+---------------------------------------------------------------------------------+
Note: In order to hide this table in the UI and the text report file, please set the "Show Parameter Settings Tables in Synthesis Report" option in "Analysis and Synthesis Settings -> More Settings" to "Off".


+--------------------------------------------------------------------------------------------------------------------+
; Parameter Settings for User Entity Instance: master_device:inst2|lpm_bustri1:inst9|lpm_bustri:lpm_bustri_component ;
+----------------+-------+-------------------------------------------------------------------------------------------+
; Parameter Name ; Value ; Type                                                                                      ;
+----------------+-------+-------------------------------------------------------------------------------------------+
; LPM_WIDTH      ; 3     ; Untyped                                                                                   ;
+----------------+-------+-------------------------------------------------------------------------------------------+
Note: In order to hide this table in the UI and the text report file, please set the "Show Parameter Settings Tables in Synthesis Report" option in "Analysis and Synthesis Settings -> More Settings" to "Off".


+-----------------------------------------------------------------------------------------------------------------------+
; Parameter Settings for User Entity Instance: master_device:inst2|lpm_compare0:inst6|lpm_compare:lpm_compare_component ;
+------------------------+------------+---------------------------------------------------------------------------------+
; Parameter Name         ; Value      ; Type                                                                            ;
+------------------------+------------+---------------------------------------------------------------------------------+
; lpm_width              ; 8          ; Untyped                                                                         ;
; LPM_REPRESENTATION     ; UNSIGNED   ; Untyped                                                                         ;
; LPM_PIPELINE           ; 0          ; Untyped                                                                         ;
; CHAIN_SIZE             ; 8          ; Untyped                                                                         ;
; ONE_INPUT_IS_CONSTANT  ; NO         ; Untyped                                                                         ;
; CARRY_CHAIN            ; MANUAL     ; Untyped                                                                         ;
; CASCADE_CHAIN          ; MANUAL     ; Untyped                                                                         ;
; CARRY_CHAIN_LENGTH     ; 48         ; CARRY_CHAIN_LENGTH                                                              ;
; CASCADE_CHAIN_LENGTH   ; 2          ; CASCADE_CHAIN_LENGTH                                                            ;
; DEVICE_FAMILY          ; Stratix II ; Untyped                                                                         ;
; CBXI_PARAMETER         ; cmpr_fig   ; Untyped                                                                         ;
; AUTO_CARRY_CHAINS      ; ON         ; AUTO_CARRY                                                                      ;
; IGNORE_CARRY_BUFFERS   ; OFF        ; IGNORE_CARRY                                                                    ;
; AUTO_CASCADE_CHAINS    ; ON         ; AUTO_CASCADE                                                                    ;
; IGNORE_CASCADE_BUFFERS ; OFF        ; IGNORE_CASCADE                                                                  ;
+------------------------+------------+---------------------------------------------------------------------------------+
Note: In order to hide this table in the UI and the text report file, please set the "Show Parameter Settings Tables in Synthesis Report" option in "Analysis and Synthesis Settings -> More Settings" to "Off".


+-----------------------------------------------------------------------------------------------------------------------+
; Parameter Settings for User Entity Instance: master_device:inst2|lpm_add_sub1:inst4|lpm_add_sub:lpm_add_sub_component ;
+------------------------+-------------+--------------------------------------------------------------------------------+
; Parameter Name         ; Value       ; Type                                                                           ;
+------------------------+-------------+--------------------------------------------------------------------------------+
; LPM_WIDTH              ; 8           ; Untyped                                                                        ;
; LPM_REPRESENTATION     ; UNSIGNED    ; Untyped                                                                        ;
; LPM_DIRECTION          ; SUB         ; Untyped                                                                        ;
; ONE_INPUT_IS_CONSTANT  ; NO          ; Untyped                                                                        ;
; LPM_PIPELINE           ; 0           ; Untyped                                                                        ;
; MAXIMIZE_SPEED         ; 5           ; Untyped                                                                        ;
; REGISTERED_AT_END      ; 0           ; Untyped                                                                        ;
; OPTIMIZE_FOR_SPEED     ; 5           ; Untyped                                                                        ;
; USE_CS_BUFFERS         ; 1           ; Untyped                                                                        ;
; CARRY_CHAIN            ; MANUAL      ; Untyped                                                                        ;
; CARRY_CHAIN_LENGTH     ; 48          ; CARRY_CHAIN_LENGTH                                                             ;
; DEVICE_FAMILY          ; Stratix II  ; Untyped                                                                        ;
; USE_WYS                ; OFF         ; Untyped                                                                        ;
; STYLE                  ; FAST        ; Untyped                                                                        ;
; CBXI_PARAMETER         ; add_sub_fmh ; Untyped                                                                        ;
; AUTO_CARRY_CHAINS      ; ON          ; AUTO_CARRY                                                                     ;
; IGNORE_CARRY_BUFFERS   ; OFF         ; IGNORE_CARRY                                                                   ;
; AUTO_CASCADE_CHAINS    ; ON          ; AUTO_CASCADE                                                                   ;
; IGNORE_CASCADE_BUFFERS ; OFF         ; IGNORE_CASCADE                                                                 ;
+------------------------+-------------+--------------------------------------------------------------------------------+
Note: In order to hide this table in the UI and the text report file, please set the "Show Parameter Settings Tables in Synthesis Report" option in "Analysis and Synthesis Settings -> More Settings" to "Off".


+--------------------------------------------------------------------------------------------------------------------------+
; Parameter Settings for User Entity Instance: master_device:inst2|lpm_constant1:inst5|lpm_constant:lpm_constant_component ;
+--------------------+------------------+----------------------------------------------------------------------------------+
; Parameter Name     ; Value            ; Type                                                                             ;
+--------------------+------------------+----------------------------------------------------------------------------------+
; LPM_WIDTH          ; 8                ; Untyped                                                                          ;
; LPM_CVALUE         ; 1                ; Untyped                                                                          ;
; ENABLE_RUNTIME_MOD ; NO               ; Untyped                                                                          ;
; CBXI_PARAMETER     ; lpm_constant_rf6 ; Untyped                                                                          ;
+--------------------+------------------+----------------------------------------------------------------------------------+
Note: In order to hide this table in the UI and the text report file, please set the "Show Parameter Settings Tables in Synthesis Report" option in "Analysis and Synthesis Settings -> More Settings" to "Off".


+------------------------------------------------------------------------------------------------------------------------+
; Parameter Settings for User Entity Instance: master_device:inst2|lpm_add_sub2:inst11|lpm_add_sub:lpm_add_sub_component ;
+------------------------+-------------+---------------------------------------------------------------------------------+
; Parameter Name         ; Value       ; Type                                                                            ;
+------------------------+-------------+---------------------------------------------------------------------------------+
; LPM_WIDTH              ; 3           ; Untyped                                                                         ;
; LPM_REPRESENTATION     ; UNSIGNED    ; Untyped                                                                         ;
; LPM_DIRECTION          ; ADD         ; Untyped                                                                         ;
; ONE_INPUT_IS_CONSTANT  ; NO          ; Untyped                                                                         ;
; LPM_PIPELINE           ; 0           ; Untyped                                                                         ;
; MAXIMIZE_SPEED         ; 5           ; Untyped                                                                         ;
; REGISTERED_AT_END      ; 0           ; Untyped                                                                         ;
; OPTIMIZE_FOR_SPEED     ; 5           ; Untyped                                                                         ;
; USE_CS_BUFFERS         ; 1           ; Untyped                                                                         ;
; CARRY_CHAIN            ; MANUAL      ; Untyped                                                                         ;
; CARRY_CHAIN_LENGTH     ; 48          ; CARRY_CHAIN_LENGTH                                                              ;
; DEVICE_FAMILY          ; Stratix II  ; Untyped                                                                         ;
; USE_WYS                ; OFF         ; Untyped                                                                         ;
; STYLE                  ; FAST        ; Untyped                                                                         ;
; CBXI_PARAMETER         ; add_sub_9lh ; Untyped                                                                         ;
; AUTO_CARRY_CHAINS      ; ON          ; AUTO_CARRY                                                                      ;
; IGNORE_CARRY_BUFFERS   ; OFF         ; IGNORE_CARRY                                                                    ;
; AUTO_CASCADE_CHAINS    ; ON          ; AUTO_CASCADE                                                                    ;
; IGNORE_CASCADE_BUFFERS ; OFF         ; IGNORE_CASCADE                                                                  ;
+------------------------+-------------+---------------------------------------------------------------------------------+
Note: In order to hide this table in the UI and the text report file, please set the "Show Parameter Settings Tables in Synthesis Report" option in "Analysis and Synthesis Settings -> More Settings" to "Off".


+------------------------------------------------------------------------------------------------------------------------+
; Parameter Settings for User Entity Instance: master_device:inst2|lpm_counter5:inst10|lpm_counter:lpm_counter_component ;
+------------------------+-------------+---------------------------------------------------------------------------------+
; Parameter Name         ; Value       ; Type                                                                            ;
+------------------------+-------------+---------------------------------------------------------------------------------+
; AUTO_CARRY_CHAINS      ; ON          ; AUTO_CARRY                                                                      ;
; IGNORE_CARRY_BUFFERS   ; OFF         ; IGNORE_CARRY                                                                    ;
; AUTO_CASCADE_CHAINS    ; ON          ; AUTO_CASCADE                                                                    ;
; IGNORE_CASCADE_BUFFERS ; OFF         ; IGNORE_CASCADE                                                                  ;
; LPM_WIDTH              ; 8           ; Untyped                                                                         ;
; LPM_DIRECTION          ; UP          ; Untyped                                                                         ;
; LPM_MODULUS            ; 3           ; Untyped                                                                         ;
; LPM_AVALUE             ; UNUSED      ; Untyped                                                                         ;
; LPM_SVALUE             ; UNUSED      ; Untyped                                                                         ;
; LPM_PORT_UPDOWN        ; PORT_UNUSED ; Untyped                                                                         ;
; DEVICE_FAMILY          ; Stratix II  ; Untyped                                                                         ;
; CARRY_CHAIN            ; MANUAL      ; Untyped                                                                         ;
; CARRY_CHAIN_LENGTH     ; 48          ; CARRY_CHAIN_LENGTH                                                              ;
; NOT_GATE_PUSH_BACK     ; ON          ; NOT_GATE_PUSH_BACK                                                              ;
; CARRY_CNT_EN           ; SMART       ; Untyped                                                                         ;
; LABWIDE_SCLR           ; ON          ; Untyped                                                                         ;
; USE_NEW_VERSION        ; TRUE        ; Untyped                                                                         ;
; CBXI_PARAMETER         ; cntr_vvi    ; Untyped                                                                         ;
+------------------------+-------------+---------------------------------------------------------------------------------+
Note: In order to hide this table in the UI and the text report file, please set the "Show Parameter Settings Tables in Synthesis Report" option in "Analysis and Synthesis Settings -> More Settings" to "Off".


+--------------------------------------------------------------------------------------------------------------------+
; Parameter Settings for User Entity Instance: master_device:inst2|lpm_bustri0:inst8|lpm_bustri:lpm_bustri_component ;
+----------------+-------+-------------------------------------------------------------------------------------------+
; Parameter Name ; Value ; Type                                                                                      ;
+----------------+-------+-------------------------------------------------------------------------------------------+
; LPM_WIDTH      ; 8     ; Untyped                                                                                   ;
+----------------+-------+-------------------------------------------------------------------------------------------+
Note: In order to hide this table in the UI and the text report file, please set the "Show Parameter Settings Tables in Synthesis Report" option in "Analysis and Synthesis Settings -> More Settings" to "Off".


+----------------------------------------------------------------------------------------------------------+
; Parameter Settings for User Entity Instance: master_device:inst2|lpm_dff0:inst19|lpm_ff:lpm_ff_component ;
+------------------------+------------+--------------------------------------------------------------------+
; Parameter Name         ; Value      ; Type                                                               ;
+------------------------+------------+--------------------------------------------------------------------+
; LPM_WIDTH              ; 8          ; Untyped                                                            ;
; LPM_AVALUE             ; UNUSED     ; Untyped                                                            ;
; LPM_SVALUE             ; UNUSED     ; Untyped                                                            ;
; LPM_FFTYPE             ; DFF        ; Untyped                                                            ;
; DEVICE_FAMILY          ; Stratix II ; Untyped                                                            ;
; CBXI_PARAMETER         ; NOTHING    ; Untyped                                                            ;
; AUTO_CARRY_CHAINS      ; ON         ; AUTO_CARRY                                                         ;
; IGNORE_CARRY_BUFFERS   ; OFF        ; IGNORE_CARRY                                                       ;
; AUTO_CASCADE_CHAINS    ; ON         ; AUTO_CASCADE                                                       ;
; IGNORE_CASCADE_BUFFERS ; OFF        ; IGNORE_CASCADE                                                     ;
+------------------------+------------+--------------------------------------------------------------------+
Note: In order to hide this table in the UI and the text report file, please set the "Show Parameter Settings Tables in Synthesis Report" option in "Analysis and Synthesis Settings -> More Settings" to "Off".


+-------------------------------------------------------------------------------------------------------+
; Parameter Settings for User Entity Instance: lpm_constant1:inst20|lpm_constant:lpm_constant_component ;
+--------------------+------------------+---------------------------------------------------------------+
; Parameter Name     ; Value            ; Type                                                          ;
+--------------------+------------------+---------------------------------------------------------------+
; LPM_WIDTH          ; 8                ; Untyped                                                       ;
; LPM_CVALUE         ; 1                ; Untyped                                                       ;
; ENABLE_RUNTIME_MOD ; NO               ; Untyped                                                       ;
; CBXI_PARAMETER     ; lpm_constant_rf6 ; Untyped                                                       ;
+--------------------+------------------+---------------------------------------------------------------+
Note: In order to hide this table in the UI and the text report file, please set the "Show Parameter Settings Tables in Synthesis Report" option in "Analysis and Synthesis Settings -> More Settings" to "Off".


+-------------------------------------------------------------------------------------------------------+
; Parameter Settings for User Entity Instance: lpm_constant2:inst22|lpm_constant:lpm_constant_component ;
+--------------------+------------------+---------------------------------------------------------------+
; Parameter Name     ; Value            ; Type                                                          ;
+--------------------+------------------+---------------------------------------------------------------+
; LPM_WIDTH          ; 8                ; Untyped                                                       ;
; LPM_CVALUE         ; 2                ; Untyped                                                       ;
; ENABLE_RUNTIME_MOD ; NO               ; Untyped                                                       ;
; CBXI_PARAMETER     ; lpm_constant_sf6 ; Untyped                                                       ;
+--------------------+------------------+---------------------------------------------------------------+
Note: In order to hide this table in the UI and the text report file, please set the "Show Parameter Settings Tables in Synthesis Report" option in "Analysis and Synthesis Settings -> More Settings" to "Off".


+-------------------------------------------------------------------------------------------------------+
; Parameter Settings for User Entity Instance: lpm_constant3:inst23|lpm_constant:lpm_constant_component ;
+--------------------+------------------+---------------------------------------------------------------+
; Parameter Name     ; Value            ; Type                                                          ;
+--------------------+------------------+---------------------------------------------------------------+
; LPM_WIDTH          ; 8                ; Untyped                                                       ;
; LPM_CVALUE         ; 3                ; Untyped                                                       ;
; ENABLE_RUNTIME_MOD ; NO               ; Untyped                                                       ;
; CBXI_PARAMETER     ; lpm_constant_tf6 ; Untyped                                                       ;
+--------------------+------------------+---------------------------------------------------------------+
Note: In order to hide this table in the UI and the text report file, please set the "Show Parameter Settings Tables in Synthesis Report" option in "Analysis and Synthesis Settings -> More Settings" to "Off".


+--------------------------------------------------------------------------------------------------------+
; Parameter Settings for User Entity Instance: slave_device:inst11|lpm_dff1:inst|lpm_ff:lpm_ff_component ;
+------------------------+------------+------------------------------------------------------------------+
; Parameter Name         ; Value      ; Type                                                             ;
+------------------------+------------+------------------------------------------------------------------+
; LPM_WIDTH              ; 8          ; Untyped                                                          ;
; LPM_AVALUE             ; UNUSED     ; Untyped                                                          ;
; LPM_SVALUE             ; UNUSED     ; Untyped                                                          ;
; LPM_FFTYPE             ; DFF        ; Untyped                                                          ;
; DEVICE_FAMILY          ; Stratix II ; Untyped                                                          ;
; CBXI_PARAMETER         ; NOTHING    ; Untyped                                                          ;
; AUTO_CARRY_CHAINS      ; ON         ; AUTO_CARRY                                                       ;
; IGNORE_CARRY_BUFFERS   ; OFF        ; IGNORE_CARRY                                                     ;
; AUTO_CASCADE_CHAINS    ; ON         ; AUTO_CASCADE                                                     ;
; IGNORE_CASCADE_BUFFERS ; OFF        ; IGNORE_CASCADE                                                   ;
+------------------------+------------+------------------------------------------------------------------+
Note: In order to hide this table in the UI and the text report file, please set the "Show Parameter Settings Tables in Synthesis Report" option in "Analysis and Synthesis Settings -> More Settings" to "Off".


+-------------------------------------------------------------------------------------------------+
; Parameter Settings for User Entity Instance: lpm_decode1:inst26|lpm_decode:lpm_decode_component ;
+------------------------+------------+-----------------------------------------------------------+
; Parameter Name         ; Value      ; Type                                                      ;
+------------------------+------------+-----------------------------------------------------------+
; LPM_WIDTH              ; 3          ; Untyped                                                   ;
; LPM_DECODES            ; 8          ; Untyped                                                   ;
; LPM_PIPELINE           ; 0          ; Untyped                                                   ;
; CASCADE_CHAIN          ; MANUAL     ; Untyped                                                   ;
; DEVICE_FAMILY          ; Stratix II ; Untyped                                                   ;
; CBXI_PARAMETER         ; decode_u7f ; Untyped                                                   ;
; AUTO_CARRY_CHAINS      ; ON         ; AUTO_CARRY                                                ;
; IGNORE_CARRY_BUFFERS   ; OFF        ; IGNORE_CARRY                                              ;
; AUTO_CASCADE_CHAINS    ; ON         ; AUTO_CASCADE                                              ;
; IGNORE_CASCADE_BUFFERS ; OFF        ; IGNORE_CASCADE                                            ;
+------------------------+------------+-----------------------------------------------------------+
Note: In order to hide this table in the UI and the text report file, please set the "Show Parameter Settings Tables in Synthesis Report" option in "Analysis and Synthesis Settings -> More Settings" to "Off".


+--------------------------------------------------------------------------------------------------------+
; Parameter Settings for User Entity Instance: slave_device:inst12|lpm_dff1:inst|lpm_ff:lpm_ff_component ;
+------------------------+------------+------------------------------------------------------------------+
; Parameter Name         ; Value      ; Type                                                             ;
+------------------------+------------+------------------------------------------------------------------+
; LPM_WIDTH              ; 8          ; Untyped                                                          ;
; LPM_AVALUE             ; UNUSED     ; Untyped                                                          ;
; LPM_SVALUE             ; UNUSED     ; Untyped                                                          ;
; LPM_FFTYPE             ; DFF        ; Untyped                                                          ;
; DEVICE_FAMILY          ; Stratix II ; Untyped                                                          ;
; CBXI_PARAMETER         ; NOTHING    ; Untyped                                                          ;
; AUTO_CARRY_CHAINS      ; ON         ; AUTO_CARRY                                                       ;
; IGNORE_CARRY_BUFFERS   ; OFF        ; IGNORE_CARRY                                                     ;
; AUTO_CASCADE_CHAINS    ; ON         ; AUTO_CASCADE                                                     ;
; IGNORE_CASCADE_BUFFERS ; OFF        ; IGNORE_CASCADE                                                   ;
+------------------------+------------+------------------------------------------------------------------+
Note: In order to hide this table in the UI and the text report file, please set the "Show Parameter Settings Tables in Synthesis Report" option in "Analysis and Synthesis Settings -> More Settings" to "Off".


+--------------------------------------------------------------------------------------------------------+
; Parameter Settings for User Entity Instance: slave_device:inst13|lpm_dff1:inst|lpm_ff:lpm_ff_component ;
+------------------------+------------+------------------------------------------------------------------+
; Parameter Name         ; Value      ; Type                                                             ;
+------------------------+------------+------------------------------------------------------------------+
; LPM_WIDTH              ; 8          ; Untyped                                                          ;
; LPM_AVALUE             ; UNUSED     ; Untyped                                                          ;
; LPM_SVALUE             ; UNUSED     ; Untyped                                                          ;
; LPM_FFTYPE             ; DFF        ; Untyped                                                          ;
; DEVICE_FAMILY          ; Stratix II ; Untyped                                                          ;
; CBXI_PARAMETER         ; NOTHING    ; Untyped                                                          ;
; AUTO_CARRY_CHAINS      ; ON         ; AUTO_CARRY                                                       ;
; IGNORE_CARRY_BUFFERS   ; OFF        ; IGNORE_CARRY                                                     ;
; AUTO_CASCADE_CHAINS    ; ON         ; AUTO_CASCADE                                                     ;
; IGNORE_CASCADE_BUFFERS ; OFF        ; IGNORE_CASCADE                                                   ;
+------------------------+------------+------------------------------------------------------------------+
Note: In order to hide this table in the UI and the text report file, please set the "Show Parameter Settings Tables in Synthesis Report" option in "Analysis and Synthesis Settings -> More Settings" to "Off".


+--------------------------------------------------------------------------------------------------------+
; Parameter Settings for User Entity Instance: slave_device:inst14|lpm_dff1:inst|lpm_ff:lpm_ff_component ;
+------------------------+------------+------------------------------------------------------------------+
; Parameter Name         ; Value      ; Type                                                             ;
+------------------------+------------+------------------------------------------------------------------+
; LPM_WIDTH              ; 8          ; Untyped                                                          ;
; LPM_AVALUE             ; UNUSED     ; Untyped                                                          ;
; LPM_SVALUE             ; UNUSED     ; Untyped                                                          ;
; LPM_FFTYPE             ; DFF        ; Untyped                                                          ;
; DEVICE_FAMILY          ; Stratix II ; Untyped                                                          ;
; CBXI_PARAMETER         ; NOTHING    ; Untyped                                                          ;
; AUTO_CARRY_CHAINS      ; ON         ; AUTO_CARRY                                                       ;
; IGNORE_CARRY_BUFFERS   ; OFF        ; IGNORE_CARRY                                                     ;
; AUTO_CASCADE_CHAINS    ; ON         ; AUTO_CASCADE                                                     ;
; IGNORE_CASCADE_BUFFERS ; OFF        ; IGNORE_CASCADE                                                   ;
+------------------------+------------+------------------------------------------------------------------+
Note: In order to hide this table in the UI and the text report file, please set the "Show Parameter Settings Tables in Synthesis Report" option in "Analysis and Synthesis Settings -> More Settings" to "Off".


+--------------------------------------------------------------------------------------------------------+
; Parameter Settings for User Entity Instance: slave_device:inst17|lpm_dff1:inst|lpm_ff:lpm_ff_component ;
+------------------------+------------+------------------------------------------------------------------+
; Parameter Name         ; Value      ; Type                                                             ;
+------------------------+------------+------------------------------------------------------------------+
; LPM_WIDTH              ; 8          ; Untyped                                                          ;
; LPM_AVALUE             ; UNUSED     ; Untyped                                                          ;
; LPM_SVALUE             ; UNUSED     ; Untyped                                                          ;
; LPM_FFTYPE             ; DFF        ; Untyped                                                          ;
; DEVICE_FAMILY          ; Stratix II ; Untyped                                                          ;
; CBXI_PARAMETER         ; NOTHING    ; Untyped                                                          ;
; AUTO_CARRY_CHAINS      ; ON         ; AUTO_CARRY                                                       ;
; IGNORE_CARRY_BUFFERS   ; OFF        ; IGNORE_CARRY                                                     ;
; AUTO_CASCADE_CHAINS    ; ON         ; AUTO_CASCADE                                                     ;
; IGNORE_CASCADE_BUFFERS ; OFF        ; IGNORE_CASCADE                                                   ;
+------------------------+------------+------------------------------------------------------------------+
Note: In order to hide this table in the UI and the text report file, please set the "Show Parameter Settings Tables in Synthesis Report" option in "Analysis and Synthesis Settings -> More Settings" to "Off".


+-------------------------------+
; Analysis & Synthesis Messages ;
+-------------------------------+
Info: *******************************************************************
Info: Running Quartus II Analysis & Synthesis
    Info: Version 9.1 Build 222 10/21/2009 SJ Web Edition
    Info: Processing started: Fri Mar 21 14:08:37 2025
Info: Command: quartus_map --read_settings_files=on --write_settings_files=off lab7var2 -c lab7var2
Info: Found 1 design units, including 1 entities, in source file lpm_bustri0.tdf
    Info: Found entity 1: lpm_bustri0
Info: Found 1 design units, including 1 entities, in source file lpm_bustri1.tdf
    Info: Found entity 1: lpm_bustri1
Info: Found 1 design units, including 1 entities, in source file lpm_constant0.tdf
    Info: Found entity 1: lpm_constant0
Info: Found 1 design units, including 1 entities, in source file lpm_constant1.tdf
    Info: Found entity 1: lpm_constant1
Info: Found 1 design units, including 1 entities, in source file lpm_constant2.tdf
    Info: Found entity 1: lpm_constant2
Info: Found 1 design units, including 1 entities, in source file lpm_constant3.tdf
    Info: Found entity 1: lpm_constant3
Info: Found 1 design units, including 1 entities, in source file lpm_constant4.tdf
    Info: Found entity 1: lpm_constant4
Info: Found 1 design units, including 1 entities, in source file lpm_constant5.tdf
    Info: Found entity 1: lpm_constant5
Info: Found 1 design units, including 1 entities, in source file lpm_constant6.tdf
    Info: Found entity 1: lpm_constant6
Info: Found 1 design units, including 1 entities, in source file lpm_constant7.tdf
    Info: Found entity 1: lpm_constant7
Info: Found 1 design units, including 1 entities, in source file lpm_constant8.tdf
    Info: Found entity 1: lpm_constant8
Info: Found 1 design units, including 1 entities, in source file lpm_counter0.tdf
    Info: Found entity 1: lpm_counter0
Info: Found 1 design units, including 1 entities, in source file lpm_counter1.tdf
    Info: Found entity 1: lpm_counter1
Info: Found 1 design units, including 1 entities, in source file lpm_counter2.tdf
    Info: Found entity 1: lpm_counter2
Info: Found 1 design units, including 1 entities, in source file lpm_counter3.tdf
    Info: Found entity 1: lpm_counter3
Info: Found 1 design units, including 1 entities, in source file lpm_counter4.tdf
    Info: Found entity 1: lpm_counter4
Info: Found 1 design units, including 1 entities, in source file lpm_decode0.tdf
    Info: Found entity 1: lpm_decode0
Info: Found 1 design units, including 1 entities, in source file lpm_decode1.tdf
    Info: Found entity 1: lpm_decode1
Info: Found 1 design units, including 1 entities, in source file lpm_decode2.tdf
    Info: Found entity 1: lpm_decode2
Info: Found 1 design units, including 1 entities, in source file lpm_dff0.tdf
    Info: Found entity 1: lpm_dff0
Info: Found 1 design units, including 1 entities, in source file lpm_dff1.tdf
    Info: Found entity 1: lpm_dff1
Info: Found 1 design units, including 1 entities, in source file lab7var2.bdf
    Info: Found entity 1: lab7var2
Info: Found 1 design units, including 1 entities, in source file arbitr.bdf
    Info: Found entity 1: arbitr
Info: Found 1 design units, including 1 entities, in source file master_device.bdf
    Info: Found entity 1: master_device
Info: Found 1 design units, including 1 entities, in source file slave_device.bdf
    Info: Found entity 1: slave_device
Info: Elaborating entity "lab7var2" for the top level hierarchy
Info: Elaborating entity "arbitr" for hierarchy "arbitr:inst"
Info: Elaborating entity "master_device" for hierarchy "master_device:inst5"
Warning: Using design file lpm_compare0.tdf, which is not specified as a design file for the current project, but contains definitions for 1 design units and 1 entities in project
    Info: Found entity 1: lpm_compare0
Info: Elaborating entity "lpm_compare0" for hierarchy "master_device:inst5|lpm_compare0:inst2"
Info: Elaborating entity "lpm_compare" for hierarchy "master_device:inst5|lpm_compare0:inst2|lpm_compare:lpm_compare_component"
Info: Elaborated megafunction instantiation "master_device:inst5|lpm_compare0:inst2|lpm_compare:lpm_compare_component"
Info: Instantiated megafunction "master_device:inst5|lpm_compare0:inst2|lpm_compare:lpm_compare_component" with the following parameter:
    Info: Parameter "LPM_TYPE" = "LPM_COMPARE"
    Info: Parameter "LPM_WIDTH" = "8"
    Info: Parameter "LPM_REPRESENTATION" = "UNSIGNED"
Info: Found 1 design units, including 1 entities, in source file db/cmpr_fig.tdf
    Info: Found entity 1: cmpr_fig
Info: Elaborating entity "cmpr_fig" for hierarchy "master_device:inst5|lpm_compare0:inst2|lpm_compare:lpm_compare_component|cmpr_fig:auto_generated"
Warning: Using design file lpm_add_sub0.tdf, which is not specified as a design file for the current project, but contains definitions for 1 design units and 1 entities in project
    Info: Found entity 1: lpm_add_sub0
Info: Elaborating entity "lpm_add_sub0" for hierarchy "master_device:inst5|lpm_add_sub0:inst"
Info: Elaborating entity "lpm_add_sub" for hierarchy "master_device:inst5|lpm_add_sub0:inst|lpm_add_sub:lpm_add_sub_component"
Info: Elaborated megafunction instantiation "master_device:inst5|lpm_add_sub0:inst|lpm_add_sub:lpm_add_sub_component"
Info: Instantiated megafunction "master_device:inst5|lpm_add_sub0:inst|lpm_add_sub:lpm_add_sub_component" with the following parameter:
    Info: Parameter "LPM_TYPE" = "LPM_ADD_SUB"
    Info: Parameter "LPM_HINT" = "ONE_INPUT_IS_CONSTANT=NO,CIN_USED=NO"
    Info: Parameter "LPM_WIDTH" = "8"
    Info: Parameter "LPM_REPRESENTATION" = "UNSIGNED"
    Info: Parameter "LPM_DIRECTION" = "ADD"
Info: Found 1 design units, including 1 entities, in source file db/add_sub_elh.tdf
    Info: Found entity 1: add_sub_elh
Info: Elaborating entity "add_sub_elh" for hierarchy "master_device:inst5|lpm_add_sub0:inst|lpm_add_sub:lpm_add_sub_component|add_sub_elh:auto_generated"
Info: Elaborating entity "lpm_constant4" for hierarchy "master_device:inst5|lpm_constant4:inst1"
Info: Elaborating entity "lpm_constant" for hierarchy "master_device:inst5|lpm_constant4:inst1|lpm_constant:lpm_constant_component"
Info: Elaborated megafunction instantiation "master_device:inst5|lpm_constant4:inst1|lpm_constant:lpm_constant_component"
Info: Instantiated megafunction "master_device:inst5|lpm_constant4:inst1|lpm_constant:lpm_constant_component" with the following parameter:
    Info: Parameter "LPM_TYPE" = "LPM_CONSTANT"
    Info: Parameter "LPM_HINT" = "ENABLE_RUNTIME_MOD=NO"
    Info: Parameter "LPM_WIDTH" = "8"
    Info: Parameter "LPM_CVALUE" = "3"
Info: Elaborating entity "lpm_counter0" for hierarchy "master_device:inst5|lpm_counter0:inst13"
Info: Elaborating entity "lpm_counter" for hierarchy "master_device:inst5|lpm_counter0:inst13|lpm_counter:lpm_counter_component"
Info: Elaborated megafunction instantiation "master_device:inst5|lpm_counter0:inst13|lpm_counter:lpm_counter_component"
Info: Instantiated megafunction "master_device:inst5|lpm_counter0:inst13|lpm_counter:lpm_counter_component" with the following parameter:
    Info: Parameter "LPM_TYPE" = "LPM_COUNTER"
    Info: Parameter "LPM_WIDTH" = "8"
    Info: Parameter "LPM_DIRECTION" = "UP"
    Info: Parameter "LPM_PORT_UPDOWN" = "PORT_UNUSED"
Info: Found 1 design units, including 1 entities, in source file db/cntr_coi.tdf
    Info: Found entity 1: cntr_coi
Info: Elaborating entity "cntr_coi" for hierarchy "master_device:inst5|lpm_counter0:inst13|lpm_counter:lpm_counter_component|cntr_coi:auto_generated"
Info: Elaborating entity "lpm_bustri1" for hierarchy "master_device:inst5|lpm_bustri1:inst9"
Info: Elaborating entity "lpm_bustri" for hierarchy "master_device:inst5|lpm_bustri1:inst9|lpm_bustri:lpm_bustri_component"
Info: Elaborated megafunction instantiation "master_device:inst5|lpm_bustri1:inst9|lpm_bustri:lpm_bustri_component"
Info: Instantiated megafunction "master_device:inst5|lpm_bustri1:inst9|lpm_bustri:lpm_bustri_component" with the following parameter:
    Info: Parameter "LPM_TYPE" = "LPM_BUSTRI"
    Info: Parameter "LPM_WIDTH" = "3"
Warning: Using design file lpm_add_sub1.tdf, which is not specified as a design file for the current project, but contains definitions for 1 design units and 1 entities in project
    Info: Found entity 1: lpm_add_sub1
Info: Elaborating entity "lpm_add_sub1" for hierarchy "master_device:inst5|lpm_add_sub1:inst4"
Info: Elaborating entity "lpm_add_sub" for hierarchy "master_device:inst5|lpm_add_sub1:inst4|lpm_add_sub:lpm_add_sub_component"
Info: Elaborated megafunction instantiation "master_device:inst5|lpm_add_sub1:inst4|lpm_add_sub:lpm_add_sub_component"
Info: Instantiated megafunction "master_device:inst5|lpm_add_sub1:inst4|lpm_add_sub:lpm_add_sub_component" with the following parameter:
    Info: Parameter "LPM_TYPE" = "LPM_ADD_SUB"
    Info: Parameter "LPM_HINT" = "ONE_INPUT_IS_CONSTANT=NO,CIN_USED=NO"
    Info: Parameter "LPM_WIDTH" = "8"
    Info: Parameter "LPM_REPRESENTATION" = "UNSIGNED"
    Info: Parameter "LPM_DIRECTION" = "SUB"
Info: Found 1 design units, including 1 entities, in source file db/add_sub_fmh.tdf
    Info: Found entity 1: add_sub_fmh
Info: Elaborating entity "add_sub_fmh" for hierarchy "master_device:inst5|lpm_add_sub1:inst4|lpm_add_sub:lpm_add_sub_component|add_sub_fmh:auto_generated"
Info: Elaborating entity "lpm_constant1" for hierarchy "master_device:inst5|lpm_constant1:inst5"
Info: Elaborating entity "lpm_constant" for hierarchy "master_device:inst5|lpm_constant1:inst5|lpm_constant:lpm_constant_component"
Info: Elaborated megafunction instantiation "master_device:inst5|lpm_constant1:inst5|lpm_constant:lpm_constant_component"
Info: Instantiated megafunction "master_device:inst5|lpm_constant1:inst5|lpm_constant:lpm_constant_component" with the following parameter:
    Info: Parameter "LPM_TYPE" = "LPM_CONSTANT"
    Info: Parameter "LPM_HINT" = "ENABLE_RUNTIME_MOD=NO"
    Info: Parameter "LPM_WIDTH" = "8"
    Info: Parameter "LPM_CVALUE" = "1"
Warning: Using design file lpm_add_sub2.tdf, which is not specified as a design file for the current project, but contains definitions for 1 design units and 1 entities in project
    Info: Found entity 1: lpm_add_sub2
Info: Elaborating entity "lpm_add_sub2" for hierarchy "master_device:inst5|lpm_add_sub2:inst11"
Info: Elaborating entity "lpm_add_sub" for hierarchy "master_device:inst5|lpm_add_sub2:inst11|lpm_add_sub:lpm_add_sub_component"
Info: Elaborated megafunction instantiation "master_device:inst5|lpm_add_sub2:inst11|lpm_add_sub:lpm_add_sub_component"
Info: Instantiated megafunction "master_device:inst5|lpm_add_sub2:inst11|lpm_add_sub:lpm_add_sub_component" with the following parameter:
    Info: Parameter "LPM_TYPE" = "LPM_ADD_SUB"
    Info: Parameter "LPM_HINT" = "ONE_INPUT_IS_CONSTANT=NO,CIN_USED=NO"
    Info: Parameter "LPM_WIDTH" = "3"
    Info: Parameter "LPM_REPRESENTATION" = "UNSIGNED"
    Info: Parameter "LPM_DIRECTION" = "ADD"
Info: Found 1 design units, including 1 entities, in source file db/add_sub_9lh.tdf
    Info: Found entity 1: add_sub_9lh
Info: Elaborating entity "add_sub_9lh" for hierarchy "master_device:inst5|lpm_add_sub2:inst11|lpm_add_sub:lpm_add_sub_component|add_sub_9lh:auto_generated"
Warning: Using design file lpm_counter5.tdf, which is not specified as a design file for the current project, but contains definitions for 1 design units and 1 entities in project
    Info: Found entity 1: lpm_counter5
Info: Elaborating entity "lpm_counter5" for hierarchy "master_device:inst5|lpm_counter5:inst10"
Info: Elaborating entity "lpm_counter" for hierarchy "master_device:inst5|lpm_counter5:inst10|lpm_counter:lpm_counter_component"
Info: Elaborated megafunction instantiation "master_device:inst5|lpm_counter5:inst10|lpm_counter:lpm_counter_component"
Info: Instantiated megafunction "master_device:inst5|lpm_counter5:inst10|lpm_counter:lpm_counter_component" with the following parameter:
    Info: Parameter "LPM_TYPE" = "LPM_COUNTER"
    Info: Parameter "LPM_WIDTH" = "8"
    Info: Parameter "LPM_DIRECTION" = "UP"
    Info: Parameter "LPM_MODULUS" = "3"
    Info: Parameter "LPM_PORT_UPDOWN" = "PORT_UNUSED"
Info: Found 1 design units, including 1 entities, in source file db/cntr_vvi.tdf
    Info: Found entity 1: cntr_vvi
Info: Elaborating entity "cntr_vvi" for hierarchy "master_device:inst5|lpm_counter5:inst10|lpm_counter:lpm_counter_component|cntr_vvi:auto_generated"
Info: Found 1 design units, including 1 entities, in source file db/cmpr_edc.tdf
    Info: Found entity 1: cmpr_edc
Info: Elaborating entity "cmpr_edc" for hierarchy "master_device:inst5|lpm_counter5:inst10|lpm_counter:lpm_counter_component|cntr_vvi:auto_generated|cmpr_edc:cmpr2"
Info: Elaborating entity "lpm_bustri0" for hierarchy "master_device:inst5|lpm_bustri0:inst8"
Info: Elaborating entity "lpm_bustri" for hierarchy "master_device:inst5|lpm_bustri0:inst8|lpm_bustri:lpm_bustri_component"
Info: Elaborated megafunction instantiation "master_device:inst5|lpm_bustri0:inst8|lpm_bustri:lpm_bustri_component"
Info: Instantiated megafunction "master_device:inst5|lpm_bustri0:inst8|lpm_bustri:lpm_bustri_component" with the following parameter:
    Info: Parameter "LPM_TYPE" = "LPM_BUSTRI"
    Info: Parameter "LPM_WIDTH" = "8"
Info: Elaborating entity "lpm_dff0" for hierarchy "master_device:inst5|lpm_dff0:inst19"
Info: Elaborating entity "lpm_ff" for hierarchy "master_device:inst5|lpm_dff0:inst19|lpm_ff:lpm_ff_component"
Info: Elaborated megafunction instantiation "master_device:inst5|lpm_dff0:inst19|lpm_ff:lpm_ff_component"
Info: Instantiated megafunction "master_device:inst5|lpm_dff0:inst19|lpm_ff:lpm_ff_component" with the following parameter:
    Info: Parameter "LPM_TYPE" = "LPM_FF"
    Info: Parameter "LPM_WIDTH" = "8"
    Info: Parameter "LPM_FFTYPE" = "DFF"
Info: Elaborating entity "lpm_constant2" for hierarchy "lpm_constant2:inst22"
Info: Elaborating entity "lpm_constant" for hierarchy "lpm_constant2:inst22|lpm_constant:lpm_constant_component"
Info: Elaborated megafunction instantiation "lpm_constant2:inst22|lpm_constant:lpm_constant_component"
Info: Instantiated megafunction "lpm_constant2:inst22|lpm_constant:lpm_constant_component" with the following parameter:
    Info: Parameter "LPM_TYPE" = "LPM_CONSTANT"
    Info: Parameter "LPM_HINT" = "ENABLE_RUNTIME_MOD=NO"
    Info: Parameter "LPM_WIDTH" = "8"
    Info: Parameter "LPM_CVALUE" = "2"
Info: Elaborating entity "lpm_constant3" for hierarchy "lpm_constant3:inst23"
Info: Elaborating entity "slave_device" for hierarchy "slave_device:inst11"
Info: Elaborating entity "lpm_dff1" for hierarchy "slave_device:inst11|lpm_dff1:inst"
Info: Elaborating entity "lpm_decode1" for hierarchy "lpm_decode1:inst26"
Info: Elaborating entity "lpm_decode" for hierarchy "lpm_decode1:inst26|lpm_decode:lpm_decode_component"
Info: Elaborated megafunction instantiation "lpm_decode1:inst26|lpm_decode:lpm_decode_component"
Info: Instantiated megafunction "lpm_decode1:inst26|lpm_decode:lpm_decode_component" with the following parameter:
    Info: Parameter "LPM_TYPE" = "LPM_DECODE"
    Info: Parameter "LPM_WIDTH" = "3"
    Info: Parameter "LPM_DECODES" = "8"
Info: Found 1 design units, including 1 entities, in source file db/decode_u7f.tdf
    Info: Found entity 1: decode_u7f
Info: Elaborating entity "decode_u7f" for hierarchy "lpm_decode1:inst26|lpm_decode:lpm_decode_component|decode_u7f:auto_generated"
Warning: Open-drain buffer(s) that do not directly drive top-level pin(s) are removed
    Warning: Converted the fanout from the open-drain buffer "master_device:inst5|lpm_bustri0:inst8|lpm_bustri:lpm_bustri_component|dout[7]" to the node "slave_device:inst11|lpm_dff1:inst|lpm_ff:lpm_ff_component|dffs[7]" into a wire
    Warning: Converted the fanout from the open-drain buffer "master_device:inst5|lpm_bustri0:inst8|lpm_bustri:lpm_bustri_component|dout[6]" to the node "slave_device:inst11|lpm_dff1:inst|lpm_ff:lpm_ff_component|dffs[6]" into a wire
    Warning: Converted the fanout from the open-drain buffer "master_device:inst5|lpm_bustri0:inst8|lpm_bustri:lpm_bustri_component|dout[5]" to the node "slave_device:inst11|lpm_dff1:inst|lpm_ff:lpm_ff_component|dffs[5]" into a wire
    Warning: Converted the fanout from the open-drain buffer "master_device:inst5|lpm_bustri0:inst8|lpm_bustri:lpm_bustri_component|dout[4]" to the node "slave_device:inst11|lpm_dff1:inst|lpm_ff:lpm_ff_component|dffs[4]" into a wire
    Warning: Converted the fanout from the open-drain buffer "master_device:inst5|lpm_bustri0:inst8|lpm_bustri:lpm_bustri_component|dout[3]" to the node "slave_device:inst11|lpm_dff1:inst|lpm_ff:lpm_ff_component|dffs[3]" into a wire
    Warning: Converted the fanout from the open-drain buffer "master_device:inst5|lpm_bustri0:inst8|lpm_bustri:lpm_bustri_component|dout[2]" to the node "slave_device:inst11|lpm_dff1:inst|lpm_ff:lpm_ff_component|dffs[2]" into a wire
Warning: Tri-state node(s) do not directly drive top-level pin(s)
    Warning: Converted the fan-out from the tri-state buffer "master_device:inst4|lpm_bustri1:inst9|lpm_bustri:lpm_bustri_component|dout[2]" to the node "slave_device:inst17|inst7" into an OR gate
    Warning: Converted the fan-out from the tri-state buffer "master_device:inst4|lpm_bustri1:inst9|lpm_bustri:lpm_bustri_component|dout[1]" to the node "slave_device:inst14|inst7" into an OR gate
    Warning: Converted the fan-out from the tri-state buffer "master_device:inst4|lpm_bustri1:inst9|lpm_bustri:lpm_bustri_component|dout[0]" to the node "slave_device:inst14|inst7" into an OR gate
    Warning: Converted the fan-out from the tri-state buffer "master_device:inst2|lpm_bustri0:inst8|lpm_bustri:lpm_bustri_component|dout[1]" to the node "slave_device:inst11|lpm_dff1:inst|lpm_ff:lpm_ff_component|dffs[1]" into an OR gate
    Warning: Converted the fan-out from the tri-state buffer "master_device:inst4|lpm_bustri0:inst8|lpm_bustri:lpm_bustri_component|dout[0]" to the node "slave_device:inst11|lpm_dff1:inst|lpm_ff:lpm_ff_component|dffs[0]" into an OR gate
Info: Implemented 201 device resources after synthesis - the final resource count might be different
    Info: Implemented 4 input pins
    Info: Implemented 54 output pins
    Info: Implemented 143 logic cells
Info: Quartus II Analysis & Synthesis was successful. 0 errors, 18 warnings
    Info: Peak virtual memory: 230 megabytes
    Info: Processing ended: Fri Mar 21 14:08:40 2025
    Info: Elapsed time: 00:00:03
    Info: Total CPU time (on all processors): 00:00:02


