Simulator report for lab7var2
Fri Mar 21 14:08:52 2025
Quartus II Version 9.1 Build 222 10/21/2009 SJ Web Edition


---------------------
; Table of Contents ;
---------------------
  1. Legal Notice
  2. Simulator Summary
  3. Simulator Settings
  4. Simulation Waveforms
  5. Coverage Summary
  6. Complete 1/0-Value Coverage
  7. Missing 1-Value Coverage
  8. Missing 0-Value Coverage
  9. Simulator INI Usage
 10. Simulator Messages



----------------
; Legal Notice ;
----------------
Copyright (C) 1991-2009 Altera Corporation
Your use of Altera Corporation's design tools, logic functions 
and other software and tools, and its AMPP partner logic 
functions, and any output files from any of the foregoing 
(including device programming or simulation files), and any 
associated documentation or information are expressly subject 
to the terms and conditions of the Altera Program License 
Subscription Agreement, Altera MegaCore Function License 
Agreement, or other applicable license agreement, including, 
without limitation, that your use is for the sole purpose of 
programming logic devices manufactured by Altera and sold by 
Altera or its authorized distributors.  Please refer to the 
applicable agreement for further details.



+--------------------------------------------+
; Simulator Summary                          ;
+-----------------------------+--------------+
; Type                        ; Value        ;
+-----------------------------+--------------+
; Simulation Start Time       ; 0 ps         ;
; Simulation End Time         ; 1.0 us       ;
; Simulation Netlist Size     ; 370 nodes    ;
; Simulation Coverage         ;      36.63 % ;
; Total Number of Transitions ; 2037         ;
; Simulation Breakpoints      ; 0            ;
; Family                      ; Stratix II   ;
+-----------------------------+--------------+


+---------------------------------------------------------------------------------------------------------------------------+
; Simulator Settings                                                                                                        ;
+--------------------------------------------------------------------------------------------+--------------+---------------+
; Option                                                                                     ; Setting      ; Default Value ;
+--------------------------------------------------------------------------------------------+--------------+---------------+
; Simulation mode                                                                            ; Functional   ; Timing        ;
; Start time                                                                                 ; 0 ns         ; 0 ns          ;
; Simulation results format                                                                  ; CVWF         ;               ;
; Vector input source                                                                        ; lab7var2.vwf ;               ;
; Add pins automatically to simulation output waveforms                                      ; On           ; On            ;
; Check outputs                                                                              ; Off          ; Off           ;
; Report simulation coverage                                                                 ; On           ; On            ;
; Display complete 1/0 value coverage report                                                 ; On           ; On            ;
; Display missing 1-value coverage report                                                    ; On           ; On            ;
; Display missing 0-value coverage report                                                    ; On           ; On            ;
; Detect setup and hold time violations                                                      ; Off          ; Off           ;
; Detect glitches                                                                            ; Off          ; Off           ;
; Disable timing delays in Timing Simulation                                                 ; Off          ; Off           ;
; Generate Signal Activity File                                                              ; Off          ; Off           ;
; Generate VCD File for PowerPlay Power Analyzer                                             ; Off          ; Off           ;
; Group bus channels in simulation results                                                   ; Off          ; Off           ;
; Preserve fewer signal transitions to reduce memory requirements                            ; On           ; On            ;
; Trigger vector comparison with the specified mode                                          ; INPUT_EDGE   ; INPUT_EDGE    ;
; Disable setup and hold time violations detection in input registers of bi-directional pins ; Off          ; Off           ;
; Overwrite Waveform Inputs With Simulation Outputs                                          ; Off          ;               ;
; Perform Glitch Filtering in Timing Simulation                                              ; Auto         ; Auto          ;
+--------------------------------------------------------------------------------------------+--------------+---------------+


+----------------------+
; Simulation Waveforms ;
+----------------------+
Waveform report data cannot be output to ASCII.
Please use Quartus II to view the waveform report data.


+--------------------------------------------------------------------+
; Coverage Summary                                                   ;
+-----------------------------------------------------+--------------+
; Type                                                ; Value        ;
+-----------------------------------------------------+--------------+
; Total coverage as a percentage                      ;      36.63 % ;
; Total nodes checked                                 ; 370          ;
; Total output ports checked                          ; 415          ;
; Total output ports with complete 1/0-value coverage ; 152          ;
; Total output ports with no 1/0-value coverage       ; 189          ;
; Total output ports with no 1-value coverage         ; 236          ;
; Total output ports with no 0-value coverage         ; 216          ;
+-----------------------------------------------------+--------------+


The following table displays output ports that toggle between 1 and 0 during simulation.
+-------------------------------------------------------------------------------------------------------------------------------------------------------------------------------------------------------------------------------------------------------------------------------------------+
; Complete 1/0-Value Coverage                                                                                                                                                                                                                                                               ;
+----------------------------------------------------------------------------------------------------------------------------------+-------------------------------------------------------------------------------------------------------------------------------------+------------------+
; Node Name                                                                                                                        ; Output Port Name                                                                                                                    ; Output Port Type ;
+----------------------------------------------------------------------------------------------------------------------------------+-------------------------------------------------------------------------------------------------------------------------------------+------------------+
; |lab7var2|bus_providing                                                                                                          ; |lab7var2|bus_providing                                                                                                             ; pin_out          ;
; |lab7var2|bus_busy                                                                                                               ; |lab7var2|bus_busy                                                                                                                  ; pin_out          ;
; |lab7var2|inst8                                                                                                                  ; |lab7var2|inst8                                                                                                                     ; out0             ;
; |lab7var2|cllk                                                                                                                   ; |lab7var2|cllk                                                                                                                      ; out              ;
; |lab7var2|REQ[2]                                                                                                                 ; |lab7var2|REQ[2]                                                                                                                    ; out              ;
; |lab7var2|REQ[1]                                                                                                                 ; |lab7var2|REQ[1]                                                                                                                    ; out              ;
; |lab7var2|REQ[0]                                                                                                                 ; |lab7var2|REQ[0]                                                                                                                    ; out              ;
; |lab7var2|gdfx_temp1[2]                                                                                                          ; |lab7var2|gdfx_temp1[2]                                                                                                             ; out0             ;
; |lab7var2|gdfx_temp1[1]                                                                                                          ; |lab7var2|gdfx_temp1[1]                                                                                                             ; out0             ;
; |lab7var2|gdfx_temp1[0]                                                                                                          ; |lab7var2|gdfx_temp1[0]                                                                                                             ; out0             ;
; |lab7var2|inst10                                                                                                                 ; |lab7var2|inst10                                                                                                                    ; out0             ;
; |lab7var2|inst16                                                                                                                 ; |lab7var2|inst16                                                                                                                    ; out0             ;
; |lab7var2|inst15                                                                                                                 ; |lab7var2|inst15                                                                                                                    ; out0             ;
; |lab7var2|bus_req                                                                                                                ; |lab7var2|bus_req                                                                                                                   ; pin_out          ;
; |lab7var2|Address[2]                                                                                                             ; |lab7var2|Address[2]                                                                                                                ; pin_out          ;
; |lab7var2|Address[1]                                                                                                             ; |lab7var2|Address[1]                                                                                                                ; pin_out          ;
; |lab7var2|Address[0]                                                                                                             ; |lab7var2|Address[0]                                                                                                                ; pin_out          ;
; |lab7var2|Data[1]                                                                                                                ; |lab7var2|Data[1]                                                                                                                   ; pin_out          ;
; |lab7var2|Data[0]                                                                                                                ; |lab7var2|Data[0]                                                                                                                   ; pin_out          ;
; |lab7var2|gdfx_temp0[1]                                                                                                          ; |lab7var2|gdfx_temp0[1]                                                                                                             ; out0             ;
; |lab7var2|gdfx_temp0[0]                                                                                                          ; |lab7var2|gdfx_temp0[0]                                                                                                             ; out0             ;
; |lab7var2|Data_slave2[1]                                                                                                         ; |lab7var2|Data_slave2[1]                                                                                                            ; pin_out          ;
; |lab7var2|slave_device:inst14|inst7                                                                                              ; |lab7var2|slave_device:inst14|inst7                                                                                                 ; out0             ;
; |lab7var2|slave_device:inst13|inst7                                                                                              ; |lab7var2|slave_device:inst13|inst7                                                                                                 ; out0             ;
; |lab7var2|slave_device:inst12|inst7                                                                                              ; |lab7var2|slave_device:inst12|inst7                                                                                                 ; out0             ;
; |lab7var2|slave_device:inst12|lpm_dff1:inst|lpm_ff:lpm_ff_component|dffs[1]                                                      ; |lab7var2|slave_device:inst12|lpm_dff1:inst|lpm_ff:lpm_ff_component|dffs[1]                                                         ; regout           ;
; |lab7var2|lpm_decode1:inst26|lpm_decode:lpm_decode_component|decode_u7f:auto_generated|w_anode19w[3]                             ; |lab7var2|lpm_decode1:inst26|lpm_decode:lpm_decode_component|decode_u7f:auto_generated|w_anode19w[3]                                ; out0             ;
; |lab7var2|lpm_decode1:inst26|lpm_decode:lpm_decode_component|decode_u7f:auto_generated|w_anode19w[2]                             ; |lab7var2|lpm_decode1:inst26|lpm_decode:lpm_decode_component|decode_u7f:auto_generated|w_anode19w[2]                                ; out0             ;
; |lab7var2|lpm_decode1:inst26|lpm_decode:lpm_decode_component|decode_u7f:auto_generated|w_anode30w[3]                             ; |lab7var2|lpm_decode1:inst26|lpm_decode:lpm_decode_component|decode_u7f:auto_generated|w_anode30w[3]                                ; out0             ;
; |lab7var2|lpm_decode1:inst26|lpm_decode:lpm_decode_component|decode_u7f:auto_generated|w_anode30w[2]                             ; |lab7var2|lpm_decode1:inst26|lpm_decode:lpm_decode_component|decode_u7f:auto_generated|w_anode30w[2]                                ; out0             ;
; |lab7var2|lpm_decode1:inst26|lpm_decode:lpm_decode_component|decode_u7f:auto_generated|w_anode41w[3]                             ; |lab7var2|lpm_decode1:inst26|lpm_decode:lpm_decode_component|decode_u7f:auto_generated|w_anode41w[3]                                ; out0             ;
; |lab7var2|lpm_decode1:inst26|lpm_decode:lpm_decode_component|decode_u7f:auto_generated|w_anode41w[2]                             ; |lab7var2|lpm_decode1:inst26|lpm_decode:lpm_decode_component|decode_u7f:auto_generated|w_anode41w[2]                                ; out0             ;
; |lab7var2|lpm_decode1:inst26|lpm_decode:lpm_decode_component|decode_u7f:auto_generated|w_anode52w[3]                             ; |lab7var2|lpm_decode1:inst26|lpm_decode:lpm_decode_component|decode_u7f:auto_generated|w_anode52w[3]                                ; out0             ;
; |lab7var2|lpm_decode1:inst26|lpm_decode:lpm_decode_component|decode_u7f:auto_generated|w_anode52w[2]                             ; |lab7var2|lpm_decode1:inst26|lpm_decode:lpm_decode_component|decode_u7f:auto_generated|w_anode52w[2]                                ; out0             ;
; |lab7var2|lpm_decode1:inst26|lpm_decode:lpm_decode_component|decode_u7f:auto_generated|w_anode63w[2]                             ; |lab7var2|lpm_decode1:inst26|lpm_decode:lpm_decode_component|decode_u7f:auto_generated|w_anode63w[2]                                ; out0             ;
; |lab7var2|slave_device:inst11|inst7                                                                                              ; |lab7var2|slave_device:inst11|inst7                                                                                                 ; out0             ;
; |lab7var2|master_device:inst2|inst27                                                                                             ; |lab7var2|master_device:inst2|inst27                                                                                                ; out0             ;
; |lab7var2|master_device:inst2|inst24                                                                                             ; |lab7var2|master_device:inst2|inst24                                                                                                ; regout           ;
; |lab7var2|master_device:inst2|inst21                                                                                             ; |lab7var2|master_device:inst2|inst21                                                                                                ; out0             ;
; |lab7var2|master_device:inst2|inst22                                                                                             ; |lab7var2|master_device:inst2|inst22                                                                                                ; regout           ;
; |lab7var2|master_device:inst2|inst26                                                                                             ; |lab7var2|master_device:inst2|inst26                                                                                                ; out0             ;
; |lab7var2|master_device:inst2|inst29                                                                                             ; |lab7var2|master_device:inst2|inst29                                                                                                ; out0             ;
; |lab7var2|master_device:inst2|inst14                                                                                             ; |lab7var2|master_device:inst2|inst14                                                                                                ; regout           ;
; |lab7var2|master_device:inst2|inst16                                                                                             ; |lab7var2|master_device:inst2|inst16                                                                                                ; out0             ;
; |lab7var2|master_device:inst2|inst20                                                                                             ; |lab7var2|master_device:inst2|inst20                                                                                                ; out0             ;
; |lab7var2|master_device:inst2|inst15                                                                                             ; |lab7var2|master_device:inst2|inst15                                                                                                ; out0             ;
; |lab7var2|master_device:inst2|inst3                                                                                              ; |lab7var2|master_device:inst2|inst3                                                                                                 ; out0             ;
; |lab7var2|master_device:inst2|inst28                                                                                             ; |lab7var2|master_device:inst2|inst28                                                                                                ; out0             ;
; |lab7var2|master_device:inst2|inst23                                                                                             ; |lab7var2|master_device:inst2|inst23                                                                                                ; out0             ;
; |lab7var2|master_device:inst2|lpm_counter5:inst10|lpm_counter:lpm_counter_component|cntr_vvi:auto_generated|counter_comb_bita0   ; |lab7var2|master_device:inst2|lpm_counter5:inst10|lpm_counter:lpm_counter_component|cntr_vvi:auto_generated|counter_comb_bita0      ; sumout           ;
; |lab7var2|master_device:inst2|lpm_counter5:inst10|lpm_counter:lpm_counter_component|cntr_vvi:auto_generated|counter_comb_bita0   ; |lab7var2|master_device:inst2|lpm_counter5:inst10|lpm_counter:lpm_counter_component|cntr_vvi:auto_generated|counter_comb_bita0~COUT ; cout             ;
; |lab7var2|master_device:inst2|lpm_counter5:inst10|lpm_counter:lpm_counter_component|cntr_vvi:auto_generated|counter_comb_bita1   ; |lab7var2|master_device:inst2|lpm_counter5:inst10|lpm_counter:lpm_counter_component|cntr_vvi:auto_generated|counter_comb_bita1      ; sumout           ;
; |lab7var2|master_device:inst2|lpm_counter5:inst10|lpm_counter:lpm_counter_component|cntr_vvi:auto_generated|counter_comb_bita1   ; |lab7var2|master_device:inst2|lpm_counter5:inst10|lpm_counter:lpm_counter_component|cntr_vvi:auto_generated|counter_comb_bita1~COUT ; cout             ;
; |lab7var2|master_device:inst2|lpm_counter5:inst10|lpm_counter:lpm_counter_component|cntr_vvi:auto_generated|counter_comb_bita2   ; |lab7var2|master_device:inst2|lpm_counter5:inst10|lpm_counter:lpm_counter_component|cntr_vvi:auto_generated|counter_comb_bita2      ; sumout           ;
; |lab7var2|master_device:inst2|lpm_counter5:inst10|lpm_counter:lpm_counter_component|cntr_vvi:auto_generated|counter_reg_bit1a[0] ; |lab7var2|master_device:inst2|lpm_counter5:inst10|lpm_counter:lpm_counter_component|cntr_vvi:auto_generated|safe_q[0]               ; regout           ;
; |lab7var2|master_device:inst2|lpm_compare0:inst6|lpm_compare:lpm_compare_component|cmpr_fig:auto_generated|_~0                   ; |lab7var2|master_device:inst2|lpm_compare0:inst6|lpm_compare:lpm_compare_component|cmpr_fig:auto_generated|_~0                      ; out0             ;
; |lab7var2|master_device:inst2|lpm_compare0:inst6|lpm_compare:lpm_compare_component|cmpr_fig:auto_generated|aneb_result_wire[0]~0 ; |lab7var2|master_device:inst2|lpm_compare0:inst6|lpm_compare:lpm_compare_component|cmpr_fig:auto_generated|aneb_result_wire[0]~0    ; out0             ;
; |lab7var2|master_device:inst2|lpm_compare0:inst6|lpm_compare:lpm_compare_component|cmpr_fig:auto_generated|aneb_result_wire[0]   ; |lab7var2|master_device:inst2|lpm_compare0:inst6|lpm_compare:lpm_compare_component|cmpr_fig:auto_generated|aneb_result_wire[0]      ; out0             ;
; |lab7var2|master_device:inst2|lpm_compare0:inst6|lpm_compare:lpm_compare_component|cmpr_fig:auto_generated|data_wire[1]          ; |lab7var2|master_device:inst2|lpm_compare0:inst6|lpm_compare:lpm_compare_component|cmpr_fig:auto_generated|data_wire[1]             ; out0             ;
; |lab7var2|master_device:inst2|lpm_compare0:inst6|lpm_compare:lpm_compare_component|cmpr_fig:auto_generated|data_wire[0]          ; |lab7var2|master_device:inst2|lpm_compare0:inst6|lpm_compare:lpm_compare_component|cmpr_fig:auto_generated|data_wire[0]             ; out0             ;
; |lab7var2|master_device:inst2|lpm_bustri1:inst9|lpm_bustri:lpm_bustri_component|dout[1]                                          ; |lab7var2|master_device:inst2|lpm_bustri1:inst9|lpm_bustri:lpm_bustri_component|dout[1]                                             ; out              ;
; |lab7var2|master_device:inst2|lpm_bustri1:inst9|lpm_bustri:lpm_bustri_component|dout[0]                                          ; |lab7var2|master_device:inst2|lpm_bustri1:inst9|lpm_bustri:lpm_bustri_component|dout[0]                                             ; out              ;
; |lab7var2|master_device:inst2|lpm_counter0:inst13|lpm_counter:lpm_counter_component|cntr_coi:auto_generated|counter_comb_bita0   ; |lab7var2|master_device:inst2|lpm_counter0:inst13|lpm_counter:lpm_counter_component|cntr_coi:auto_generated|counter_comb_bita0      ; sumout           ;
; |lab7var2|master_device:inst2|lpm_counter0:inst13|lpm_counter:lpm_counter_component|cntr_coi:auto_generated|counter_comb_bita0   ; |lab7var2|master_device:inst2|lpm_counter0:inst13|lpm_counter:lpm_counter_component|cntr_coi:auto_generated|counter_comb_bita0~COUT ; cout             ;
; |lab7var2|master_device:inst2|lpm_counter0:inst13|lpm_counter:lpm_counter_component|cntr_coi:auto_generated|counter_comb_bita1   ; |lab7var2|master_device:inst2|lpm_counter0:inst13|lpm_counter:lpm_counter_component|cntr_coi:auto_generated|counter_comb_bita1      ; sumout           ;
; |lab7var2|master_device:inst2|lpm_counter0:inst13|lpm_counter:lpm_counter_component|cntr_coi:auto_generated|counter_comb_bita1   ; |lab7var2|master_device:inst2|lpm_counter0:inst13|lpm_counter:lpm_counter_component|cntr_coi:auto_generated|counter_comb_bita1~COUT ; cout             ;
; |lab7var2|master_device:inst2|lpm_counter0:inst13|lpm_counter:lpm_counter_component|cntr_coi:auto_generated|counter_comb_bita2   ; |lab7var2|master_device:inst2|lpm_counter0:inst13|lpm_counter:lpm_counter_component|cntr_coi:auto_generated|counter_comb_bita2      ; sumout           ;
; |lab7var2|master_device:inst2|lpm_counter0:inst13|lpm_counter:lpm_counter_component|cntr_coi:auto_generated|counter_comb_bita2   ; |lab7var2|master_device:inst2|lpm_counter0:inst13|lpm_counter:lpm_counter_component|cntr_coi:auto_generated|counter_comb_bita2~COUT ; cout             ;
; |lab7var2|master_device:inst2|lpm_counter0:inst13|lpm_counter:lpm_counter_component|cntr_coi:auto_generated|counter_comb_bita3   ; |lab7var2|master_device:inst2|lpm_counter0:inst13|lpm_counter:lpm_counter_component|cntr_coi:auto_generated|counter_comb_bita3      ; sumout           ;
; |lab7var2|master_device:inst2|lpm_counter0:inst13|lpm_counter:lpm_counter_component|cntr_coi:auto_generated|counter_reg_bit1a[2] ; |lab7var2|master_device:inst2|lpm_counter0:inst13|lpm_counter:lpm_counter_component|cntr_coi:auto_generated|safe_q[2]               ; regout           ;
; |lab7var2|master_device:inst2|lpm_counter0:inst13|lpm_counter:lpm_counter_component|cntr_coi:auto_generated|counter_reg_bit1a[1] ; |lab7var2|master_device:inst2|lpm_counter0:inst13|lpm_counter:lpm_counter_component|cntr_coi:auto_generated|safe_q[1]               ; regout           ;
; |lab7var2|master_device:inst2|lpm_counter0:inst13|lpm_counter:lpm_counter_component|cntr_coi:auto_generated|counter_reg_bit1a[0] ; |lab7var2|master_device:inst2|lpm_counter0:inst13|lpm_counter:lpm_counter_component|cntr_coi:auto_generated|safe_q[0]               ; regout           ;
; |lab7var2|master_device:inst2|lpm_compare0:inst2|lpm_compare:lpm_compare_component|cmpr_fig:auto_generated|_~0                   ; |lab7var2|master_device:inst2|lpm_compare0:inst2|lpm_compare:lpm_compare_component|cmpr_fig:auto_generated|_~0                      ; out0             ;
; |lab7var2|master_device:inst2|lpm_compare0:inst2|lpm_compare:lpm_compare_component|cmpr_fig:auto_generated|aneb_result_wire[0]~0 ; |lab7var2|master_device:inst2|lpm_compare0:inst2|lpm_compare:lpm_compare_component|cmpr_fig:auto_generated|aneb_result_wire[0]~0    ; out0             ;
; |lab7var2|master_device:inst2|lpm_compare0:inst2|lpm_compare:lpm_compare_component|cmpr_fig:auto_generated|aneb_result_wire[0]   ; |lab7var2|master_device:inst2|lpm_compare0:inst2|lpm_compare:lpm_compare_component|cmpr_fig:auto_generated|aneb_result_wire[0]      ; out0             ;
; |lab7var2|master_device:inst2|lpm_compare0:inst2|lpm_compare:lpm_compare_component|cmpr_fig:auto_generated|data_wire[1]          ; |lab7var2|master_device:inst2|lpm_compare0:inst2|lpm_compare:lpm_compare_component|cmpr_fig:auto_generated|data_wire[1]             ; out0             ;
; |lab7var2|master_device:inst2|lpm_compare0:inst2|lpm_compare:lpm_compare_component|cmpr_fig:auto_generated|data_wire[0]          ; |lab7var2|master_device:inst2|lpm_compare0:inst2|lpm_compare:lpm_compare_component|cmpr_fig:auto_generated|data_wire[0]             ; out0             ;
; |lab7var2|master_device:inst4|inst27                                                                                             ; |lab7var2|master_device:inst4|inst27                                                                                                ; out0             ;
; |lab7var2|master_device:inst4|inst24                                                                                             ; |lab7var2|master_device:inst4|inst24                                                                                                ; regout           ;
; |lab7var2|master_device:inst4|inst21                                                                                             ; |lab7var2|master_device:inst4|inst21                                                                                                ; out0             ;
; |lab7var2|master_device:inst4|inst22                                                                                             ; |lab7var2|master_device:inst4|inst22                                                                                                ; regout           ;
; |lab7var2|master_device:inst4|inst26                                                                                             ; |lab7var2|master_device:inst4|inst26                                                                                                ; out0             ;
; |lab7var2|master_device:inst4|inst29                                                                                             ; |lab7var2|master_device:inst4|inst29                                                                                                ; out0             ;
; |lab7var2|master_device:inst4|inst14                                                                                             ; |lab7var2|master_device:inst4|inst14                                                                                                ; regout           ;
; |lab7var2|master_device:inst4|inst16                                                                                             ; |lab7var2|master_device:inst4|inst16                                                                                                ; out0             ;
; |lab7var2|master_device:inst4|inst20                                                                                             ; |lab7var2|master_device:inst4|inst20                                                                                                ; out0             ;
; |lab7var2|master_device:inst4|inst15                                                                                             ; |lab7var2|master_device:inst4|inst15                                                                                                ; out0             ;
; |lab7var2|master_device:inst4|inst3                                                                                              ; |lab7var2|master_device:inst4|inst3                                                                                                 ; out0             ;
; |lab7var2|master_device:inst4|inst28                                                                                             ; |lab7var2|master_device:inst4|inst28                                                                                                ; out0             ;
; |lab7var2|master_device:inst4|inst23                                                                                             ; |lab7var2|master_device:inst4|inst23                                                                                                ; out0             ;
; |lab7var2|master_device:inst4|lpm_compare0:inst6|lpm_compare:lpm_compare_component|cmpr_fig:auto_generated|_~0                   ; |lab7var2|master_device:inst4|lpm_compare0:inst6|lpm_compare:lpm_compare_component|cmpr_fig:auto_generated|_~0                      ; out0             ;
; |lab7var2|master_device:inst4|lpm_compare0:inst6|lpm_compare:lpm_compare_component|cmpr_fig:auto_generated|aneb_result_wire[0]~0 ; |lab7var2|master_device:inst4|lpm_compare0:inst6|lpm_compare:lpm_compare_component|cmpr_fig:auto_generated|aneb_result_wire[0]~0    ; out0             ;
; |lab7var2|master_device:inst4|lpm_compare0:inst6|lpm_compare:lpm_compare_component|cmpr_fig:auto_generated|aneb_result_wire[0]   ; |lab7var2|master_device:inst4|lpm_compare0:inst6|lpm_compare:lpm_compare_component|cmpr_fig:auto_generated|aneb_result_wire[0]      ; out0             ;
; |lab7var2|master_device:inst4|lpm_compare0:inst6|lpm_compare:lpm_compare_component|cmpr_fig:auto_generated|data_wire[1]          ; |lab7var2|master_device:inst4|lpm_compare0:inst6|lpm_compare:lpm_compare_component|cmpr_fig:auto_generated|data_wire[1]             ; out0             ;
; |lab7var2|master_device:inst4|lpm_compare0:inst6|lpm_compare:lpm_compare_component|cmpr_fig:auto_generated|data_wire[0]          ; |lab7var2|master_device:inst4|lpm_compare0:inst6|lpm_compare:lpm_compare_component|cmpr_fig:auto_generated|data_wire[0]             ; out0             ;
; |lab7var2|master_device:inst4|lpm_counter0:inst13|lpm_counter:lpm_counter_component|cntr_coi:auto_generated|counter_comb_bita0   ; |lab7var2|master_device:inst4|lpm_counter0:inst13|lpm_counter:lpm_counter_component|cntr_coi:auto_generated|counter_comb_bita0      ; sumout           ;
; |lab7var2|master_device:inst4|lpm_counter0:inst13|lpm_counter:lpm_counter_component|cntr_coi:auto_generated|counter_comb_bita0   ; |lab7var2|master_device:inst4|lpm_counter0:inst13|lpm_counter:lpm_counter_component|cntr_coi:auto_generated|counter_comb_bita0~COUT ; cout             ;
; |lab7var2|master_device:inst4|lpm_counter0:inst13|lpm_counter:lpm_counter_component|cntr_coi:auto_generated|counter_comb_bita1   ; |lab7var2|master_device:inst4|lpm_counter0:inst13|lpm_counter:lpm_counter_component|cntr_coi:auto_generated|counter_comb_bita1      ; sumout           ;
; |lab7var2|master_device:inst4|lpm_counter0:inst13|lpm_counter:lpm_counter_component|cntr_coi:auto_generated|counter_comb_bita1   ; |lab7var2|master_device:inst4|lpm_counter0:inst13|lpm_counter:lpm_counter_component|cntr_coi:auto_generated|counter_comb_bita1~COUT ; cout             ;
; |lab7var2|master_device:inst4|lpm_counter0:inst13|lpm_counter:lpm_counter_component|cntr_coi:auto_generated|counter_comb_bita2   ; |lab7var2|master_device:inst4|lpm_counter0:inst13|lpm_counter:lpm_counter_component|cntr_coi:auto_generated|counter_comb_bita2      ; sumout           ;
; |lab7var2|master_device:inst4|lpm_counter0:inst13|lpm_counter:lpm_counter_component|cntr_coi:auto_generated|counter_comb_bita2   ; |lab7var2|master_device:inst4|lpm_counter0:inst13|lpm_counter:lpm_counter_component|cntr_coi:auto_generated|counter_comb_bita2~COUT ; cout             ;
; |lab7var2|master_device:inst4|lpm_counter0:inst13|lpm_counter:lpm_counter_component|cntr_coi:auto_generated|counter_comb_bita3   ; |lab7var2|master_device:inst4|lpm_counter0:inst13|lpm_counter:lpm_counter_component|cntr_coi:auto_generated|counter_comb_bita3      ; sumout           ;
; |lab7var2|master_device:inst4|lpm_counter0:inst13|lpm_counter:lpm_counter_component|cntr_coi:auto_generated|counter_reg_bit1a[2] ; |lab7var2|master_device:inst4|lpm_counter0:inst13|lpm_counter:lpm_counter_component|cntr_coi:auto_generated|safe_q[2]               ; regout           ;
; |lab7var2|master_device:inst4|lpm_counter0:inst13|lpm_counter:lpm_counter_component|cntr_coi:auto_generated|counter_reg_bit1a[1] ; |lab7var2|master_device:inst4|lpm_counter0:inst13|lpm_counter:lpm_counter_component|cntr_coi:auto_generated|safe_q[1]               ; regout           ;
; |lab7var2|master_device:inst4|lpm_counter0:inst13|lpm_counter:lpm_counter_component|cntr_coi:auto_generated|counter_reg_bit1a[0] ; |lab7var2|master_device:inst4|lpm_counter0:inst13|lpm_counter:lpm_counter_component|cntr_coi:auto_generated|safe_q[0]               ; regout           ;
; |lab7var2|master_device:inst4|lpm_compare0:inst2|lpm_compare:lpm_compare_component|cmpr_fig:auto_generated|_~0                   ; |lab7var2|master_device:inst4|lpm_compare0:inst2|lpm_compare:lpm_compare_component|cmpr_fig:auto_generated|_~0                      ; out0             ;
; |lab7var2|master_device:inst4|lpm_compare0:inst2|lpm_compare:lpm_compare_component|cmpr_fig:auto_generated|aneb_result_wire[0]~0 ; |lab7var2|master_device:inst4|lpm_compare0:inst2|lpm_compare:lpm_compare_component|cmpr_fig:auto_generated|aneb_result_wire[0]~0    ; out0             ;
; |lab7var2|master_device:inst4|lpm_compare0:inst2|lpm_compare:lpm_compare_component|cmpr_fig:auto_generated|aneb_result_wire[0]   ; |lab7var2|master_device:inst4|lpm_compare0:inst2|lpm_compare:lpm_compare_component|cmpr_fig:auto_generated|aneb_result_wire[0]      ; out0             ;
; |lab7var2|master_device:inst4|lpm_compare0:inst2|lpm_compare:lpm_compare_component|cmpr_fig:auto_generated|data_wire[1]          ; |lab7var2|master_device:inst4|lpm_compare0:inst2|lpm_compare:lpm_compare_component|cmpr_fig:auto_generated|data_wire[1]             ; out0             ;
; |lab7var2|master_device:inst4|lpm_compare0:inst2|lpm_compare:lpm_compare_component|cmpr_fig:auto_generated|data_wire[0]          ; |lab7var2|master_device:inst4|lpm_compare0:inst2|lpm_compare:lpm_compare_component|cmpr_fig:auto_generated|data_wire[0]             ; out0             ;
; |lab7var2|master_device:inst5|inst21                                                                                             ; |lab7var2|master_device:inst5|inst21                                                                                                ; out0             ;
; |lab7var2|master_device:inst5|inst22                                                                                             ; |lab7var2|master_device:inst5|inst22                                                                                                ; regout           ;
; |lab7var2|master_device:inst5|inst26                                                                                             ; |lab7var2|master_device:inst5|inst26                                                                                                ; out0             ;
; |lab7var2|master_device:inst5|inst29                                                                                             ; |lab7var2|master_device:inst5|inst29                                                                                                ; out0             ;
; |lab7var2|master_device:inst5|inst14                                                                                             ; |lab7var2|master_device:inst5|inst14                                                                                                ; regout           ;
; |lab7var2|master_device:inst5|inst16                                                                                             ; |lab7var2|master_device:inst5|inst16                                                                                                ; out0             ;
; |lab7var2|master_device:inst5|inst20                                                                                             ; |lab7var2|master_device:inst5|inst20                                                                                                ; out0             ;
; |lab7var2|master_device:inst5|inst15                                                                                             ; |lab7var2|master_device:inst5|inst15                                                                                                ; out0             ;
; |lab7var2|master_device:inst5|inst3                                                                                              ; |lab7var2|master_device:inst5|inst3                                                                                                 ; out0             ;
; |lab7var2|master_device:inst5|inst28                                                                                             ; |lab7var2|master_device:inst5|inst28                                                                                                ; out0             ;
; |lab7var2|master_device:inst5|inst23                                                                                             ; |lab7var2|master_device:inst5|inst23                                                                                                ; out0             ;
; |lab7var2|master_device:inst5|lpm_counter5:inst10|lpm_counter:lpm_counter_component|cntr_vvi:auto_generated|counter_comb_bita0   ; |lab7var2|master_device:inst5|lpm_counter5:inst10|lpm_counter:lpm_counter_component|cntr_vvi:auto_generated|counter_comb_bita0      ; sumout           ;
; |lab7var2|master_device:inst5|lpm_counter5:inst10|lpm_counter:lpm_counter_component|cntr_vvi:auto_generated|counter_comb_bita0   ; |lab7var2|master_device:inst5|lpm_counter5:inst10|lpm_counter:lpm_counter_component|cntr_vvi:auto_generated|counter_comb_bita0~COUT ; cout             ;
; |lab7var2|master_device:inst5|lpm_counter5:inst10|lpm_counter:lpm_counter_component|cntr_vvi:auto_generated|counter_comb_bita1   ; |lab7var2|master_device:inst5|lpm_counter5:inst10|lpm_counter:lpm_counter_component|cntr_vvi:auto_generated|counter_comb_bita1      ; sumout           ;
; |lab7var2|master_device:inst5|lpm_counter5:inst10|lpm_counter:lpm_counter_component|cntr_vvi:auto_generated|counter_comb_bita1   ; |lab7var2|master_device:inst5|lpm_counter5:inst10|lpm_counter:lpm_counter_component|cntr_vvi:auto_generated|counter_comb_bita1~COUT ; cout             ;
; |lab7var2|master_device:inst5|lpm_counter5:inst10|lpm_counter:lpm_counter_component|cntr_vvi:auto_generated|counter_comb_bita2   ; |lab7var2|master_device:inst5|lpm_counter5:inst10|lpm_counter:lpm_counter_component|cntr_vvi:auto_generated|counter_comb_bita2      ; sumout           ;
; |lab7var2|master_device:inst5|lpm_counter5:inst10|lpm_counter:lpm_counter_component|cntr_vvi:auto_generated|counter_reg_bit1a[0] ; |lab7var2|master_device:inst5|lpm_counter5:inst10|lpm_counter:lpm_counter_component|cntr_vvi:auto_generated|safe_q[0]               ; regout           ;
; |lab7var2|master_device:inst5|lpm_compare0:inst6|lpm_compare:lpm_compare_component|cmpr_fig:auto_generated|_~0                   ; |lab7var2|master_device:inst5|lpm_compare0:inst6|lpm_compare:lpm_compare_component|cmpr_fig:auto_generated|_~0                      ; out0             ;
; |lab7var2|master_device:inst5|lpm_compare0:inst6|lpm_compare:lpm_compare_component|cmpr_fig:auto_generated|aneb_result_wire[0]~0 ; |lab7var2|master_device:inst5|lpm_compare0:inst6|lpm_compare:lpm_compare_component|cmpr_fig:auto_generated|aneb_result_wire[0]~0    ; out0             ;
; |lab7var2|master_device:inst5|lpm_compare0:inst6|lpm_compare:lpm_compare_component|cmpr_fig:auto_generated|aneb_result_wire[0]   ; |lab7var2|master_device:inst5|lpm_compare0:inst6|lpm_compare:lpm_compare_component|cmpr_fig:auto_generated|aneb_result_wire[0]      ; out0             ;
; |lab7var2|master_device:inst5|lpm_compare0:inst6|lpm_compare:lpm_compare_component|cmpr_fig:auto_generated|data_wire[1]          ; |lab7var2|master_device:inst5|lpm_compare0:inst6|lpm_compare:lpm_compare_component|cmpr_fig:auto_generated|data_wire[1]             ; out0             ;
; |lab7var2|master_device:inst5|lpm_compare0:inst6|lpm_compare:lpm_compare_component|cmpr_fig:auto_generated|data_wire[0]          ; |lab7var2|master_device:inst5|lpm_compare0:inst6|lpm_compare:lpm_compare_component|cmpr_fig:auto_generated|data_wire[0]             ; out0             ;
; |lab7var2|master_device:inst5|lpm_bustri1:inst9|lpm_bustri:lpm_bustri_component|dout[2]                                          ; |lab7var2|master_device:inst5|lpm_bustri1:inst9|lpm_bustri:lpm_bustri_component|dout[2]                                             ; out              ;
; |lab7var2|master_device:inst5|lpm_bustri1:inst9|lpm_bustri:lpm_bustri_component|dout[1]                                          ; |lab7var2|master_device:inst5|lpm_bustri1:inst9|lpm_bustri:lpm_bustri_component|dout[1]                                             ; out              ;
; |lab7var2|master_device:inst5|lpm_bustri1:inst9|lpm_bustri:lpm_bustri_component|dout[0]                                          ; |lab7var2|master_device:inst5|lpm_bustri1:inst9|lpm_bustri:lpm_bustri_component|dout[0]                                             ; out              ;
; |lab7var2|master_device:inst5|lpm_counter0:inst13|lpm_counter:lpm_counter_component|cntr_coi:auto_generated|counter_comb_bita0   ; |lab7var2|master_device:inst5|lpm_counter0:inst13|lpm_counter:lpm_counter_component|cntr_coi:auto_generated|counter_comb_bita0      ; sumout           ;
; |lab7var2|master_device:inst5|lpm_counter0:inst13|lpm_counter:lpm_counter_component|cntr_coi:auto_generated|counter_comb_bita0   ; |lab7var2|master_device:inst5|lpm_counter0:inst13|lpm_counter:lpm_counter_component|cntr_coi:auto_generated|counter_comb_bita0~COUT ; cout             ;
; |lab7var2|master_device:inst5|lpm_counter0:inst13|lpm_counter:lpm_counter_component|cntr_coi:auto_generated|counter_comb_bita1   ; |lab7var2|master_device:inst5|lpm_counter0:inst13|lpm_counter:lpm_counter_component|cntr_coi:auto_generated|counter_comb_bita1      ; sumout           ;
; |lab7var2|master_device:inst5|lpm_counter0:inst13|lpm_counter:lpm_counter_component|cntr_coi:auto_generated|counter_comb_bita1   ; |lab7var2|master_device:inst5|lpm_counter0:inst13|lpm_counter:lpm_counter_component|cntr_coi:auto_generated|counter_comb_bita1~COUT ; cout             ;
; |lab7var2|master_device:inst5|lpm_counter0:inst13|lpm_counter:lpm_counter_component|cntr_coi:auto_generated|counter_comb_bita2   ; |lab7var2|master_device:inst5|lpm_counter0:inst13|lpm_counter:lpm_counter_component|cntr_coi:auto_generated|counter_comb_bita2      ; sumout           ;
; |lab7var2|master_device:inst5|lpm_counter0:inst13|lpm_counter:lpm_counter_component|cntr_coi:auto_generated|counter_comb_bita2   ; |lab7var2|master_device:inst5|lpm_counter0:inst13|lpm_counter:lpm_counter_component|cntr_coi:auto_generated|counter_comb_bita2~COUT ; cout             ;
; |lab7var2|master_device:inst5|lpm_counter0:inst13|lpm_counter:lpm_counter_component|cntr_coi:auto_generated|counter_comb_bita3   ; |lab7var2|master_device:inst5|lpm_counter0:inst13|lpm_counter:lpm_counter_component|cntr_coi:auto_generated|counter_comb_bita3      ; sumout           ;
; |lab7var2|master_device:inst5|lpm_counter0:inst13|lpm_counter:lpm_counter_component|cntr_coi:auto_generated|counter_reg_bit1a[2] ; |lab7var2|master_device:inst5|lpm_counter0:inst13|lpm_counter:lpm_counter_component|cntr_coi:auto_generated|safe_q[2]               ; regout           ;
; |lab7var2|master_device:inst5|lpm_counter0:inst13|lpm_counter:lpm_counter_component|cntr_coi:auto_generated|counter_reg_bit1a[1] ; |lab7var2|master_device:inst5|lpm_counter0:inst13|lpm_counter:lpm_counter_component|cntr_coi:auto_generated|safe_q[1]               ; regout           ;
; |lab7var2|master_device:inst5|lpm_counter0:inst13|lpm_counter:lpm_counter_component|cntr_coi:auto_generated|counter_reg_bit1a[0] ; |lab7var2|master_device:inst5|lpm_counter0:inst13|lpm_counter:lpm_counter_component|cntr_coi:auto_generated|safe_q[0]               ; regout           ;
; |lab7var2|master_device:inst5|lpm_compare0:inst2|lpm_compare:lpm_compare_component|cmpr_fig:auto_generated|_~0                   ; |lab7var2|master_device:inst5|lpm_compare0:inst2|lpm_compare:lpm_compare_component|cmpr_fig:auto_generated|_~0                      ; out0             ;
; |lab7var2|master_device:inst5|lpm_compare0:inst2|lpm_compare:lpm_compare_component|cmpr_fig:auto_generated|aneb_result_wire[0]~0 ; |lab7var2|master_device:inst5|lpm_compare0:inst2|lpm_compare:lpm_compare_component|cmpr_fig:auto_generated|aneb_result_wire[0]~0    ; out0             ;
; |lab7var2|master_device:inst5|lpm_compare0:inst2|lpm_compare:lpm_compare_component|cmpr_fig:auto_generated|aneb_result_wire[0]   ; |lab7var2|master_device:inst5|lpm_compare0:inst2|lpm_compare:lpm_compare_component|cmpr_fig:auto_generated|aneb_result_wire[0]      ; out0             ;
; |lab7var2|master_device:inst5|lpm_compare0:inst2|lpm_compare:lpm_compare_component|cmpr_fig:auto_generated|data_wire[1]          ; |lab7var2|master_device:inst5|lpm_compare0:inst2|lpm_compare:lpm_compare_component|cmpr_fig:auto_generated|data_wire[1]             ; out0             ;
; |lab7var2|master_device:inst5|lpm_compare0:inst2|lpm_compare:lpm_compare_component|cmpr_fig:auto_generated|data_wire[0]          ; |lab7var2|master_device:inst5|lpm_compare0:inst2|lpm_compare:lpm_compare_component|cmpr_fig:auto_generated|data_wire[0]             ; out0             ;
; |lab7var2|arbitr:inst|inst                                                                                                       ; |lab7var2|arbitr:inst|inst                                                                                                          ; regout           ;
; |lab7var2|arbitr:inst|inst4                                                                                                      ; |lab7var2|arbitr:inst|inst4                                                                                                         ; out0             ;
+----------------------------------------------------------------------------------------------------------------------------------+-------------------------------------------------------------------------------------------------------------------------------------+------------------+


The following table displays output ports that do not toggle to 1 during simulation.
+------------------------------------------------------------------------------------------------------------------------------------------------------------------------------------------------------------------------------------------------------------------------------------------------------------------------+
; Missing 1-Value Coverage                                                                                                                                                                                                                                                                                               ;
+--------------------------------------------------------------------------------------------------------------------------------------------------+--------------------------------------------------------------------------------------------------------------------------------------------------+------------------+
; Node Name                                                                                                                                        ; Output Port Name                                                                                                                                 ; Output Port Type ;
+--------------------------------------------------------------------------------------------------------------------------------------------------+--------------------------------------------------------------------------------------------------------------------------------------------------+------------------+
; |lab7var2|Data[7]                                                                                                                                ; |lab7var2|Data[7]                                                                                                                                ; pin_out          ;
; |lab7var2|Data[6]                                                                                                                                ; |lab7var2|Data[6]                                                                                                                                ; pin_out          ;
; |lab7var2|Data[5]                                                                                                                                ; |lab7var2|Data[5]                                                                                                                                ; pin_out          ;
; |lab7var2|Data[4]                                                                                                                                ; |lab7var2|Data[4]                                                                                                                                ; pin_out          ;
; |lab7var2|Data[3]                                                                                                                                ; |lab7var2|Data[3]                                                                                                                                ; pin_out          ;
; |lab7var2|Data[2]                                                                                                                                ; |lab7var2|Data[2]                                                                                                                                ; pin_out          ;
; |lab7var2|gdfx_temp0[7]                                                                                                                          ; |lab7var2|gdfx_temp0[7]                                                                                                                          ; out0             ;
; |lab7var2|gdfx_temp0[6]                                                                                                                          ; |lab7var2|gdfx_temp0[6]                                                                                                                          ; out0             ;
; |lab7var2|gdfx_temp0[5]                                                                                                                          ; |lab7var2|gdfx_temp0[5]                                                                                                                          ; out0             ;
; |lab7var2|gdfx_temp0[4]                                                                                                                          ; |lab7var2|gdfx_temp0[4]                                                                                                                          ; out0             ;
; |lab7var2|gdfx_temp0[3]                                                                                                                          ; |lab7var2|gdfx_temp0[3]                                                                                                                          ; out0             ;
; |lab7var2|gdfx_temp0[2]                                                                                                                          ; |lab7var2|gdfx_temp0[2]                                                                                                                          ; out0             ;
; |lab7var2|Data_slave1[7]                                                                                                                         ; |lab7var2|Data_slave1[7]                                                                                                                         ; pin_out          ;
; |lab7var2|Data_slave1[6]                                                                                                                         ; |lab7var2|Data_slave1[6]                                                                                                                         ; pin_out          ;
; |lab7var2|Data_slave1[5]                                                                                                                         ; |lab7var2|Data_slave1[5]                                                                                                                         ; pin_out          ;
; |lab7var2|Data_slave1[4]                                                                                                                         ; |lab7var2|Data_slave1[4]                                                                                                                         ; pin_out          ;
; |lab7var2|Data_slave1[3]                                                                                                                         ; |lab7var2|Data_slave1[3]                                                                                                                         ; pin_out          ;
; |lab7var2|Data_slave1[2]                                                                                                                         ; |lab7var2|Data_slave1[2]                                                                                                                         ; pin_out          ;
; |lab7var2|Data_slave1[1]                                                                                                                         ; |lab7var2|Data_slave1[1]                                                                                                                         ; pin_out          ;
; |lab7var2|Data_slave2[7]                                                                                                                         ; |lab7var2|Data_slave2[7]                                                                                                                         ; pin_out          ;
; |lab7var2|Data_slave2[6]                                                                                                                         ; |lab7var2|Data_slave2[6]                                                                                                                         ; pin_out          ;
; |lab7var2|Data_slave2[5]                                                                                                                         ; |lab7var2|Data_slave2[5]                                                                                                                         ; pin_out          ;
; |lab7var2|Data_slave2[4]                                                                                                                         ; |lab7var2|Data_slave2[4]                                                                                                                         ; pin_out          ;
; |lab7var2|Data_slave2[3]                                                                                                                         ; |lab7var2|Data_slave2[3]                                                                                                                         ; pin_out          ;
; |lab7var2|Data_slave2[2]                                                                                                                         ; |lab7var2|Data_slave2[2]                                                                                                                         ; pin_out          ;
; |lab7var2|Data_slave3[7]                                                                                                                         ; |lab7var2|Data_slave3[7]                                                                                                                         ; pin_out          ;
; |lab7var2|Data_slave3[6]                                                                                                                         ; |lab7var2|Data_slave3[6]                                                                                                                         ; pin_out          ;
; |lab7var2|Data_slave3[5]                                                                                                                         ; |lab7var2|Data_slave3[5]                                                                                                                         ; pin_out          ;
; |lab7var2|Data_slave3[4]                                                                                                                         ; |lab7var2|Data_slave3[4]                                                                                                                         ; pin_out          ;
; |lab7var2|Data_slave3[3]                                                                                                                         ; |lab7var2|Data_slave3[3]                                                                                                                         ; pin_out          ;
; |lab7var2|Data_slave3[2]                                                                                                                         ; |lab7var2|Data_slave3[2]                                                                                                                         ; pin_out          ;
; |lab7var2|Data_slave4[7]                                                                                                                         ; |lab7var2|Data_slave4[7]                                                                                                                         ; pin_out          ;
; |lab7var2|Data_slave4[6]                                                                                                                         ; |lab7var2|Data_slave4[6]                                                                                                                         ; pin_out          ;
; |lab7var2|Data_slave4[5]                                                                                                                         ; |lab7var2|Data_slave4[5]                                                                                                                         ; pin_out          ;
; |lab7var2|Data_slave4[4]                                                                                                                         ; |lab7var2|Data_slave4[4]                                                                                                                         ; pin_out          ;
; |lab7var2|Data_slave4[3]                                                                                                                         ; |lab7var2|Data_slave4[3]                                                                                                                         ; pin_out          ;
; |lab7var2|Data_slave4[2]                                                                                                                         ; |lab7var2|Data_slave4[2]                                                                                                                         ; pin_out          ;
; |lab7var2|Data_slave5[7]                                                                                                                         ; |lab7var2|Data_slave5[7]                                                                                                                         ; pin_out          ;
; |lab7var2|Data_slave5[6]                                                                                                                         ; |lab7var2|Data_slave5[6]                                                                                                                         ; pin_out          ;
; |lab7var2|Data_slave5[5]                                                                                                                         ; |lab7var2|Data_slave5[5]                                                                                                                         ; pin_out          ;
; |lab7var2|Data_slave5[4]                                                                                                                         ; |lab7var2|Data_slave5[4]                                                                                                                         ; pin_out          ;
; |lab7var2|Data_slave5[3]                                                                                                                         ; |lab7var2|Data_slave5[3]                                                                                                                         ; pin_out          ;
; |lab7var2|Data_slave5[2]                                                                                                                         ; |lab7var2|Data_slave5[2]                                                                                                                         ; pin_out          ;
; |lab7var2|Data_slave5[1]                                                                                                                         ; |lab7var2|Data_slave5[1]                                                                                                                         ; pin_out          ;
; |lab7var2|Data_slave5[0]                                                                                                                         ; |lab7var2|Data_slave5[0]                                                                                                                         ; pin_out          ;
; |lab7var2|slave_device:inst17|inst7                                                                                                              ; |lab7var2|slave_device:inst17|inst7                                                                                                              ; out0             ;
; |lab7var2|slave_device:inst17|lpm_dff1:inst|lpm_ff:lpm_ff_component|dffs[7]                                                                      ; |lab7var2|slave_device:inst17|lpm_dff1:inst|lpm_ff:lpm_ff_component|dffs[7]                                                                      ; regout           ;
; |lab7var2|slave_device:inst17|lpm_dff1:inst|lpm_ff:lpm_ff_component|dffs[6]                                                                      ; |lab7var2|slave_device:inst17|lpm_dff1:inst|lpm_ff:lpm_ff_component|dffs[6]                                                                      ; regout           ;
; |lab7var2|slave_device:inst17|lpm_dff1:inst|lpm_ff:lpm_ff_component|dffs[5]                                                                      ; |lab7var2|slave_device:inst17|lpm_dff1:inst|lpm_ff:lpm_ff_component|dffs[5]                                                                      ; regout           ;
; |lab7var2|slave_device:inst17|lpm_dff1:inst|lpm_ff:lpm_ff_component|dffs[4]                                                                      ; |lab7var2|slave_device:inst17|lpm_dff1:inst|lpm_ff:lpm_ff_component|dffs[4]                                                                      ; regout           ;
; |lab7var2|slave_device:inst17|lpm_dff1:inst|lpm_ff:lpm_ff_component|dffs[3]                                                                      ; |lab7var2|slave_device:inst17|lpm_dff1:inst|lpm_ff:lpm_ff_component|dffs[3]                                                                      ; regout           ;
; |lab7var2|slave_device:inst17|lpm_dff1:inst|lpm_ff:lpm_ff_component|dffs[2]                                                                      ; |lab7var2|slave_device:inst17|lpm_dff1:inst|lpm_ff:lpm_ff_component|dffs[2]                                                                      ; regout           ;
; |lab7var2|slave_device:inst17|lpm_dff1:inst|lpm_ff:lpm_ff_component|dffs[1]                                                                      ; |lab7var2|slave_device:inst17|lpm_dff1:inst|lpm_ff:lpm_ff_component|dffs[1]                                                                      ; regout           ;
; |lab7var2|slave_device:inst17|lpm_dff1:inst|lpm_ff:lpm_ff_component|dffs[0]                                                                      ; |lab7var2|slave_device:inst17|lpm_dff1:inst|lpm_ff:lpm_ff_component|dffs[0]                                                                      ; regout           ;
; |lab7var2|slave_device:inst14|lpm_dff1:inst|lpm_ff:lpm_ff_component|dffs[7]                                                                      ; |lab7var2|slave_device:inst14|lpm_dff1:inst|lpm_ff:lpm_ff_component|dffs[7]                                                                      ; regout           ;
; |lab7var2|slave_device:inst14|lpm_dff1:inst|lpm_ff:lpm_ff_component|dffs[6]                                                                      ; |lab7var2|slave_device:inst14|lpm_dff1:inst|lpm_ff:lpm_ff_component|dffs[6]                                                                      ; regout           ;
; |lab7var2|slave_device:inst14|lpm_dff1:inst|lpm_ff:lpm_ff_component|dffs[5]                                                                      ; |lab7var2|slave_device:inst14|lpm_dff1:inst|lpm_ff:lpm_ff_component|dffs[5]                                                                      ; regout           ;
; |lab7var2|slave_device:inst14|lpm_dff1:inst|lpm_ff:lpm_ff_component|dffs[4]                                                                      ; |lab7var2|slave_device:inst14|lpm_dff1:inst|lpm_ff:lpm_ff_component|dffs[4]                                                                      ; regout           ;
; |lab7var2|slave_device:inst14|lpm_dff1:inst|lpm_ff:lpm_ff_component|dffs[3]                                                                      ; |lab7var2|slave_device:inst14|lpm_dff1:inst|lpm_ff:lpm_ff_component|dffs[3]                                                                      ; regout           ;
; |lab7var2|slave_device:inst14|lpm_dff1:inst|lpm_ff:lpm_ff_component|dffs[2]                                                                      ; |lab7var2|slave_device:inst14|lpm_dff1:inst|lpm_ff:lpm_ff_component|dffs[2]                                                                      ; regout           ;
; |lab7var2|slave_device:inst13|lpm_dff1:inst|lpm_ff:lpm_ff_component|dffs[7]                                                                      ; |lab7var2|slave_device:inst13|lpm_dff1:inst|lpm_ff:lpm_ff_component|dffs[7]                                                                      ; regout           ;
; |lab7var2|slave_device:inst13|lpm_dff1:inst|lpm_ff:lpm_ff_component|dffs[6]                                                                      ; |lab7var2|slave_device:inst13|lpm_dff1:inst|lpm_ff:lpm_ff_component|dffs[6]                                                                      ; regout           ;
; |lab7var2|slave_device:inst13|lpm_dff1:inst|lpm_ff:lpm_ff_component|dffs[5]                                                                      ; |lab7var2|slave_device:inst13|lpm_dff1:inst|lpm_ff:lpm_ff_component|dffs[5]                                                                      ; regout           ;
; |lab7var2|slave_device:inst13|lpm_dff1:inst|lpm_ff:lpm_ff_component|dffs[4]                                                                      ; |lab7var2|slave_device:inst13|lpm_dff1:inst|lpm_ff:lpm_ff_component|dffs[4]                                                                      ; regout           ;
; |lab7var2|slave_device:inst13|lpm_dff1:inst|lpm_ff:lpm_ff_component|dffs[3]                                                                      ; |lab7var2|slave_device:inst13|lpm_dff1:inst|lpm_ff:lpm_ff_component|dffs[3]                                                                      ; regout           ;
; |lab7var2|slave_device:inst13|lpm_dff1:inst|lpm_ff:lpm_ff_component|dffs[2]                                                                      ; |lab7var2|slave_device:inst13|lpm_dff1:inst|lpm_ff:lpm_ff_component|dffs[2]                                                                      ; regout           ;
; |lab7var2|slave_device:inst12|lpm_dff1:inst|lpm_ff:lpm_ff_component|dffs[7]                                                                      ; |lab7var2|slave_device:inst12|lpm_dff1:inst|lpm_ff:lpm_ff_component|dffs[7]                                                                      ; regout           ;
; |lab7var2|slave_device:inst12|lpm_dff1:inst|lpm_ff:lpm_ff_component|dffs[6]                                                                      ; |lab7var2|slave_device:inst12|lpm_dff1:inst|lpm_ff:lpm_ff_component|dffs[6]                                                                      ; regout           ;
; |lab7var2|slave_device:inst12|lpm_dff1:inst|lpm_ff:lpm_ff_component|dffs[5]                                                                      ; |lab7var2|slave_device:inst12|lpm_dff1:inst|lpm_ff:lpm_ff_component|dffs[5]                                                                      ; regout           ;
; |lab7var2|slave_device:inst12|lpm_dff1:inst|lpm_ff:lpm_ff_component|dffs[4]                                                                      ; |lab7var2|slave_device:inst12|lpm_dff1:inst|lpm_ff:lpm_ff_component|dffs[4]                                                                      ; regout           ;
; |lab7var2|slave_device:inst12|lpm_dff1:inst|lpm_ff:lpm_ff_component|dffs[3]                                                                      ; |lab7var2|slave_device:inst12|lpm_dff1:inst|lpm_ff:lpm_ff_component|dffs[3]                                                                      ; regout           ;
; |lab7var2|slave_device:inst12|lpm_dff1:inst|lpm_ff:lpm_ff_component|dffs[2]                                                                      ; |lab7var2|slave_device:inst12|lpm_dff1:inst|lpm_ff:lpm_ff_component|dffs[2]                                                                      ; regout           ;
; |lab7var2|lpm_decode1:inst26|lpm_decode:lpm_decode_component|decode_u7f:auto_generated|w_anode63w[3]                                             ; |lab7var2|lpm_decode1:inst26|lpm_decode:lpm_decode_component|decode_u7f:auto_generated|w_anode63w[3]                                             ; out0             ;
; |lab7var2|slave_device:inst11|lpm_dff1:inst|lpm_ff:lpm_ff_component|dffs[7]                                                                      ; |lab7var2|slave_device:inst11|lpm_dff1:inst|lpm_ff:lpm_ff_component|dffs[7]                                                                      ; regout           ;
; |lab7var2|slave_device:inst11|lpm_dff1:inst|lpm_ff:lpm_ff_component|dffs[6]                                                                      ; |lab7var2|slave_device:inst11|lpm_dff1:inst|lpm_ff:lpm_ff_component|dffs[6]                                                                      ; regout           ;
; |lab7var2|slave_device:inst11|lpm_dff1:inst|lpm_ff:lpm_ff_component|dffs[5]                                                                      ; |lab7var2|slave_device:inst11|lpm_dff1:inst|lpm_ff:lpm_ff_component|dffs[5]                                                                      ; regout           ;
; |lab7var2|slave_device:inst11|lpm_dff1:inst|lpm_ff:lpm_ff_component|dffs[4]                                                                      ; |lab7var2|slave_device:inst11|lpm_dff1:inst|lpm_ff:lpm_ff_component|dffs[4]                                                                      ; regout           ;
; |lab7var2|slave_device:inst11|lpm_dff1:inst|lpm_ff:lpm_ff_component|dffs[3]                                                                      ; |lab7var2|slave_device:inst11|lpm_dff1:inst|lpm_ff:lpm_ff_component|dffs[3]                                                                      ; regout           ;
; |lab7var2|slave_device:inst11|lpm_dff1:inst|lpm_ff:lpm_ff_component|dffs[2]                                                                      ; |lab7var2|slave_device:inst11|lpm_dff1:inst|lpm_ff:lpm_ff_component|dffs[2]                                                                      ; regout           ;
; |lab7var2|slave_device:inst11|lpm_dff1:inst|lpm_ff:lpm_ff_component|dffs[1]                                                                      ; |lab7var2|slave_device:inst11|lpm_dff1:inst|lpm_ff:lpm_ff_component|dffs[1]                                                                      ; regout           ;
; |lab7var2|master_device:inst2|lpm_bustri0:inst8|lpm_bustri:lpm_bustri_component|dout[7]                                                          ; |lab7var2|master_device:inst2|lpm_bustri0:inst8|lpm_bustri:lpm_bustri_component|dout[7]                                                          ; out              ;
; |lab7var2|master_device:inst2|lpm_bustri0:inst8|lpm_bustri:lpm_bustri_component|dout[6]                                                          ; |lab7var2|master_device:inst2|lpm_bustri0:inst8|lpm_bustri:lpm_bustri_component|dout[6]                                                          ; out              ;
; |lab7var2|master_device:inst2|lpm_bustri0:inst8|lpm_bustri:lpm_bustri_component|dout[5]                                                          ; |lab7var2|master_device:inst2|lpm_bustri0:inst8|lpm_bustri:lpm_bustri_component|dout[5]                                                          ; out              ;
; |lab7var2|master_device:inst2|lpm_bustri0:inst8|lpm_bustri:lpm_bustri_component|dout[4]                                                          ; |lab7var2|master_device:inst2|lpm_bustri0:inst8|lpm_bustri:lpm_bustri_component|dout[4]                                                          ; out              ;
; |lab7var2|master_device:inst2|lpm_bustri0:inst8|lpm_bustri:lpm_bustri_component|dout[3]                                                          ; |lab7var2|master_device:inst2|lpm_bustri0:inst8|lpm_bustri:lpm_bustri_component|dout[3]                                                          ; out              ;
; |lab7var2|master_device:inst2|lpm_bustri0:inst8|lpm_bustri:lpm_bustri_component|dout[2]                                                          ; |lab7var2|master_device:inst2|lpm_bustri0:inst8|lpm_bustri:lpm_bustri_component|dout[2]                                                          ; out              ;
; |lab7var2|master_device:inst2|lpm_bustri0:inst8|lpm_bustri:lpm_bustri_component|dout[1]                                                          ; |lab7var2|master_device:inst2|lpm_bustri0:inst8|lpm_bustri:lpm_bustri_component|dout[1]                                                          ; out              ;
; |lab7var2|master_device:inst2|lpm_counter5:inst10|lpm_counter:lpm_counter_component|cntr_vvi:auto_generated|counter_comb_bita2                   ; |lab7var2|master_device:inst2|lpm_counter5:inst10|lpm_counter:lpm_counter_component|cntr_vvi:auto_generated|counter_comb_bita2~COUT              ; cout             ;
; |lab7var2|master_device:inst2|lpm_counter5:inst10|lpm_counter:lpm_counter_component|cntr_vvi:auto_generated|counter_comb_bita3                   ; |lab7var2|master_device:inst2|lpm_counter5:inst10|lpm_counter:lpm_counter_component|cntr_vvi:auto_generated|counter_comb_bita3                   ; sumout           ;
; |lab7var2|master_device:inst2|lpm_counter5:inst10|lpm_counter:lpm_counter_component|cntr_vvi:auto_generated|counter_comb_bita3                   ; |lab7var2|master_device:inst2|lpm_counter5:inst10|lpm_counter:lpm_counter_component|cntr_vvi:auto_generated|counter_comb_bita3~COUT              ; cout             ;
; |lab7var2|master_device:inst2|lpm_counter5:inst10|lpm_counter:lpm_counter_component|cntr_vvi:auto_generated|counter_comb_bita4                   ; |lab7var2|master_device:inst2|lpm_counter5:inst10|lpm_counter:lpm_counter_component|cntr_vvi:auto_generated|counter_comb_bita4                   ; sumout           ;
; |lab7var2|master_device:inst2|lpm_counter5:inst10|lpm_counter:lpm_counter_component|cntr_vvi:auto_generated|counter_comb_bita4                   ; |lab7var2|master_device:inst2|lpm_counter5:inst10|lpm_counter:lpm_counter_component|cntr_vvi:auto_generated|counter_comb_bita4~COUT              ; cout             ;
; |lab7var2|master_device:inst2|lpm_counter5:inst10|lpm_counter:lpm_counter_component|cntr_vvi:auto_generated|counter_comb_bita5                   ; |lab7var2|master_device:inst2|lpm_counter5:inst10|lpm_counter:lpm_counter_component|cntr_vvi:auto_generated|counter_comb_bita5                   ; sumout           ;
; |lab7var2|master_device:inst2|lpm_counter5:inst10|lpm_counter:lpm_counter_component|cntr_vvi:auto_generated|counter_comb_bita5                   ; |lab7var2|master_device:inst2|lpm_counter5:inst10|lpm_counter:lpm_counter_component|cntr_vvi:auto_generated|counter_comb_bita5~COUT              ; cout             ;
; |lab7var2|master_device:inst2|lpm_counter5:inst10|lpm_counter:lpm_counter_component|cntr_vvi:auto_generated|counter_comb_bita6                   ; |lab7var2|master_device:inst2|lpm_counter5:inst10|lpm_counter:lpm_counter_component|cntr_vvi:auto_generated|counter_comb_bita6                   ; sumout           ;
; |lab7var2|master_device:inst2|lpm_counter5:inst10|lpm_counter:lpm_counter_component|cntr_vvi:auto_generated|counter_comb_bita6                   ; |lab7var2|master_device:inst2|lpm_counter5:inst10|lpm_counter:lpm_counter_component|cntr_vvi:auto_generated|counter_comb_bita6~COUT              ; cout             ;
; |lab7var2|master_device:inst2|lpm_counter5:inst10|lpm_counter:lpm_counter_component|cntr_vvi:auto_generated|counter_comb_bita7                   ; |lab7var2|master_device:inst2|lpm_counter5:inst10|lpm_counter:lpm_counter_component|cntr_vvi:auto_generated|counter_comb_bita7                   ; sumout           ;
; |lab7var2|master_device:inst2|lpm_counter5:inst10|lpm_counter:lpm_counter_component|cntr_vvi:auto_generated|counter_comb_bita7                   ; |lab7var2|master_device:inst2|lpm_counter5:inst10|lpm_counter:lpm_counter_component|cntr_vvi:auto_generated|counter_comb_bita7~COUT              ; cout             ;
; |lab7var2|master_device:inst2|lpm_counter5:inst10|lpm_counter:lpm_counter_component|cntr_vvi:auto_generated|counter_reg_bit1a[7]                 ; |lab7var2|master_device:inst2|lpm_counter5:inst10|lpm_counter:lpm_counter_component|cntr_vvi:auto_generated|safe_q[7]                            ; regout           ;
; |lab7var2|master_device:inst2|lpm_counter5:inst10|lpm_counter:lpm_counter_component|cntr_vvi:auto_generated|counter_reg_bit1a[6]                 ; |lab7var2|master_device:inst2|lpm_counter5:inst10|lpm_counter:lpm_counter_component|cntr_vvi:auto_generated|safe_q[6]                            ; regout           ;
; |lab7var2|master_device:inst2|lpm_counter5:inst10|lpm_counter:lpm_counter_component|cntr_vvi:auto_generated|counter_reg_bit1a[5]                 ; |lab7var2|master_device:inst2|lpm_counter5:inst10|lpm_counter:lpm_counter_component|cntr_vvi:auto_generated|safe_q[5]                            ; regout           ;
; |lab7var2|master_device:inst2|lpm_counter5:inst10|lpm_counter:lpm_counter_component|cntr_vvi:auto_generated|counter_reg_bit1a[4]                 ; |lab7var2|master_device:inst2|lpm_counter5:inst10|lpm_counter:lpm_counter_component|cntr_vvi:auto_generated|safe_q[4]                            ; regout           ;
; |lab7var2|master_device:inst2|lpm_counter5:inst10|lpm_counter:lpm_counter_component|cntr_vvi:auto_generated|counter_reg_bit1a[3]                 ; |lab7var2|master_device:inst2|lpm_counter5:inst10|lpm_counter:lpm_counter_component|cntr_vvi:auto_generated|safe_q[3]                            ; regout           ;
; |lab7var2|master_device:inst2|lpm_counter5:inst10|lpm_counter:lpm_counter_component|cntr_vvi:auto_generated|counter_reg_bit1a[2]                 ; |lab7var2|master_device:inst2|lpm_counter5:inst10|lpm_counter:lpm_counter_component|cntr_vvi:auto_generated|safe_q[2]                            ; regout           ;
; |lab7var2|master_device:inst2|lpm_counter5:inst10|lpm_counter:lpm_counter_component|cntr_vvi:auto_generated|cmpr_edc:cmpr2|_~0                   ; |lab7var2|master_device:inst2|lpm_counter5:inst10|lpm_counter:lpm_counter_component|cntr_vvi:auto_generated|cmpr_edc:cmpr2|_~0                   ; out0             ;
; |lab7var2|master_device:inst2|lpm_counter5:inst10|lpm_counter:lpm_counter_component|cntr_vvi:auto_generated|cmpr_edc:cmpr2|aneb_result_wire[0]~0 ; |lab7var2|master_device:inst2|lpm_counter5:inst10|lpm_counter:lpm_counter_component|cntr_vvi:auto_generated|cmpr_edc:cmpr2|aneb_result_wire[0]~0 ; out0             ;
; |lab7var2|master_device:inst2|lpm_counter5:inst10|lpm_counter:lpm_counter_component|cntr_vvi:auto_generated|cmpr_edc:cmpr2|aneb_result_wire[0]   ; |lab7var2|master_device:inst2|lpm_counter5:inst10|lpm_counter:lpm_counter_component|cntr_vvi:auto_generated|cmpr_edc:cmpr2|aneb_result_wire[0]   ; out0             ;
; |lab7var2|master_device:inst2|lpm_counter5:inst10|lpm_counter:lpm_counter_component|cntr_vvi:auto_generated|cmpr_edc:cmpr2|data_wire[3]          ; |lab7var2|master_device:inst2|lpm_counter5:inst10|lpm_counter:lpm_counter_component|cntr_vvi:auto_generated|cmpr_edc:cmpr2|data_wire[3]          ; out0             ;
; |lab7var2|master_device:inst2|lpm_counter5:inst10|lpm_counter:lpm_counter_component|cntr_vvi:auto_generated|cmpr_edc:cmpr2|data_wire[2]          ; |lab7var2|master_device:inst2|lpm_counter5:inst10|lpm_counter:lpm_counter_component|cntr_vvi:auto_generated|cmpr_edc:cmpr2|data_wire[2]          ; out0             ;
; |lab7var2|master_device:inst2|lpm_counter5:inst10|lpm_counter:lpm_counter_component|cntr_vvi:auto_generated|cmpr_edc:cmpr2|data_wire[1]          ; |lab7var2|master_device:inst2|lpm_counter5:inst10|lpm_counter:lpm_counter_component|cntr_vvi:auto_generated|cmpr_edc:cmpr2|data_wire[1]          ; out0             ;
; |lab7var2|master_device:inst2|lpm_counter5:inst10|lpm_counter:lpm_counter_component|cntr_vvi:auto_generated|cmpr_edc:cmpr2|data_wire[0]          ; |lab7var2|master_device:inst2|lpm_counter5:inst10|lpm_counter:lpm_counter_component|cntr_vvi:auto_generated|cmpr_edc:cmpr2|data_wire[0]          ; out0             ;
; |lab7var2|master_device:inst2|lpm_compare0:inst6|lpm_compare:lpm_compare_component|cmpr_fig:auto_generated|data_wire[3]                          ; |lab7var2|master_device:inst2|lpm_compare0:inst6|lpm_compare:lpm_compare_component|cmpr_fig:auto_generated|data_wire[3]                          ; out0             ;
; |lab7var2|master_device:inst2|lpm_compare0:inst6|lpm_compare:lpm_compare_component|cmpr_fig:auto_generated|data_wire[2]                          ; |lab7var2|master_device:inst2|lpm_compare0:inst6|lpm_compare:lpm_compare_component|cmpr_fig:auto_generated|data_wire[2]                          ; out0             ;
; |lab7var2|master_device:inst2|lpm_bustri1:inst9|lpm_bustri:lpm_bustri_component|dout[2]                                                          ; |lab7var2|master_device:inst2|lpm_bustri1:inst9|lpm_bustri:lpm_bustri_component|dout[2]                                                          ; out              ;
; |lab7var2|master_device:inst2|lpm_counter0:inst13|lpm_counter:lpm_counter_component|cntr_coi:auto_generated|counter_comb_bita3                   ; |lab7var2|master_device:inst2|lpm_counter0:inst13|lpm_counter:lpm_counter_component|cntr_coi:auto_generated|counter_comb_bita3~COUT              ; cout             ;
; |lab7var2|master_device:inst2|lpm_counter0:inst13|lpm_counter:lpm_counter_component|cntr_coi:auto_generated|counter_comb_bita4                   ; |lab7var2|master_device:inst2|lpm_counter0:inst13|lpm_counter:lpm_counter_component|cntr_coi:auto_generated|counter_comb_bita4                   ; sumout           ;
; |lab7var2|master_device:inst2|lpm_counter0:inst13|lpm_counter:lpm_counter_component|cntr_coi:auto_generated|counter_comb_bita4                   ; |lab7var2|master_device:inst2|lpm_counter0:inst13|lpm_counter:lpm_counter_component|cntr_coi:auto_generated|counter_comb_bita4~COUT              ; cout             ;
; |lab7var2|master_device:inst2|lpm_counter0:inst13|lpm_counter:lpm_counter_component|cntr_coi:auto_generated|counter_comb_bita5                   ; |lab7var2|master_device:inst2|lpm_counter0:inst13|lpm_counter:lpm_counter_component|cntr_coi:auto_generated|counter_comb_bita5                   ; sumout           ;
; |lab7var2|master_device:inst2|lpm_counter0:inst13|lpm_counter:lpm_counter_component|cntr_coi:auto_generated|counter_comb_bita5                   ; |lab7var2|master_device:inst2|lpm_counter0:inst13|lpm_counter:lpm_counter_component|cntr_coi:auto_generated|counter_comb_bita5~COUT              ; cout             ;
; |lab7var2|master_device:inst2|lpm_counter0:inst13|lpm_counter:lpm_counter_component|cntr_coi:auto_generated|counter_comb_bita6                   ; |lab7var2|master_device:inst2|lpm_counter0:inst13|lpm_counter:lpm_counter_component|cntr_coi:auto_generated|counter_comb_bita6                   ; sumout           ;
; |lab7var2|master_device:inst2|lpm_counter0:inst13|lpm_counter:lpm_counter_component|cntr_coi:auto_generated|counter_comb_bita6                   ; |lab7var2|master_device:inst2|lpm_counter0:inst13|lpm_counter:lpm_counter_component|cntr_coi:auto_generated|counter_comb_bita6~COUT              ; cout             ;
; |lab7var2|master_device:inst2|lpm_counter0:inst13|lpm_counter:lpm_counter_component|cntr_coi:auto_generated|counter_comb_bita7                   ; |lab7var2|master_device:inst2|lpm_counter0:inst13|lpm_counter:lpm_counter_component|cntr_coi:auto_generated|counter_comb_bita7                   ; sumout           ;
; |lab7var2|master_device:inst2|lpm_counter0:inst13|lpm_counter:lpm_counter_component|cntr_coi:auto_generated|counter_reg_bit1a[7]                 ; |lab7var2|master_device:inst2|lpm_counter0:inst13|lpm_counter:lpm_counter_component|cntr_coi:auto_generated|safe_q[7]                            ; regout           ;
; |lab7var2|master_device:inst2|lpm_counter0:inst13|lpm_counter:lpm_counter_component|cntr_coi:auto_generated|counter_reg_bit1a[6]                 ; |lab7var2|master_device:inst2|lpm_counter0:inst13|lpm_counter:lpm_counter_component|cntr_coi:auto_generated|safe_q[6]                            ; regout           ;
; |lab7var2|master_device:inst2|lpm_counter0:inst13|lpm_counter:lpm_counter_component|cntr_coi:auto_generated|counter_reg_bit1a[5]                 ; |lab7var2|master_device:inst2|lpm_counter0:inst13|lpm_counter:lpm_counter_component|cntr_coi:auto_generated|safe_q[5]                            ; regout           ;
; |lab7var2|master_device:inst2|lpm_counter0:inst13|lpm_counter:lpm_counter_component|cntr_coi:auto_generated|counter_reg_bit1a[4]                 ; |lab7var2|master_device:inst2|lpm_counter0:inst13|lpm_counter:lpm_counter_component|cntr_coi:auto_generated|safe_q[4]                            ; regout           ;
; |lab7var2|master_device:inst2|lpm_counter0:inst13|lpm_counter:lpm_counter_component|cntr_coi:auto_generated|counter_reg_bit1a[3]                 ; |lab7var2|master_device:inst2|lpm_counter0:inst13|lpm_counter:lpm_counter_component|cntr_coi:auto_generated|safe_q[3]                            ; regout           ;
; |lab7var2|master_device:inst2|lpm_compare0:inst2|lpm_compare:lpm_compare_component|cmpr_fig:auto_generated|data_wire[3]                          ; |lab7var2|master_device:inst2|lpm_compare0:inst2|lpm_compare:lpm_compare_component|cmpr_fig:auto_generated|data_wire[3]                          ; out0             ;
; |lab7var2|master_device:inst2|lpm_compare0:inst2|lpm_compare:lpm_compare_component|cmpr_fig:auto_generated|data_wire[2]                          ; |lab7var2|master_device:inst2|lpm_compare0:inst2|lpm_compare:lpm_compare_component|cmpr_fig:auto_generated|data_wire[2]                          ; out0             ;
; |lab7var2|master_device:inst4|lpm_bustri0:inst8|lpm_bustri:lpm_bustri_component|dout[7]                                                          ; |lab7var2|master_device:inst4|lpm_bustri0:inst8|lpm_bustri:lpm_bustri_component|dout[7]                                                          ; out              ;
; |lab7var2|master_device:inst4|lpm_bustri0:inst8|lpm_bustri:lpm_bustri_component|dout[6]                                                          ; |lab7var2|master_device:inst4|lpm_bustri0:inst8|lpm_bustri:lpm_bustri_component|dout[6]                                                          ; out              ;
; |lab7var2|master_device:inst4|lpm_bustri0:inst8|lpm_bustri:lpm_bustri_component|dout[5]                                                          ; |lab7var2|master_device:inst4|lpm_bustri0:inst8|lpm_bustri:lpm_bustri_component|dout[5]                                                          ; out              ;
; |lab7var2|master_device:inst4|lpm_bustri0:inst8|lpm_bustri:lpm_bustri_component|dout[4]                                                          ; |lab7var2|master_device:inst4|lpm_bustri0:inst8|lpm_bustri:lpm_bustri_component|dout[4]                                                          ; out              ;
; |lab7var2|master_device:inst4|lpm_bustri0:inst8|lpm_bustri:lpm_bustri_component|dout[3]                                                          ; |lab7var2|master_device:inst4|lpm_bustri0:inst8|lpm_bustri:lpm_bustri_component|dout[3]                                                          ; out              ;
; |lab7var2|master_device:inst4|lpm_bustri0:inst8|lpm_bustri:lpm_bustri_component|dout[2]                                                          ; |lab7var2|master_device:inst4|lpm_bustri0:inst8|lpm_bustri:lpm_bustri_component|dout[2]                                                          ; out              ;
; |lab7var2|master_device:inst4|lpm_bustri0:inst8|lpm_bustri:lpm_bustri_component|dout[0]                                                          ; |lab7var2|master_device:inst4|lpm_bustri0:inst8|lpm_bustri:lpm_bustri_component|dout[0]                                                          ; out              ;
; |lab7var2|master_device:inst4|lpm_counter5:inst10|lpm_counter:lpm_counter_component|cntr_vvi:auto_generated|cout_actual                          ; |lab7var2|master_device:inst4|lpm_counter5:inst10|lpm_counter:lpm_counter_component|cntr_vvi:auto_generated|cout_actual                          ; out0             ;
; |lab7var2|master_device:inst4|lpm_counter5:inst10|lpm_counter:lpm_counter_component|cntr_vvi:auto_generated|counter_comb_bita0                   ; |lab7var2|master_device:inst4|lpm_counter5:inst10|lpm_counter:lpm_counter_component|cntr_vvi:auto_generated|counter_comb_bita0                   ; sumout           ;
; |lab7var2|master_device:inst4|lpm_counter5:inst10|lpm_counter:lpm_counter_component|cntr_vvi:auto_generated|counter_comb_bita1                   ; |lab7var2|master_device:inst4|lpm_counter5:inst10|lpm_counter:lpm_counter_component|cntr_vvi:auto_generated|counter_comb_bita1~COUT              ; cout             ;
; |lab7var2|master_device:inst4|lpm_counter5:inst10|lpm_counter:lpm_counter_component|cntr_vvi:auto_generated|counter_comb_bita2                   ; |lab7var2|master_device:inst4|lpm_counter5:inst10|lpm_counter:lpm_counter_component|cntr_vvi:auto_generated|counter_comb_bita2                   ; sumout           ;
; |lab7var2|master_device:inst4|lpm_counter5:inst10|lpm_counter:lpm_counter_component|cntr_vvi:auto_generated|counter_comb_bita2                   ; |lab7var2|master_device:inst4|lpm_counter5:inst10|lpm_counter:lpm_counter_component|cntr_vvi:auto_generated|counter_comb_bita2~COUT              ; cout             ;
; |lab7var2|master_device:inst4|lpm_counter5:inst10|lpm_counter:lpm_counter_component|cntr_vvi:auto_generated|counter_comb_bita3                   ; |lab7var2|master_device:inst4|lpm_counter5:inst10|lpm_counter:lpm_counter_component|cntr_vvi:auto_generated|counter_comb_bita3                   ; sumout           ;
; |lab7var2|master_device:inst4|lpm_counter5:inst10|lpm_counter:lpm_counter_component|cntr_vvi:auto_generated|counter_comb_bita3                   ; |lab7var2|master_device:inst4|lpm_counter5:inst10|lpm_counter:lpm_counter_component|cntr_vvi:auto_generated|counter_comb_bita3~COUT              ; cout             ;
; |lab7var2|master_device:inst4|lpm_counter5:inst10|lpm_counter:lpm_counter_component|cntr_vvi:auto_generated|counter_comb_bita4                   ; |lab7var2|master_device:inst4|lpm_counter5:inst10|lpm_counter:lpm_counter_component|cntr_vvi:auto_generated|counter_comb_bita4                   ; sumout           ;
; |lab7var2|master_device:inst4|lpm_counter5:inst10|lpm_counter:lpm_counter_component|cntr_vvi:auto_generated|counter_comb_bita4                   ; |lab7var2|master_device:inst4|lpm_counter5:inst10|lpm_counter:lpm_counter_component|cntr_vvi:auto_generated|counter_comb_bita4~COUT              ; cout             ;
; |lab7var2|master_device:inst4|lpm_counter5:inst10|lpm_counter:lpm_counter_component|cntr_vvi:auto_generated|counter_comb_bita5                   ; |lab7var2|master_device:inst4|lpm_counter5:inst10|lpm_counter:lpm_counter_component|cntr_vvi:auto_generated|counter_comb_bita5                   ; sumout           ;
; |lab7var2|master_device:inst4|lpm_counter5:inst10|lpm_counter:lpm_counter_component|cntr_vvi:auto_generated|counter_comb_bita5                   ; |lab7var2|master_device:inst4|lpm_counter5:inst10|lpm_counter:lpm_counter_component|cntr_vvi:auto_generated|counter_comb_bita5~COUT              ; cout             ;
; |lab7var2|master_device:inst4|lpm_counter5:inst10|lpm_counter:lpm_counter_component|cntr_vvi:auto_generated|counter_comb_bita6                   ; |lab7var2|master_device:inst4|lpm_counter5:inst10|lpm_counter:lpm_counter_component|cntr_vvi:auto_generated|counter_comb_bita6                   ; sumout           ;
; |lab7var2|master_device:inst4|lpm_counter5:inst10|lpm_counter:lpm_counter_component|cntr_vvi:auto_generated|counter_comb_bita6                   ; |lab7var2|master_device:inst4|lpm_counter5:inst10|lpm_counter:lpm_counter_component|cntr_vvi:auto_generated|counter_comb_bita6~COUT              ; cout             ;
; |lab7var2|master_device:inst4|lpm_counter5:inst10|lpm_counter:lpm_counter_component|cntr_vvi:auto_generated|counter_comb_bita7                   ; |lab7var2|master_device:inst4|lpm_counter5:inst10|lpm_counter:lpm_counter_component|cntr_vvi:auto_generated|counter_comb_bita7                   ; sumout           ;
; |lab7var2|master_device:inst4|lpm_counter5:inst10|lpm_counter:lpm_counter_component|cntr_vvi:auto_generated|counter_comb_bita7                   ; |lab7var2|master_device:inst4|lpm_counter5:inst10|lpm_counter:lpm_counter_component|cntr_vvi:auto_generated|counter_comb_bita7~COUT              ; cout             ;
; |lab7var2|master_device:inst4|lpm_counter5:inst10|lpm_counter:lpm_counter_component|cntr_vvi:auto_generated|counter_reg_bit1a[7]                 ; |lab7var2|master_device:inst4|lpm_counter5:inst10|lpm_counter:lpm_counter_component|cntr_vvi:auto_generated|safe_q[7]                            ; regout           ;
; |lab7var2|master_device:inst4|lpm_counter5:inst10|lpm_counter:lpm_counter_component|cntr_vvi:auto_generated|counter_reg_bit1a[6]                 ; |lab7var2|master_device:inst4|lpm_counter5:inst10|lpm_counter:lpm_counter_component|cntr_vvi:auto_generated|safe_q[6]                            ; regout           ;
; |lab7var2|master_device:inst4|lpm_counter5:inst10|lpm_counter:lpm_counter_component|cntr_vvi:auto_generated|counter_reg_bit1a[5]                 ; |lab7var2|master_device:inst4|lpm_counter5:inst10|lpm_counter:lpm_counter_component|cntr_vvi:auto_generated|safe_q[5]                            ; regout           ;
; |lab7var2|master_device:inst4|lpm_counter5:inst10|lpm_counter:lpm_counter_component|cntr_vvi:auto_generated|counter_reg_bit1a[4]                 ; |lab7var2|master_device:inst4|lpm_counter5:inst10|lpm_counter:lpm_counter_component|cntr_vvi:auto_generated|safe_q[4]                            ; regout           ;
; |lab7var2|master_device:inst4|lpm_counter5:inst10|lpm_counter:lpm_counter_component|cntr_vvi:auto_generated|counter_reg_bit1a[3]                 ; |lab7var2|master_device:inst4|lpm_counter5:inst10|lpm_counter:lpm_counter_component|cntr_vvi:auto_generated|safe_q[3]                            ; regout           ;
; |lab7var2|master_device:inst4|lpm_counter5:inst10|lpm_counter:lpm_counter_component|cntr_vvi:auto_generated|counter_reg_bit1a[2]                 ; |lab7var2|master_device:inst4|lpm_counter5:inst10|lpm_counter:lpm_counter_component|cntr_vvi:auto_generated|safe_q[2]                            ; regout           ;
; |lab7var2|master_device:inst4|lpm_counter5:inst10|lpm_counter:lpm_counter_component|cntr_vvi:auto_generated|counter_reg_bit1a[1]                 ; |lab7var2|master_device:inst4|lpm_counter5:inst10|lpm_counter:lpm_counter_component|cntr_vvi:auto_generated|safe_q[1]                            ; regout           ;
; |lab7var2|master_device:inst4|lpm_counter5:inst10|lpm_counter:lpm_counter_component|cntr_vvi:auto_generated|cmpr_edc:cmpr2|_~0                   ; |lab7var2|master_device:inst4|lpm_counter5:inst10|lpm_counter:lpm_counter_component|cntr_vvi:auto_generated|cmpr_edc:cmpr2|_~0                   ; out0             ;
; |lab7var2|master_device:inst4|lpm_counter5:inst10|lpm_counter:lpm_counter_component|cntr_vvi:auto_generated|cmpr_edc:cmpr2|aneb_result_wire[0]~0 ; |lab7var2|master_device:inst4|lpm_counter5:inst10|lpm_counter:lpm_counter_component|cntr_vvi:auto_generated|cmpr_edc:cmpr2|aneb_result_wire[0]~0 ; out0             ;
; |lab7var2|master_device:inst4|lpm_counter5:inst10|lpm_counter:lpm_counter_component|cntr_vvi:auto_generated|cmpr_edc:cmpr2|aneb_result_wire[0]   ; |lab7var2|master_device:inst4|lpm_counter5:inst10|lpm_counter:lpm_counter_component|cntr_vvi:auto_generated|cmpr_edc:cmpr2|aneb_result_wire[0]   ; out0             ;
; |lab7var2|master_device:inst4|lpm_counter5:inst10|lpm_counter:lpm_counter_component|cntr_vvi:auto_generated|cmpr_edc:cmpr2|data_wire[3]          ; |lab7var2|master_device:inst4|lpm_counter5:inst10|lpm_counter:lpm_counter_component|cntr_vvi:auto_generated|cmpr_edc:cmpr2|data_wire[3]          ; out0             ;
; |lab7var2|master_device:inst4|lpm_counter5:inst10|lpm_counter:lpm_counter_component|cntr_vvi:auto_generated|cmpr_edc:cmpr2|data_wire[2]          ; |lab7var2|master_device:inst4|lpm_counter5:inst10|lpm_counter:lpm_counter_component|cntr_vvi:auto_generated|cmpr_edc:cmpr2|data_wire[2]          ; out0             ;
; |lab7var2|master_device:inst4|lpm_counter5:inst10|lpm_counter:lpm_counter_component|cntr_vvi:auto_generated|cmpr_edc:cmpr2|data_wire[1]          ; |lab7var2|master_device:inst4|lpm_counter5:inst10|lpm_counter:lpm_counter_component|cntr_vvi:auto_generated|cmpr_edc:cmpr2|data_wire[1]          ; out0             ;
; |lab7var2|master_device:inst4|lpm_counter5:inst10|lpm_counter:lpm_counter_component|cntr_vvi:auto_generated|cmpr_edc:cmpr2|data_wire[0]          ; |lab7var2|master_device:inst4|lpm_counter5:inst10|lpm_counter:lpm_counter_component|cntr_vvi:auto_generated|cmpr_edc:cmpr2|data_wire[0]          ; out0             ;
; |lab7var2|master_device:inst4|lpm_compare0:inst6|lpm_compare:lpm_compare_component|cmpr_fig:auto_generated|data_wire[3]                          ; |lab7var2|master_device:inst4|lpm_compare0:inst6|lpm_compare:lpm_compare_component|cmpr_fig:auto_generated|data_wire[3]                          ; out0             ;
; |lab7var2|master_device:inst4|lpm_compare0:inst6|lpm_compare:lpm_compare_component|cmpr_fig:auto_generated|data_wire[2]                          ; |lab7var2|master_device:inst4|lpm_compare0:inst6|lpm_compare:lpm_compare_component|cmpr_fig:auto_generated|data_wire[2]                          ; out0             ;
; |lab7var2|master_device:inst4|lpm_bustri1:inst9|lpm_bustri:lpm_bustri_component|dout[2]                                                          ; |lab7var2|master_device:inst4|lpm_bustri1:inst9|lpm_bustri:lpm_bustri_component|dout[2]                                                          ; out              ;
; |lab7var2|master_device:inst4|lpm_bustri1:inst9|lpm_bustri:lpm_bustri_component|dout[0]                                                          ; |lab7var2|master_device:inst4|lpm_bustri1:inst9|lpm_bustri:lpm_bustri_component|dout[0]                                                          ; out              ;
; |lab7var2|master_device:inst4|lpm_counter0:inst13|lpm_counter:lpm_counter_component|cntr_coi:auto_generated|counter_comb_bita3                   ; |lab7var2|master_device:inst4|lpm_counter0:inst13|lpm_counter:lpm_counter_component|cntr_coi:auto_generated|counter_comb_bita3~COUT              ; cout             ;
; |lab7var2|master_device:inst4|lpm_counter0:inst13|lpm_counter:lpm_counter_component|cntr_coi:auto_generated|counter_comb_bita4                   ; |lab7var2|master_device:inst4|lpm_counter0:inst13|lpm_counter:lpm_counter_component|cntr_coi:auto_generated|counter_comb_bita4                   ; sumout           ;
; |lab7var2|master_device:inst4|lpm_counter0:inst13|lpm_counter:lpm_counter_component|cntr_coi:auto_generated|counter_comb_bita4                   ; |lab7var2|master_device:inst4|lpm_counter0:inst13|lpm_counter:lpm_counter_component|cntr_coi:auto_generated|counter_comb_bita4~COUT              ; cout             ;
; |lab7var2|master_device:inst4|lpm_counter0:inst13|lpm_counter:lpm_counter_component|cntr_coi:auto_generated|counter_comb_bita5                   ; |lab7var2|master_device:inst4|lpm_counter0:inst13|lpm_counter:lpm_counter_component|cntr_coi:auto_generated|counter_comb_bita5                   ; sumout           ;
; |lab7var2|master_device:inst4|lpm_counter0:inst13|lpm_counter:lpm_counter_component|cntr_coi:auto_generated|counter_comb_bita5                   ; |lab7var2|master_device:inst4|lpm_counter0:inst13|lpm_counter:lpm_counter_component|cntr_coi:auto_generated|counter_comb_bita5~COUT              ; cout             ;
; |lab7var2|master_device:inst4|lpm_counter0:inst13|lpm_counter:lpm_counter_component|cntr_coi:auto_generated|counter_comb_bita6                   ; |lab7var2|master_device:inst4|lpm_counter0:inst13|lpm_counter:lpm_counter_component|cntr_coi:auto_generated|counter_comb_bita6                   ; sumout           ;
; |lab7var2|master_device:inst4|lpm_counter0:inst13|lpm_counter:lpm_counter_component|cntr_coi:auto_generated|counter_comb_bita6                   ; |lab7var2|master_device:inst4|lpm_counter0:inst13|lpm_counter:lpm_counter_component|cntr_coi:auto_generated|counter_comb_bita6~COUT              ; cout             ;
; |lab7var2|master_device:inst4|lpm_counter0:inst13|lpm_counter:lpm_counter_component|cntr_coi:auto_generated|counter_comb_bita7                   ; |lab7var2|master_device:inst4|lpm_counter0:inst13|lpm_counter:lpm_counter_component|cntr_coi:auto_generated|counter_comb_bita7                   ; sumout           ;
; |lab7var2|master_device:inst4|lpm_counter0:inst13|lpm_counter:lpm_counter_component|cntr_coi:auto_generated|counter_reg_bit1a[7]                 ; |lab7var2|master_device:inst4|lpm_counter0:inst13|lpm_counter:lpm_counter_component|cntr_coi:auto_generated|safe_q[7]                            ; regout           ;
; |lab7var2|master_device:inst4|lpm_counter0:inst13|lpm_counter:lpm_counter_component|cntr_coi:auto_generated|counter_reg_bit1a[6]                 ; |lab7var2|master_device:inst4|lpm_counter0:inst13|lpm_counter:lpm_counter_component|cntr_coi:auto_generated|safe_q[6]                            ; regout           ;
; |lab7var2|master_device:inst4|lpm_counter0:inst13|lpm_counter:lpm_counter_component|cntr_coi:auto_generated|counter_reg_bit1a[5]                 ; |lab7var2|master_device:inst4|lpm_counter0:inst13|lpm_counter:lpm_counter_component|cntr_coi:auto_generated|safe_q[5]                            ; regout           ;
; |lab7var2|master_device:inst4|lpm_counter0:inst13|lpm_counter:lpm_counter_component|cntr_coi:auto_generated|counter_reg_bit1a[4]                 ; |lab7var2|master_device:inst4|lpm_counter0:inst13|lpm_counter:lpm_counter_component|cntr_coi:auto_generated|safe_q[4]                            ; regout           ;
; |lab7var2|master_device:inst4|lpm_counter0:inst13|lpm_counter:lpm_counter_component|cntr_coi:auto_generated|counter_reg_bit1a[3]                 ; |lab7var2|master_device:inst4|lpm_counter0:inst13|lpm_counter:lpm_counter_component|cntr_coi:auto_generated|safe_q[3]                            ; regout           ;
; |lab7var2|master_device:inst4|lpm_compare0:inst2|lpm_compare:lpm_compare_component|cmpr_fig:auto_generated|data_wire[3]                          ; |lab7var2|master_device:inst4|lpm_compare0:inst2|lpm_compare:lpm_compare_component|cmpr_fig:auto_generated|data_wire[3]                          ; out0             ;
; |lab7var2|master_device:inst4|lpm_compare0:inst2|lpm_compare:lpm_compare_component|cmpr_fig:auto_generated|data_wire[2]                          ; |lab7var2|master_device:inst4|lpm_compare0:inst2|lpm_compare:lpm_compare_component|cmpr_fig:auto_generated|data_wire[2]                          ; out0             ;
; |lab7var2|master_device:inst5|lpm_bustri0:inst8|lpm_bustri:lpm_bustri_component|dout[7]                                                          ; |lab7var2|master_device:inst5|lpm_bustri0:inst8|lpm_bustri:lpm_bustri_component|dout[7]                                                          ; out              ;
; |lab7var2|master_device:inst5|lpm_bustri0:inst8|lpm_bustri:lpm_bustri_component|dout[6]                                                          ; |lab7var2|master_device:inst5|lpm_bustri0:inst8|lpm_bustri:lpm_bustri_component|dout[6]                                                          ; out              ;
; |lab7var2|master_device:inst5|lpm_bustri0:inst8|lpm_bustri:lpm_bustri_component|dout[5]                                                          ; |lab7var2|master_device:inst5|lpm_bustri0:inst8|lpm_bustri:lpm_bustri_component|dout[5]                                                          ; out              ;
; |lab7var2|master_device:inst5|lpm_bustri0:inst8|lpm_bustri:lpm_bustri_component|dout[4]                                                          ; |lab7var2|master_device:inst5|lpm_bustri0:inst8|lpm_bustri:lpm_bustri_component|dout[4]                                                          ; out              ;
; |lab7var2|master_device:inst5|lpm_bustri0:inst8|lpm_bustri:lpm_bustri_component|dout[3]                                                          ; |lab7var2|master_device:inst5|lpm_bustri0:inst8|lpm_bustri:lpm_bustri_component|dout[3]                                                          ; out              ;
; |lab7var2|master_device:inst5|lpm_bustri0:inst8|lpm_bustri:lpm_bustri_component|dout[2]                                                          ; |lab7var2|master_device:inst5|lpm_bustri0:inst8|lpm_bustri:lpm_bustri_component|dout[2]                                                          ; out              ;
; |lab7var2|master_device:inst5|lpm_counter5:inst10|lpm_counter:lpm_counter_component|cntr_vvi:auto_generated|counter_comb_bita2                   ; |lab7var2|master_device:inst5|lpm_counter5:inst10|lpm_counter:lpm_counter_component|cntr_vvi:auto_generated|counter_comb_bita2~COUT              ; cout             ;
; |lab7var2|master_device:inst5|lpm_counter5:inst10|lpm_counter:lpm_counter_component|cntr_vvi:auto_generated|counter_comb_bita3                   ; |lab7var2|master_device:inst5|lpm_counter5:inst10|lpm_counter:lpm_counter_component|cntr_vvi:auto_generated|counter_comb_bita3                   ; sumout           ;
; |lab7var2|master_device:inst5|lpm_counter5:inst10|lpm_counter:lpm_counter_component|cntr_vvi:auto_generated|counter_comb_bita3                   ; |lab7var2|master_device:inst5|lpm_counter5:inst10|lpm_counter:lpm_counter_component|cntr_vvi:auto_generated|counter_comb_bita3~COUT              ; cout             ;
; |lab7var2|master_device:inst5|lpm_counter5:inst10|lpm_counter:lpm_counter_component|cntr_vvi:auto_generated|counter_comb_bita4                   ; |lab7var2|master_device:inst5|lpm_counter5:inst10|lpm_counter:lpm_counter_component|cntr_vvi:auto_generated|counter_comb_bita4                   ; sumout           ;
; |lab7var2|master_device:inst5|lpm_counter5:inst10|lpm_counter:lpm_counter_component|cntr_vvi:auto_generated|counter_comb_bita4                   ; |lab7var2|master_device:inst5|lpm_counter5:inst10|lpm_counter:lpm_counter_component|cntr_vvi:auto_generated|counter_comb_bita4~COUT              ; cout             ;
; |lab7var2|master_device:inst5|lpm_counter5:inst10|lpm_counter:lpm_counter_component|cntr_vvi:auto_generated|counter_comb_bita5                   ; |lab7var2|master_device:inst5|lpm_counter5:inst10|lpm_counter:lpm_counter_component|cntr_vvi:auto_generated|counter_comb_bita5                   ; sumout           ;
; |lab7var2|master_device:inst5|lpm_counter5:inst10|lpm_counter:lpm_counter_component|cntr_vvi:auto_generated|counter_comb_bita5                   ; |lab7var2|master_device:inst5|lpm_counter5:inst10|lpm_counter:lpm_counter_component|cntr_vvi:auto_generated|counter_comb_bita5~COUT              ; cout             ;
; |lab7var2|master_device:inst5|lpm_counter5:inst10|lpm_counter:lpm_counter_component|cntr_vvi:auto_generated|counter_comb_bita6                   ; |lab7var2|master_device:inst5|lpm_counter5:inst10|lpm_counter:lpm_counter_component|cntr_vvi:auto_generated|counter_comb_bita6                   ; sumout           ;
; |lab7var2|master_device:inst5|lpm_counter5:inst10|lpm_counter:lpm_counter_component|cntr_vvi:auto_generated|counter_comb_bita6                   ; |lab7var2|master_device:inst5|lpm_counter5:inst10|lpm_counter:lpm_counter_component|cntr_vvi:auto_generated|counter_comb_bita6~COUT              ; cout             ;
; |lab7var2|master_device:inst5|lpm_counter5:inst10|lpm_counter:lpm_counter_component|cntr_vvi:auto_generated|counter_comb_bita7                   ; |lab7var2|master_device:inst5|lpm_counter5:inst10|lpm_counter:lpm_counter_component|cntr_vvi:auto_generated|counter_comb_bita7                   ; sumout           ;
; |lab7var2|master_device:inst5|lpm_counter5:inst10|lpm_counter:lpm_counter_component|cntr_vvi:auto_generated|counter_comb_bita7                   ; |lab7var2|master_device:inst5|lpm_counter5:inst10|lpm_counter:lpm_counter_component|cntr_vvi:auto_generated|counter_comb_bita7~COUT              ; cout             ;
; |lab7var2|master_device:inst5|lpm_counter5:inst10|lpm_counter:lpm_counter_component|cntr_vvi:auto_generated|counter_reg_bit1a[7]                 ; |lab7var2|master_device:inst5|lpm_counter5:inst10|lpm_counter:lpm_counter_component|cntr_vvi:auto_generated|safe_q[7]                            ; regout           ;
; |lab7var2|master_device:inst5|lpm_counter5:inst10|lpm_counter:lpm_counter_component|cntr_vvi:auto_generated|counter_reg_bit1a[6]                 ; |lab7var2|master_device:inst5|lpm_counter5:inst10|lpm_counter:lpm_counter_component|cntr_vvi:auto_generated|safe_q[6]                            ; regout           ;
; |lab7var2|master_device:inst5|lpm_counter5:inst10|lpm_counter:lpm_counter_component|cntr_vvi:auto_generated|counter_reg_bit1a[5]                 ; |lab7var2|master_device:inst5|lpm_counter5:inst10|lpm_counter:lpm_counter_component|cntr_vvi:auto_generated|safe_q[5]                            ; regout           ;
; |lab7var2|master_device:inst5|lpm_counter5:inst10|lpm_counter:lpm_counter_component|cntr_vvi:auto_generated|counter_reg_bit1a[4]                 ; |lab7var2|master_device:inst5|lpm_counter5:inst10|lpm_counter:lpm_counter_component|cntr_vvi:auto_generated|safe_q[4]                            ; regout           ;
; |lab7var2|master_device:inst5|lpm_counter5:inst10|lpm_counter:lpm_counter_component|cntr_vvi:auto_generated|counter_reg_bit1a[3]                 ; |lab7var2|master_device:inst5|lpm_counter5:inst10|lpm_counter:lpm_counter_component|cntr_vvi:auto_generated|safe_q[3]                            ; regout           ;
; |lab7var2|master_device:inst5|lpm_counter5:inst10|lpm_counter:lpm_counter_component|cntr_vvi:auto_generated|counter_reg_bit1a[2]                 ; |lab7var2|master_device:inst5|lpm_counter5:inst10|lpm_counter:lpm_counter_component|cntr_vvi:auto_generated|safe_q[2]                            ; regout           ;
; |lab7var2|master_device:inst5|lpm_counter5:inst10|lpm_counter:lpm_counter_component|cntr_vvi:auto_generated|cmpr_edc:cmpr2|_~0                   ; |lab7var2|master_device:inst5|lpm_counter5:inst10|lpm_counter:lpm_counter_component|cntr_vvi:auto_generated|cmpr_edc:cmpr2|_~0                   ; out0             ;
; |lab7var2|master_device:inst5|lpm_counter5:inst10|lpm_counter:lpm_counter_component|cntr_vvi:auto_generated|cmpr_edc:cmpr2|aneb_result_wire[0]~0 ; |lab7var2|master_device:inst5|lpm_counter5:inst10|lpm_counter:lpm_counter_component|cntr_vvi:auto_generated|cmpr_edc:cmpr2|aneb_result_wire[0]~0 ; out0             ;
; |lab7var2|master_device:inst5|lpm_counter5:inst10|lpm_counter:lpm_counter_component|cntr_vvi:auto_generated|cmpr_edc:cmpr2|aneb_result_wire[0]   ; |lab7var2|master_device:inst5|lpm_counter5:inst10|lpm_counter:lpm_counter_component|cntr_vvi:auto_generated|cmpr_edc:cmpr2|aneb_result_wire[0]   ; out0             ;
; |lab7var2|master_device:inst5|lpm_counter5:inst10|lpm_counter:lpm_counter_component|cntr_vvi:auto_generated|cmpr_edc:cmpr2|data_wire[3]          ; |lab7var2|master_device:inst5|lpm_counter5:inst10|lpm_counter:lpm_counter_component|cntr_vvi:auto_generated|cmpr_edc:cmpr2|data_wire[3]          ; out0             ;
; |lab7var2|master_device:inst5|lpm_counter5:inst10|lpm_counter:lpm_counter_component|cntr_vvi:auto_generated|cmpr_edc:cmpr2|data_wire[2]          ; |lab7var2|master_device:inst5|lpm_counter5:inst10|lpm_counter:lpm_counter_component|cntr_vvi:auto_generated|cmpr_edc:cmpr2|data_wire[2]          ; out0             ;
; |lab7var2|master_device:inst5|lpm_counter5:inst10|lpm_counter:lpm_counter_component|cntr_vvi:auto_generated|cmpr_edc:cmpr2|data_wire[1]          ; |lab7var2|master_device:inst5|lpm_counter5:inst10|lpm_counter:lpm_counter_component|cntr_vvi:auto_generated|cmpr_edc:cmpr2|data_wire[1]          ; out0             ;
; |lab7var2|master_device:inst5|lpm_counter5:inst10|lpm_counter:lpm_counter_component|cntr_vvi:auto_generated|cmpr_edc:cmpr2|data_wire[0]          ; |lab7var2|master_device:inst5|lpm_counter5:inst10|lpm_counter:lpm_counter_component|cntr_vvi:auto_generated|cmpr_edc:cmpr2|data_wire[0]          ; out0             ;
; |lab7var2|master_device:inst5|lpm_compare0:inst6|lpm_compare:lpm_compare_component|cmpr_fig:auto_generated|data_wire[3]                          ; |lab7var2|master_device:inst5|lpm_compare0:inst6|lpm_compare:lpm_compare_component|cmpr_fig:auto_generated|data_wire[3]                          ; out0             ;
; |lab7var2|master_device:inst5|lpm_compare0:inst6|lpm_compare:lpm_compare_component|cmpr_fig:auto_generated|data_wire[2]                          ; |lab7var2|master_device:inst5|lpm_compare0:inst6|lpm_compare:lpm_compare_component|cmpr_fig:auto_generated|data_wire[2]                          ; out0             ;
; |lab7var2|master_device:inst5|lpm_counter0:inst13|lpm_counter:lpm_counter_component|cntr_coi:auto_generated|counter_comb_bita3                   ; |lab7var2|master_device:inst5|lpm_counter0:inst13|lpm_counter:lpm_counter_component|cntr_coi:auto_generated|counter_comb_bita3~COUT              ; cout             ;
; |lab7var2|master_device:inst5|lpm_counter0:inst13|lpm_counter:lpm_counter_component|cntr_coi:auto_generated|counter_comb_bita4                   ; |lab7var2|master_device:inst5|lpm_counter0:inst13|lpm_counter:lpm_counter_component|cntr_coi:auto_generated|counter_comb_bita4                   ; sumout           ;
; |lab7var2|master_device:inst5|lpm_counter0:inst13|lpm_counter:lpm_counter_component|cntr_coi:auto_generated|counter_comb_bita4                   ; |lab7var2|master_device:inst5|lpm_counter0:inst13|lpm_counter:lpm_counter_component|cntr_coi:auto_generated|counter_comb_bita4~COUT              ; cout             ;
; |lab7var2|master_device:inst5|lpm_counter0:inst13|lpm_counter:lpm_counter_component|cntr_coi:auto_generated|counter_comb_bita5                   ; |lab7var2|master_device:inst5|lpm_counter0:inst13|lpm_counter:lpm_counter_component|cntr_coi:auto_generated|counter_comb_bita5                   ; sumout           ;
; |lab7var2|master_device:inst5|lpm_counter0:inst13|lpm_counter:lpm_counter_component|cntr_coi:auto_generated|counter_comb_bita5                   ; |lab7var2|master_device:inst5|lpm_counter0:inst13|lpm_counter:lpm_counter_component|cntr_coi:auto_generated|counter_comb_bita5~COUT              ; cout             ;
; |lab7var2|master_device:inst5|lpm_counter0:inst13|lpm_counter:lpm_counter_component|cntr_coi:auto_generated|counter_comb_bita6                   ; |lab7var2|master_device:inst5|lpm_counter0:inst13|lpm_counter:lpm_counter_component|cntr_coi:auto_generated|counter_comb_bita6                   ; sumout           ;
; |lab7var2|master_device:inst5|lpm_counter0:inst13|lpm_counter:lpm_counter_component|cntr_coi:auto_generated|counter_comb_bita6                   ; |lab7var2|master_device:inst5|lpm_counter0:inst13|lpm_counter:lpm_counter_component|cntr_coi:auto_generated|counter_comb_bita6~COUT              ; cout             ;
; |lab7var2|master_device:inst5|lpm_counter0:inst13|lpm_counter:lpm_counter_component|cntr_coi:auto_generated|counter_comb_bita7                   ; |lab7var2|master_device:inst5|lpm_counter0:inst13|lpm_counter:lpm_counter_component|cntr_coi:auto_generated|counter_comb_bita7                   ; sumout           ;
; |lab7var2|master_device:inst5|lpm_counter0:inst13|lpm_counter:lpm_counter_component|cntr_coi:auto_generated|counter_reg_bit1a[7]                 ; |lab7var2|master_device:inst5|lpm_counter0:inst13|lpm_counter:lpm_counter_component|cntr_coi:auto_generated|safe_q[7]                            ; regout           ;
; |lab7var2|master_device:inst5|lpm_counter0:inst13|lpm_counter:lpm_counter_component|cntr_coi:auto_generated|counter_reg_bit1a[6]                 ; |lab7var2|master_device:inst5|lpm_counter0:inst13|lpm_counter:lpm_counter_component|cntr_coi:auto_generated|safe_q[6]                            ; regout           ;
; |lab7var2|master_device:inst5|lpm_counter0:inst13|lpm_counter:lpm_counter_component|cntr_coi:auto_generated|counter_reg_bit1a[5]                 ; |lab7var2|master_device:inst5|lpm_counter0:inst13|lpm_counter:lpm_counter_component|cntr_coi:auto_generated|safe_q[5]                            ; regout           ;
; |lab7var2|master_device:inst5|lpm_counter0:inst13|lpm_counter:lpm_counter_component|cntr_coi:auto_generated|counter_reg_bit1a[4]                 ; |lab7var2|master_device:inst5|lpm_counter0:inst13|lpm_counter:lpm_counter_component|cntr_coi:auto_generated|safe_q[4]                            ; regout           ;
; |lab7var2|master_device:inst5|lpm_counter0:inst13|lpm_counter:lpm_counter_component|cntr_coi:auto_generated|counter_reg_bit1a[3]                 ; |lab7var2|master_device:inst5|lpm_counter0:inst13|lpm_counter:lpm_counter_component|cntr_coi:auto_generated|safe_q[3]                            ; regout           ;
; |lab7var2|master_device:inst5|lpm_compare0:inst2|lpm_compare:lpm_compare_component|cmpr_fig:auto_generated|data_wire[3]                          ; |lab7var2|master_device:inst5|lpm_compare0:inst2|lpm_compare:lpm_compare_component|cmpr_fig:auto_generated|data_wire[3]                          ; out0             ;
; |lab7var2|master_device:inst5|lpm_compare0:inst2|lpm_compare:lpm_compare_component|cmpr_fig:auto_generated|data_wire[2]                          ; |lab7var2|master_device:inst5|lpm_compare0:inst2|lpm_compare:lpm_compare_component|cmpr_fig:auto_generated|data_wire[2]                          ; out0             ;
; |lab7var2|master_device:inst2|lpm_add_sub2:inst11|lpm_add_sub:lpm_add_sub_component|add_sub_9lh:auto_generated|op_1~1                            ; |lab7var2|master_device:inst2|lpm_add_sub2:inst11|lpm_add_sub:lpm_add_sub_component|add_sub_9lh:auto_generated|op_1~1                            ; out0             ;
; |lab7var2|master_device:inst2|lpm_add_sub2:inst11|lpm_add_sub:lpm_add_sub_component|add_sub_9lh:auto_generated|op_1~2                            ; |lab7var2|master_device:inst2|lpm_add_sub2:inst11|lpm_add_sub:lpm_add_sub_component|add_sub_9lh:auto_generated|op_1~2                            ; out0             ;
; |lab7var2|master_device:inst4|lpm_add_sub2:inst11|lpm_add_sub:lpm_add_sub_component|add_sub_9lh:auto_generated|op_1~0                            ; |lab7var2|master_device:inst4|lpm_add_sub2:inst11|lpm_add_sub:lpm_add_sub_component|add_sub_9lh:auto_generated|op_1~0                            ; out0             ;
; |lab7var2|master_device:inst5|lpm_add_sub2:inst11|lpm_add_sub:lpm_add_sub_component|add_sub_9lh:auto_generated|op_1~0                            ; |lab7var2|master_device:inst5|lpm_add_sub2:inst11|lpm_add_sub:lpm_add_sub_component|add_sub_9lh:auto_generated|op_1~0                            ; out0             ;
; |lab7var2|master_device:inst5|lpm_add_sub2:inst11|lpm_add_sub:lpm_add_sub_component|add_sub_9lh:auto_generated|op_1~2                            ; |lab7var2|master_device:inst5|lpm_add_sub2:inst11|lpm_add_sub:lpm_add_sub_component|add_sub_9lh:auto_generated|op_1~2                            ; out0             ;
+--------------------------------------------------------------------------------------------------------------------------------------------------+--------------------------------------------------------------------------------------------------------------------------------------------------+------------------+


The following table displays output ports that do not toggle to 0 during simulation.
+------------------------------------------------------------------------------------------------------------------------------------------------------------------------------------------------------------------------------------------------------------------------------------------------------------------------+
; Missing 0-Value Coverage                                                                                                                                                                                                                                                                                               ;
+--------------------------------------------------------------------------------------------------------------------------------------------------+--------------------------------------------------------------------------------------------------------------------------------------------------+------------------+
; Node Name                                                                                                                                        ; Output Port Name                                                                                                                                 ; Output Port Type ;
+--------------------------------------------------------------------------------------------------------------------------------------------------+--------------------------------------------------------------------------------------------------------------------------------------------------+------------------+
; |lab7var2|Data_slave1[7]                                                                                                                         ; |lab7var2|Data_slave1[7]                                                                                                                         ; pin_out          ;
; |lab7var2|Data_slave1[6]                                                                                                                         ; |lab7var2|Data_slave1[6]                                                                                                                         ; pin_out          ;
; |lab7var2|Data_slave1[5]                                                                                                                         ; |lab7var2|Data_slave1[5]                                                                                                                         ; pin_out          ;
; |lab7var2|Data_slave1[4]                                                                                                                         ; |lab7var2|Data_slave1[4]                                                                                                                         ; pin_out          ;
; |lab7var2|Data_slave1[3]                                                                                                                         ; |lab7var2|Data_slave1[3]                                                                                                                         ; pin_out          ;
; |lab7var2|Data_slave1[2]                                                                                                                         ; |lab7var2|Data_slave1[2]                                                                                                                         ; pin_out          ;
; |lab7var2|Data_slave1[1]                                                                                                                         ; |lab7var2|Data_slave1[1]                                                                                                                         ; pin_out          ;
; |lab7var2|Data_slave1[0]                                                                                                                         ; |lab7var2|Data_slave1[0]                                                                                                                         ; pin_out          ;
; |lab7var2|Data_slave2[7]                                                                                                                         ; |lab7var2|Data_slave2[7]                                                                                                                         ; pin_out          ;
; |lab7var2|Data_slave2[6]                                                                                                                         ; |lab7var2|Data_slave2[6]                                                                                                                         ; pin_out          ;
; |lab7var2|Data_slave2[5]                                                                                                                         ; |lab7var2|Data_slave2[5]                                                                                                                         ; pin_out          ;
; |lab7var2|Data_slave2[4]                                                                                                                         ; |lab7var2|Data_slave2[4]                                                                                                                         ; pin_out          ;
; |lab7var2|Data_slave2[3]                                                                                                                         ; |lab7var2|Data_slave2[3]                                                                                                                         ; pin_out          ;
; |lab7var2|Data_slave2[2]                                                                                                                         ; |lab7var2|Data_slave2[2]                                                                                                                         ; pin_out          ;
; |lab7var2|Data_slave2[0]                                                                                                                         ; |lab7var2|Data_slave2[0]                                                                                                                         ; pin_out          ;
; |lab7var2|Data_slave3[7]                                                                                                                         ; |lab7var2|Data_slave3[7]                                                                                                                         ; pin_out          ;
; |lab7var2|Data_slave3[6]                                                                                                                         ; |lab7var2|Data_slave3[6]                                                                                                                         ; pin_out          ;
; |lab7var2|Data_slave3[5]                                                                                                                         ; |lab7var2|Data_slave3[5]                                                                                                                         ; pin_out          ;
; |lab7var2|Data_slave3[4]                                                                                                                         ; |lab7var2|Data_slave3[4]                                                                                                                         ; pin_out          ;
; |lab7var2|Data_slave3[3]                                                                                                                         ; |lab7var2|Data_slave3[3]                                                                                                                         ; pin_out          ;
; |lab7var2|Data_slave3[2]                                                                                                                         ; |lab7var2|Data_slave3[2]                                                                                                                         ; pin_out          ;
; |lab7var2|Data_slave3[1]                                                                                                                         ; |lab7var2|Data_slave3[1]                                                                                                                         ; pin_out          ;
; |lab7var2|Data_slave3[0]                                                                                                                         ; |lab7var2|Data_slave3[0]                                                                                                                         ; pin_out          ;
; |lab7var2|Data_slave4[7]                                                                                                                         ; |lab7var2|Data_slave4[7]                                                                                                                         ; pin_out          ;
; |lab7var2|Data_slave4[6]                                                                                                                         ; |lab7var2|Data_slave4[6]                                                                                                                         ; pin_out          ;
; |lab7var2|Data_slave4[5]                                                                                                                         ; |lab7var2|Data_slave4[5]                                                                                                                         ; pin_out          ;
; |lab7var2|Data_slave4[4]                                                                                                                         ; |lab7var2|Data_slave4[4]                                                                                                                         ; pin_out          ;
; |lab7var2|Data_slave4[3]                                                                                                                         ; |lab7var2|Data_slave4[3]                                                                                                                         ; pin_out          ;
; |lab7var2|Data_slave4[2]                                                                                                                         ; |lab7var2|Data_slave4[2]                                                                                                                         ; pin_out          ;
; |lab7var2|Data_slave4[1]                                                                                                                         ; |lab7var2|Data_slave4[1]                                                                                                                         ; pin_out          ;
; |lab7var2|Data_slave4[0]                                                                                                                         ; |lab7var2|Data_slave4[0]                                                                                                                         ; pin_out          ;
; |lab7var2|Data_slave5[7]                                                                                                                         ; |lab7var2|Data_slave5[7]                                                                                                                         ; pin_out          ;
; |lab7var2|Data_slave5[6]                                                                                                                         ; |lab7var2|Data_slave5[6]                                                                                                                         ; pin_out          ;
; |lab7var2|Data_slave5[5]                                                                                                                         ; |lab7var2|Data_slave5[5]                                                                                                                         ; pin_out          ;
; |lab7var2|Data_slave5[4]                                                                                                                         ; |lab7var2|Data_slave5[4]                                                                                                                         ; pin_out          ;
; |lab7var2|Data_slave5[3]                                                                                                                         ; |lab7var2|Data_slave5[3]                                                                                                                         ; pin_out          ;
; |lab7var2|Data_slave5[2]                                                                                                                         ; |lab7var2|Data_slave5[2]                                                                                                                         ; pin_out          ;
; |lab7var2|Data_slave5[1]                                                                                                                         ; |lab7var2|Data_slave5[1]                                                                                                                         ; pin_out          ;
; |lab7var2|Data_slave5[0]                                                                                                                         ; |lab7var2|Data_slave5[0]                                                                                                                         ; pin_out          ;
; |lab7var2|slave_device:inst17|lpm_dff1:inst|lpm_ff:lpm_ff_component|dffs[7]                                                                      ; |lab7var2|slave_device:inst17|lpm_dff1:inst|lpm_ff:lpm_ff_component|dffs[7]                                                                      ; regout           ;
; |lab7var2|slave_device:inst17|lpm_dff1:inst|lpm_ff:lpm_ff_component|dffs[6]                                                                      ; |lab7var2|slave_device:inst17|lpm_dff1:inst|lpm_ff:lpm_ff_component|dffs[6]                                                                      ; regout           ;
; |lab7var2|slave_device:inst17|lpm_dff1:inst|lpm_ff:lpm_ff_component|dffs[5]                                                                      ; |lab7var2|slave_device:inst17|lpm_dff1:inst|lpm_ff:lpm_ff_component|dffs[5]                                                                      ; regout           ;
; |lab7var2|slave_device:inst17|lpm_dff1:inst|lpm_ff:lpm_ff_component|dffs[4]                                                                      ; |lab7var2|slave_device:inst17|lpm_dff1:inst|lpm_ff:lpm_ff_component|dffs[4]                                                                      ; regout           ;
; |lab7var2|slave_device:inst17|lpm_dff1:inst|lpm_ff:lpm_ff_component|dffs[3]                                                                      ; |lab7var2|slave_device:inst17|lpm_dff1:inst|lpm_ff:lpm_ff_component|dffs[3]                                                                      ; regout           ;
; |lab7var2|slave_device:inst17|lpm_dff1:inst|lpm_ff:lpm_ff_component|dffs[2]                                                                      ; |lab7var2|slave_device:inst17|lpm_dff1:inst|lpm_ff:lpm_ff_component|dffs[2]                                                                      ; regout           ;
; |lab7var2|slave_device:inst17|lpm_dff1:inst|lpm_ff:lpm_ff_component|dffs[1]                                                                      ; |lab7var2|slave_device:inst17|lpm_dff1:inst|lpm_ff:lpm_ff_component|dffs[1]                                                                      ; regout           ;
; |lab7var2|slave_device:inst17|lpm_dff1:inst|lpm_ff:lpm_ff_component|dffs[0]                                                                      ; |lab7var2|slave_device:inst17|lpm_dff1:inst|lpm_ff:lpm_ff_component|dffs[0]                                                                      ; regout           ;
; |lab7var2|slave_device:inst14|lpm_dff1:inst|lpm_ff:lpm_ff_component|dffs[7]                                                                      ; |lab7var2|slave_device:inst14|lpm_dff1:inst|lpm_ff:lpm_ff_component|dffs[7]                                                                      ; regout           ;
; |lab7var2|slave_device:inst14|lpm_dff1:inst|lpm_ff:lpm_ff_component|dffs[6]                                                                      ; |lab7var2|slave_device:inst14|lpm_dff1:inst|lpm_ff:lpm_ff_component|dffs[6]                                                                      ; regout           ;
; |lab7var2|slave_device:inst14|lpm_dff1:inst|lpm_ff:lpm_ff_component|dffs[5]                                                                      ; |lab7var2|slave_device:inst14|lpm_dff1:inst|lpm_ff:lpm_ff_component|dffs[5]                                                                      ; regout           ;
; |lab7var2|slave_device:inst14|lpm_dff1:inst|lpm_ff:lpm_ff_component|dffs[4]                                                                      ; |lab7var2|slave_device:inst14|lpm_dff1:inst|lpm_ff:lpm_ff_component|dffs[4]                                                                      ; regout           ;
; |lab7var2|slave_device:inst14|lpm_dff1:inst|lpm_ff:lpm_ff_component|dffs[3]                                                                      ; |lab7var2|slave_device:inst14|lpm_dff1:inst|lpm_ff:lpm_ff_component|dffs[3]                                                                      ; regout           ;
; |lab7var2|slave_device:inst14|lpm_dff1:inst|lpm_ff:lpm_ff_component|dffs[2]                                                                      ; |lab7var2|slave_device:inst14|lpm_dff1:inst|lpm_ff:lpm_ff_component|dffs[2]                                                                      ; regout           ;
; |lab7var2|slave_device:inst14|lpm_dff1:inst|lpm_ff:lpm_ff_component|dffs[1]                                                                      ; |lab7var2|slave_device:inst14|lpm_dff1:inst|lpm_ff:lpm_ff_component|dffs[1]                                                                      ; regout           ;
; |lab7var2|slave_device:inst14|lpm_dff1:inst|lpm_ff:lpm_ff_component|dffs[0]                                                                      ; |lab7var2|slave_device:inst14|lpm_dff1:inst|lpm_ff:lpm_ff_component|dffs[0]                                                                      ; regout           ;
; |lab7var2|slave_device:inst13|lpm_dff1:inst|lpm_ff:lpm_ff_component|dffs[7]                                                                      ; |lab7var2|slave_device:inst13|lpm_dff1:inst|lpm_ff:lpm_ff_component|dffs[7]                                                                      ; regout           ;
; |lab7var2|slave_device:inst13|lpm_dff1:inst|lpm_ff:lpm_ff_component|dffs[6]                                                                      ; |lab7var2|slave_device:inst13|lpm_dff1:inst|lpm_ff:lpm_ff_component|dffs[6]                                                                      ; regout           ;
; |lab7var2|slave_device:inst13|lpm_dff1:inst|lpm_ff:lpm_ff_component|dffs[5]                                                                      ; |lab7var2|slave_device:inst13|lpm_dff1:inst|lpm_ff:lpm_ff_component|dffs[5]                                                                      ; regout           ;
; |lab7var2|slave_device:inst13|lpm_dff1:inst|lpm_ff:lpm_ff_component|dffs[4]                                                                      ; |lab7var2|slave_device:inst13|lpm_dff1:inst|lpm_ff:lpm_ff_component|dffs[4]                                                                      ; regout           ;
; |lab7var2|slave_device:inst13|lpm_dff1:inst|lpm_ff:lpm_ff_component|dffs[3]                                                                      ; |lab7var2|slave_device:inst13|lpm_dff1:inst|lpm_ff:lpm_ff_component|dffs[3]                                                                      ; regout           ;
; |lab7var2|slave_device:inst13|lpm_dff1:inst|lpm_ff:lpm_ff_component|dffs[2]                                                                      ; |lab7var2|slave_device:inst13|lpm_dff1:inst|lpm_ff:lpm_ff_component|dffs[2]                                                                      ; regout           ;
; |lab7var2|slave_device:inst13|lpm_dff1:inst|lpm_ff:lpm_ff_component|dffs[1]                                                                      ; |lab7var2|slave_device:inst13|lpm_dff1:inst|lpm_ff:lpm_ff_component|dffs[1]                                                                      ; regout           ;
; |lab7var2|slave_device:inst13|lpm_dff1:inst|lpm_ff:lpm_ff_component|dffs[0]                                                                      ; |lab7var2|slave_device:inst13|lpm_dff1:inst|lpm_ff:lpm_ff_component|dffs[0]                                                                      ; regout           ;
; |lab7var2|slave_device:inst12|lpm_dff1:inst|lpm_ff:lpm_ff_component|dffs[7]                                                                      ; |lab7var2|slave_device:inst12|lpm_dff1:inst|lpm_ff:lpm_ff_component|dffs[7]                                                                      ; regout           ;
; |lab7var2|slave_device:inst12|lpm_dff1:inst|lpm_ff:lpm_ff_component|dffs[6]                                                                      ; |lab7var2|slave_device:inst12|lpm_dff1:inst|lpm_ff:lpm_ff_component|dffs[6]                                                                      ; regout           ;
; |lab7var2|slave_device:inst12|lpm_dff1:inst|lpm_ff:lpm_ff_component|dffs[5]                                                                      ; |lab7var2|slave_device:inst12|lpm_dff1:inst|lpm_ff:lpm_ff_component|dffs[5]                                                                      ; regout           ;
; |lab7var2|slave_device:inst12|lpm_dff1:inst|lpm_ff:lpm_ff_component|dffs[4]                                                                      ; |lab7var2|slave_device:inst12|lpm_dff1:inst|lpm_ff:lpm_ff_component|dffs[4]                                                                      ; regout           ;
; |lab7var2|slave_device:inst12|lpm_dff1:inst|lpm_ff:lpm_ff_component|dffs[3]                                                                      ; |lab7var2|slave_device:inst12|lpm_dff1:inst|lpm_ff:lpm_ff_component|dffs[3]                                                                      ; regout           ;
; |lab7var2|slave_device:inst12|lpm_dff1:inst|lpm_ff:lpm_ff_component|dffs[2]                                                                      ; |lab7var2|slave_device:inst12|lpm_dff1:inst|lpm_ff:lpm_ff_component|dffs[2]                                                                      ; regout           ;
; |lab7var2|slave_device:inst12|lpm_dff1:inst|lpm_ff:lpm_ff_component|dffs[0]                                                                      ; |lab7var2|slave_device:inst12|lpm_dff1:inst|lpm_ff:lpm_ff_component|dffs[0]                                                                      ; regout           ;
; |lab7var2|slave_device:inst11|lpm_dff1:inst|lpm_ff:lpm_ff_component|dffs[7]                                                                      ; |lab7var2|slave_device:inst11|lpm_dff1:inst|lpm_ff:lpm_ff_component|dffs[7]                                                                      ; regout           ;
; |lab7var2|slave_device:inst11|lpm_dff1:inst|lpm_ff:lpm_ff_component|dffs[6]                                                                      ; |lab7var2|slave_device:inst11|lpm_dff1:inst|lpm_ff:lpm_ff_component|dffs[6]                                                                      ; regout           ;
; |lab7var2|slave_device:inst11|lpm_dff1:inst|lpm_ff:lpm_ff_component|dffs[5]                                                                      ; |lab7var2|slave_device:inst11|lpm_dff1:inst|lpm_ff:lpm_ff_component|dffs[5]                                                                      ; regout           ;
; |lab7var2|slave_device:inst11|lpm_dff1:inst|lpm_ff:lpm_ff_component|dffs[4]                                                                      ; |lab7var2|slave_device:inst11|lpm_dff1:inst|lpm_ff:lpm_ff_component|dffs[4]                                                                      ; regout           ;
; |lab7var2|slave_device:inst11|lpm_dff1:inst|lpm_ff:lpm_ff_component|dffs[3]                                                                      ; |lab7var2|slave_device:inst11|lpm_dff1:inst|lpm_ff:lpm_ff_component|dffs[3]                                                                      ; regout           ;
; |lab7var2|slave_device:inst11|lpm_dff1:inst|lpm_ff:lpm_ff_component|dffs[2]                                                                      ; |lab7var2|slave_device:inst11|lpm_dff1:inst|lpm_ff:lpm_ff_component|dffs[2]                                                                      ; regout           ;
; |lab7var2|slave_device:inst11|lpm_dff1:inst|lpm_ff:lpm_ff_component|dffs[1]                                                                      ; |lab7var2|slave_device:inst11|lpm_dff1:inst|lpm_ff:lpm_ff_component|dffs[1]                                                                      ; regout           ;
; |lab7var2|slave_device:inst11|lpm_dff1:inst|lpm_ff:lpm_ff_component|dffs[0]                                                                      ; |lab7var2|slave_device:inst11|lpm_dff1:inst|lpm_ff:lpm_ff_component|dffs[0]                                                                      ; regout           ;
; |lab7var2|master_device:inst2|lpm_bustri0:inst8|lpm_bustri:lpm_bustri_component|dout[0]                                                          ; |lab7var2|master_device:inst2|lpm_bustri0:inst8|lpm_bustri:lpm_bustri_component|dout[0]                                                          ; out              ;
; |lab7var2|master_device:inst2|lpm_counter5:inst10|lpm_counter:lpm_counter_component|cntr_vvi:auto_generated|cout_actual                          ; |lab7var2|master_device:inst2|lpm_counter5:inst10|lpm_counter:lpm_counter_component|cntr_vvi:auto_generated|cout_actual                          ; out0             ;
; |lab7var2|master_device:inst2|lpm_counter5:inst10|lpm_counter:lpm_counter_component|cntr_vvi:auto_generated|counter_comb_bita2                   ; |lab7var2|master_device:inst2|lpm_counter5:inst10|lpm_counter:lpm_counter_component|cntr_vvi:auto_generated|counter_comb_bita2~COUT              ; cout             ;
; |lab7var2|master_device:inst2|lpm_counter5:inst10|lpm_counter:lpm_counter_component|cntr_vvi:auto_generated|counter_comb_bita3                   ; |lab7var2|master_device:inst2|lpm_counter5:inst10|lpm_counter:lpm_counter_component|cntr_vvi:auto_generated|counter_comb_bita3                   ; sumout           ;
; |lab7var2|master_device:inst2|lpm_counter5:inst10|lpm_counter:lpm_counter_component|cntr_vvi:auto_generated|counter_comb_bita3                   ; |lab7var2|master_device:inst2|lpm_counter5:inst10|lpm_counter:lpm_counter_component|cntr_vvi:auto_generated|counter_comb_bita3~COUT              ; cout             ;
; |lab7var2|master_device:inst2|lpm_counter5:inst10|lpm_counter:lpm_counter_component|cntr_vvi:auto_generated|counter_comb_bita4                   ; |lab7var2|master_device:inst2|lpm_counter5:inst10|lpm_counter:lpm_counter_component|cntr_vvi:auto_generated|counter_comb_bita4                   ; sumout           ;
; |lab7var2|master_device:inst2|lpm_counter5:inst10|lpm_counter:lpm_counter_component|cntr_vvi:auto_generated|counter_comb_bita4                   ; |lab7var2|master_device:inst2|lpm_counter5:inst10|lpm_counter:lpm_counter_component|cntr_vvi:auto_generated|counter_comb_bita4~COUT              ; cout             ;
; |lab7var2|master_device:inst2|lpm_counter5:inst10|lpm_counter:lpm_counter_component|cntr_vvi:auto_generated|counter_comb_bita5                   ; |lab7var2|master_device:inst2|lpm_counter5:inst10|lpm_counter:lpm_counter_component|cntr_vvi:auto_generated|counter_comb_bita5                   ; sumout           ;
; |lab7var2|master_device:inst2|lpm_counter5:inst10|lpm_counter:lpm_counter_component|cntr_vvi:auto_generated|counter_comb_bita5                   ; |lab7var2|master_device:inst2|lpm_counter5:inst10|lpm_counter:lpm_counter_component|cntr_vvi:auto_generated|counter_comb_bita5~COUT              ; cout             ;
; |lab7var2|master_device:inst2|lpm_counter5:inst10|lpm_counter:lpm_counter_component|cntr_vvi:auto_generated|counter_comb_bita6                   ; |lab7var2|master_device:inst2|lpm_counter5:inst10|lpm_counter:lpm_counter_component|cntr_vvi:auto_generated|counter_comb_bita6                   ; sumout           ;
; |lab7var2|master_device:inst2|lpm_counter5:inst10|lpm_counter:lpm_counter_component|cntr_vvi:auto_generated|counter_comb_bita6                   ; |lab7var2|master_device:inst2|lpm_counter5:inst10|lpm_counter:lpm_counter_component|cntr_vvi:auto_generated|counter_comb_bita6~COUT              ; cout             ;
; |lab7var2|master_device:inst2|lpm_counter5:inst10|lpm_counter:lpm_counter_component|cntr_vvi:auto_generated|counter_comb_bita7                   ; |lab7var2|master_device:inst2|lpm_counter5:inst10|lpm_counter:lpm_counter_component|cntr_vvi:auto_generated|counter_comb_bita7                   ; sumout           ;
; |lab7var2|master_device:inst2|lpm_counter5:inst10|lpm_counter:lpm_counter_component|cntr_vvi:auto_generated|counter_comb_bita7                   ; |lab7var2|master_device:inst2|lpm_counter5:inst10|lpm_counter:lpm_counter_component|cntr_vvi:auto_generated|counter_comb_bita7~COUT              ; cout             ;
; |lab7var2|master_device:inst2|lpm_counter5:inst10|lpm_counter:lpm_counter_component|cntr_vvi:auto_generated|counter_reg_bit1a[7]                 ; |lab7var2|master_device:inst2|lpm_counter5:inst10|lpm_counter:lpm_counter_component|cntr_vvi:auto_generated|safe_q[7]                            ; regout           ;
; |lab7var2|master_device:inst2|lpm_counter5:inst10|lpm_counter:lpm_counter_component|cntr_vvi:auto_generated|counter_reg_bit1a[6]                 ; |lab7var2|master_device:inst2|lpm_counter5:inst10|lpm_counter:lpm_counter_component|cntr_vvi:auto_generated|safe_q[6]                            ; regout           ;
; |lab7var2|master_device:inst2|lpm_counter5:inst10|lpm_counter:lpm_counter_component|cntr_vvi:auto_generated|counter_reg_bit1a[5]                 ; |lab7var2|master_device:inst2|lpm_counter5:inst10|lpm_counter:lpm_counter_component|cntr_vvi:auto_generated|safe_q[5]                            ; regout           ;
; |lab7var2|master_device:inst2|lpm_counter5:inst10|lpm_counter:lpm_counter_component|cntr_vvi:auto_generated|counter_reg_bit1a[4]                 ; |lab7var2|master_device:inst2|lpm_counter5:inst10|lpm_counter:lpm_counter_component|cntr_vvi:auto_generated|safe_q[4]                            ; regout           ;
; |lab7var2|master_device:inst2|lpm_counter5:inst10|lpm_counter:lpm_counter_component|cntr_vvi:auto_generated|counter_reg_bit1a[3]                 ; |lab7var2|master_device:inst2|lpm_counter5:inst10|lpm_counter:lpm_counter_component|cntr_vvi:auto_generated|safe_q[3]                            ; regout           ;
; |lab7var2|master_device:inst2|lpm_counter5:inst10|lpm_counter:lpm_counter_component|cntr_vvi:auto_generated|counter_reg_bit1a[2]                 ; |lab7var2|master_device:inst2|lpm_counter5:inst10|lpm_counter:lpm_counter_component|cntr_vvi:auto_generated|safe_q[2]                            ; regout           ;
; |lab7var2|master_device:inst2|lpm_counter5:inst10|lpm_counter:lpm_counter_component|cntr_vvi:auto_generated|counter_reg_bit1a[1]                 ; |lab7var2|master_device:inst2|lpm_counter5:inst10|lpm_counter:lpm_counter_component|cntr_vvi:auto_generated|safe_q[1]                            ; regout           ;
; |lab7var2|master_device:inst2|lpm_counter5:inst10|lpm_counter:lpm_counter_component|cntr_vvi:auto_generated|cmpr_edc:cmpr2|data_wire[3]          ; |lab7var2|master_device:inst2|lpm_counter5:inst10|lpm_counter:lpm_counter_component|cntr_vvi:auto_generated|cmpr_edc:cmpr2|data_wire[3]          ; out0             ;
; |lab7var2|master_device:inst2|lpm_counter5:inst10|lpm_counter:lpm_counter_component|cntr_vvi:auto_generated|cmpr_edc:cmpr2|data_wire[2]          ; |lab7var2|master_device:inst2|lpm_counter5:inst10|lpm_counter:lpm_counter_component|cntr_vvi:auto_generated|cmpr_edc:cmpr2|data_wire[2]          ; out0             ;
; |lab7var2|master_device:inst2|lpm_counter5:inst10|lpm_counter:lpm_counter_component|cntr_vvi:auto_generated|cmpr_edc:cmpr2|data_wire[1]          ; |lab7var2|master_device:inst2|lpm_counter5:inst10|lpm_counter:lpm_counter_component|cntr_vvi:auto_generated|cmpr_edc:cmpr2|data_wire[1]          ; out0             ;
; |lab7var2|master_device:inst2|lpm_compare0:inst6|lpm_compare:lpm_compare_component|cmpr_fig:auto_generated|data_wire[3]                          ; |lab7var2|master_device:inst2|lpm_compare0:inst6|lpm_compare:lpm_compare_component|cmpr_fig:auto_generated|data_wire[3]                          ; out0             ;
; |lab7var2|master_device:inst2|lpm_compare0:inst6|lpm_compare:lpm_compare_component|cmpr_fig:auto_generated|data_wire[2]                          ; |lab7var2|master_device:inst2|lpm_compare0:inst6|lpm_compare:lpm_compare_component|cmpr_fig:auto_generated|data_wire[2]                          ; out0             ;
; |lab7var2|master_device:inst2|lpm_counter0:inst13|lpm_counter:lpm_counter_component|cntr_coi:auto_generated|counter_comb_bita3                   ; |lab7var2|master_device:inst2|lpm_counter0:inst13|lpm_counter:lpm_counter_component|cntr_coi:auto_generated|counter_comb_bita3~COUT              ; cout             ;
; |lab7var2|master_device:inst2|lpm_counter0:inst13|lpm_counter:lpm_counter_component|cntr_coi:auto_generated|counter_comb_bita4                   ; |lab7var2|master_device:inst2|lpm_counter0:inst13|lpm_counter:lpm_counter_component|cntr_coi:auto_generated|counter_comb_bita4                   ; sumout           ;
; |lab7var2|master_device:inst2|lpm_counter0:inst13|lpm_counter:lpm_counter_component|cntr_coi:auto_generated|counter_comb_bita4                   ; |lab7var2|master_device:inst2|lpm_counter0:inst13|lpm_counter:lpm_counter_component|cntr_coi:auto_generated|counter_comb_bita4~COUT              ; cout             ;
; |lab7var2|master_device:inst2|lpm_counter0:inst13|lpm_counter:lpm_counter_component|cntr_coi:auto_generated|counter_comb_bita5                   ; |lab7var2|master_device:inst2|lpm_counter0:inst13|lpm_counter:lpm_counter_component|cntr_coi:auto_generated|counter_comb_bita5                   ; sumout           ;
; |lab7var2|master_device:inst2|lpm_counter0:inst13|lpm_counter:lpm_counter_component|cntr_coi:auto_generated|counter_comb_bita5                   ; |lab7var2|master_device:inst2|lpm_counter0:inst13|lpm_counter:lpm_counter_component|cntr_coi:auto_generated|counter_comb_bita5~COUT              ; cout             ;
; |lab7var2|master_device:inst2|lpm_counter0:inst13|lpm_counter:lpm_counter_component|cntr_coi:auto_generated|counter_comb_bita6                   ; |lab7var2|master_device:inst2|lpm_counter0:inst13|lpm_counter:lpm_counter_component|cntr_coi:auto_generated|counter_comb_bita6                   ; sumout           ;
; |lab7var2|master_device:inst2|lpm_counter0:inst13|lpm_counter:lpm_counter_component|cntr_coi:auto_generated|counter_comb_bita6                   ; |lab7var2|master_device:inst2|lpm_counter0:inst13|lpm_counter:lpm_counter_component|cntr_coi:auto_generated|counter_comb_bita6~COUT              ; cout             ;
; |lab7var2|master_device:inst2|lpm_counter0:inst13|lpm_counter:lpm_counter_component|cntr_coi:auto_generated|counter_comb_bita7                   ; |lab7var2|master_device:inst2|lpm_counter0:inst13|lpm_counter:lpm_counter_component|cntr_coi:auto_generated|counter_comb_bita7                   ; sumout           ;
; |lab7var2|master_device:inst2|lpm_counter0:inst13|lpm_counter:lpm_counter_component|cntr_coi:auto_generated|counter_reg_bit1a[7]                 ; |lab7var2|master_device:inst2|lpm_counter0:inst13|lpm_counter:lpm_counter_component|cntr_coi:auto_generated|safe_q[7]                            ; regout           ;
; |lab7var2|master_device:inst2|lpm_counter0:inst13|lpm_counter:lpm_counter_component|cntr_coi:auto_generated|counter_reg_bit1a[6]                 ; |lab7var2|master_device:inst2|lpm_counter0:inst13|lpm_counter:lpm_counter_component|cntr_coi:auto_generated|safe_q[6]                            ; regout           ;
; |lab7var2|master_device:inst2|lpm_counter0:inst13|lpm_counter:lpm_counter_component|cntr_coi:auto_generated|counter_reg_bit1a[5]                 ; |lab7var2|master_device:inst2|lpm_counter0:inst13|lpm_counter:lpm_counter_component|cntr_coi:auto_generated|safe_q[5]                            ; regout           ;
; |lab7var2|master_device:inst2|lpm_counter0:inst13|lpm_counter:lpm_counter_component|cntr_coi:auto_generated|counter_reg_bit1a[4]                 ; |lab7var2|master_device:inst2|lpm_counter0:inst13|lpm_counter:lpm_counter_component|cntr_coi:auto_generated|safe_q[4]                            ; regout           ;
; |lab7var2|master_device:inst2|lpm_counter0:inst13|lpm_counter:lpm_counter_component|cntr_coi:auto_generated|counter_reg_bit1a[3]                 ; |lab7var2|master_device:inst2|lpm_counter0:inst13|lpm_counter:lpm_counter_component|cntr_coi:auto_generated|safe_q[3]                            ; regout           ;
; |lab7var2|master_device:inst2|lpm_compare0:inst2|lpm_compare:lpm_compare_component|cmpr_fig:auto_generated|data_wire[3]                          ; |lab7var2|master_device:inst2|lpm_compare0:inst2|lpm_compare:lpm_compare_component|cmpr_fig:auto_generated|data_wire[3]                          ; out0             ;
; |lab7var2|master_device:inst2|lpm_compare0:inst2|lpm_compare:lpm_compare_component|cmpr_fig:auto_generated|data_wire[2]                          ; |lab7var2|master_device:inst2|lpm_compare0:inst2|lpm_compare:lpm_compare_component|cmpr_fig:auto_generated|data_wire[2]                          ; out0             ;
; |lab7var2|master_device:inst4|lpm_bustri0:inst8|lpm_bustri:lpm_bustri_component|dout[1]                                                          ; |lab7var2|master_device:inst4|lpm_bustri0:inst8|lpm_bustri:lpm_bustri_component|dout[1]                                                          ; out              ;
; |lab7var2|master_device:inst4|lpm_counter5:inst10|lpm_counter:lpm_counter_component|cntr_vvi:auto_generated|cout_actual                          ; |lab7var2|master_device:inst4|lpm_counter5:inst10|lpm_counter:lpm_counter_component|cntr_vvi:auto_generated|cout_actual                          ; out0             ;
; |lab7var2|master_device:inst4|lpm_counter5:inst10|lpm_counter:lpm_counter_component|cntr_vvi:auto_generated|counter_comb_bita0                   ; |lab7var2|master_device:inst4|lpm_counter5:inst10|lpm_counter:lpm_counter_component|cntr_vvi:auto_generated|counter_comb_bita0~COUT              ; cout             ;
; |lab7var2|master_device:inst4|lpm_counter5:inst10|lpm_counter:lpm_counter_component|cntr_vvi:auto_generated|counter_comb_bita1                   ; |lab7var2|master_device:inst4|lpm_counter5:inst10|lpm_counter:lpm_counter_component|cntr_vvi:auto_generated|counter_comb_bita1                   ; sumout           ;
; |lab7var2|master_device:inst4|lpm_counter5:inst10|lpm_counter:lpm_counter_component|cntr_vvi:auto_generated|counter_comb_bita1                   ; |lab7var2|master_device:inst4|lpm_counter5:inst10|lpm_counter:lpm_counter_component|cntr_vvi:auto_generated|counter_comb_bita1~COUT              ; cout             ;
; |lab7var2|master_device:inst4|lpm_counter5:inst10|lpm_counter:lpm_counter_component|cntr_vvi:auto_generated|counter_comb_bita2                   ; |lab7var2|master_device:inst4|lpm_counter5:inst10|lpm_counter:lpm_counter_component|cntr_vvi:auto_generated|counter_comb_bita2                   ; sumout           ;
; |lab7var2|master_device:inst4|lpm_counter5:inst10|lpm_counter:lpm_counter_component|cntr_vvi:auto_generated|counter_comb_bita2                   ; |lab7var2|master_device:inst4|lpm_counter5:inst10|lpm_counter:lpm_counter_component|cntr_vvi:auto_generated|counter_comb_bita2~COUT              ; cout             ;
; |lab7var2|master_device:inst4|lpm_counter5:inst10|lpm_counter:lpm_counter_component|cntr_vvi:auto_generated|counter_comb_bita3                   ; |lab7var2|master_device:inst4|lpm_counter5:inst10|lpm_counter:lpm_counter_component|cntr_vvi:auto_generated|counter_comb_bita3                   ; sumout           ;
; |lab7var2|master_device:inst4|lpm_counter5:inst10|lpm_counter:lpm_counter_component|cntr_vvi:auto_generated|counter_comb_bita3                   ; |lab7var2|master_device:inst4|lpm_counter5:inst10|lpm_counter:lpm_counter_component|cntr_vvi:auto_generated|counter_comb_bita3~COUT              ; cout             ;
; |lab7var2|master_device:inst4|lpm_counter5:inst10|lpm_counter:lpm_counter_component|cntr_vvi:auto_generated|counter_comb_bita4                   ; |lab7var2|master_device:inst4|lpm_counter5:inst10|lpm_counter:lpm_counter_component|cntr_vvi:auto_generated|counter_comb_bita4                   ; sumout           ;
; |lab7var2|master_device:inst4|lpm_counter5:inst10|lpm_counter:lpm_counter_component|cntr_vvi:auto_generated|counter_comb_bita4                   ; |lab7var2|master_device:inst4|lpm_counter5:inst10|lpm_counter:lpm_counter_component|cntr_vvi:auto_generated|counter_comb_bita4~COUT              ; cout             ;
; |lab7var2|master_device:inst4|lpm_counter5:inst10|lpm_counter:lpm_counter_component|cntr_vvi:auto_generated|counter_comb_bita5                   ; |lab7var2|master_device:inst4|lpm_counter5:inst10|lpm_counter:lpm_counter_component|cntr_vvi:auto_generated|counter_comb_bita5                   ; sumout           ;
; |lab7var2|master_device:inst4|lpm_counter5:inst10|lpm_counter:lpm_counter_component|cntr_vvi:auto_generated|counter_comb_bita5                   ; |lab7var2|master_device:inst4|lpm_counter5:inst10|lpm_counter:lpm_counter_component|cntr_vvi:auto_generated|counter_comb_bita5~COUT              ; cout             ;
; |lab7var2|master_device:inst4|lpm_counter5:inst10|lpm_counter:lpm_counter_component|cntr_vvi:auto_generated|counter_comb_bita6                   ; |lab7var2|master_device:inst4|lpm_counter5:inst10|lpm_counter:lpm_counter_component|cntr_vvi:auto_generated|counter_comb_bita6                   ; sumout           ;
; |lab7var2|master_device:inst4|lpm_counter5:inst10|lpm_counter:lpm_counter_component|cntr_vvi:auto_generated|counter_comb_bita6                   ; |lab7var2|master_device:inst4|lpm_counter5:inst10|lpm_counter:lpm_counter_component|cntr_vvi:auto_generated|counter_comb_bita6~COUT              ; cout             ;
; |lab7var2|master_device:inst4|lpm_counter5:inst10|lpm_counter:lpm_counter_component|cntr_vvi:auto_generated|counter_comb_bita7                   ; |lab7var2|master_device:inst4|lpm_counter5:inst10|lpm_counter:lpm_counter_component|cntr_vvi:auto_generated|counter_comb_bita7                   ; sumout           ;
; |lab7var2|master_device:inst4|lpm_counter5:inst10|lpm_counter:lpm_counter_component|cntr_vvi:auto_generated|counter_comb_bita7                   ; |lab7var2|master_device:inst4|lpm_counter5:inst10|lpm_counter:lpm_counter_component|cntr_vvi:auto_generated|counter_comb_bita7~COUT              ; cout             ;
; |lab7var2|master_device:inst4|lpm_counter5:inst10|lpm_counter:lpm_counter_component|cntr_vvi:auto_generated|counter_reg_bit1a[7]                 ; |lab7var2|master_device:inst4|lpm_counter5:inst10|lpm_counter:lpm_counter_component|cntr_vvi:auto_generated|safe_q[7]                            ; regout           ;
; |lab7var2|master_device:inst4|lpm_counter5:inst10|lpm_counter:lpm_counter_component|cntr_vvi:auto_generated|counter_reg_bit1a[6]                 ; |lab7var2|master_device:inst4|lpm_counter5:inst10|lpm_counter:lpm_counter_component|cntr_vvi:auto_generated|safe_q[6]                            ; regout           ;
; |lab7var2|master_device:inst4|lpm_counter5:inst10|lpm_counter:lpm_counter_component|cntr_vvi:auto_generated|counter_reg_bit1a[5]                 ; |lab7var2|master_device:inst4|lpm_counter5:inst10|lpm_counter:lpm_counter_component|cntr_vvi:auto_generated|safe_q[5]                            ; regout           ;
; |lab7var2|master_device:inst4|lpm_counter5:inst10|lpm_counter:lpm_counter_component|cntr_vvi:auto_generated|counter_reg_bit1a[4]                 ; |lab7var2|master_device:inst4|lpm_counter5:inst10|lpm_counter:lpm_counter_component|cntr_vvi:auto_generated|safe_q[4]                            ; regout           ;
; |lab7var2|master_device:inst4|lpm_counter5:inst10|lpm_counter:lpm_counter_component|cntr_vvi:auto_generated|counter_reg_bit1a[3]                 ; |lab7var2|master_device:inst4|lpm_counter5:inst10|lpm_counter:lpm_counter_component|cntr_vvi:auto_generated|safe_q[3]                            ; regout           ;
; |lab7var2|master_device:inst4|lpm_counter5:inst10|lpm_counter:lpm_counter_component|cntr_vvi:auto_generated|counter_reg_bit1a[2]                 ; |lab7var2|master_device:inst4|lpm_counter5:inst10|lpm_counter:lpm_counter_component|cntr_vvi:auto_generated|safe_q[2]                            ; regout           ;
; |lab7var2|master_device:inst4|lpm_counter5:inst10|lpm_counter:lpm_counter_component|cntr_vvi:auto_generated|counter_reg_bit1a[1]                 ; |lab7var2|master_device:inst4|lpm_counter5:inst10|lpm_counter:lpm_counter_component|cntr_vvi:auto_generated|safe_q[1]                            ; regout           ;
; |lab7var2|master_device:inst4|lpm_counter5:inst10|lpm_counter:lpm_counter_component|cntr_vvi:auto_generated|counter_reg_bit1a[0]                 ; |lab7var2|master_device:inst4|lpm_counter5:inst10|lpm_counter:lpm_counter_component|cntr_vvi:auto_generated|safe_q[0]                            ; regout           ;
; |lab7var2|master_device:inst4|lpm_counter5:inst10|lpm_counter:lpm_counter_component|cntr_vvi:auto_generated|cmpr_edc:cmpr2|_~0                   ; |lab7var2|master_device:inst4|lpm_counter5:inst10|lpm_counter:lpm_counter_component|cntr_vvi:auto_generated|cmpr_edc:cmpr2|_~0                   ; out0             ;
; |lab7var2|master_device:inst4|lpm_counter5:inst10|lpm_counter:lpm_counter_component|cntr_vvi:auto_generated|cmpr_edc:cmpr2|aneb_result_wire[0]~0 ; |lab7var2|master_device:inst4|lpm_counter5:inst10|lpm_counter:lpm_counter_component|cntr_vvi:auto_generated|cmpr_edc:cmpr2|aneb_result_wire[0]~0 ; out0             ;
; |lab7var2|master_device:inst4|lpm_counter5:inst10|lpm_counter:lpm_counter_component|cntr_vvi:auto_generated|cmpr_edc:cmpr2|aneb_result_wire[0]   ; |lab7var2|master_device:inst4|lpm_counter5:inst10|lpm_counter:lpm_counter_component|cntr_vvi:auto_generated|cmpr_edc:cmpr2|aneb_result_wire[0]   ; out0             ;
; |lab7var2|master_device:inst4|lpm_counter5:inst10|lpm_counter:lpm_counter_component|cntr_vvi:auto_generated|cmpr_edc:cmpr2|data_wire[3]          ; |lab7var2|master_device:inst4|lpm_counter5:inst10|lpm_counter:lpm_counter_component|cntr_vvi:auto_generated|cmpr_edc:cmpr2|data_wire[3]          ; out0             ;
; |lab7var2|master_device:inst4|lpm_counter5:inst10|lpm_counter:lpm_counter_component|cntr_vvi:auto_generated|cmpr_edc:cmpr2|data_wire[2]          ; |lab7var2|master_device:inst4|lpm_counter5:inst10|lpm_counter:lpm_counter_component|cntr_vvi:auto_generated|cmpr_edc:cmpr2|data_wire[2]          ; out0             ;
; |lab7var2|master_device:inst4|lpm_counter5:inst10|lpm_counter:lpm_counter_component|cntr_vvi:auto_generated|cmpr_edc:cmpr2|data_wire[1]          ; |lab7var2|master_device:inst4|lpm_counter5:inst10|lpm_counter:lpm_counter_component|cntr_vvi:auto_generated|cmpr_edc:cmpr2|data_wire[1]          ; out0             ;
; |lab7var2|master_device:inst4|lpm_counter5:inst10|lpm_counter:lpm_counter_component|cntr_vvi:auto_generated|cmpr_edc:cmpr2|data_wire[0]          ; |lab7var2|master_device:inst4|lpm_counter5:inst10|lpm_counter:lpm_counter_component|cntr_vvi:auto_generated|cmpr_edc:cmpr2|data_wire[0]          ; out0             ;
; |lab7var2|master_device:inst4|lpm_compare0:inst6|lpm_compare:lpm_compare_component|cmpr_fig:auto_generated|data_wire[3]                          ; |lab7var2|master_device:inst4|lpm_compare0:inst6|lpm_compare:lpm_compare_component|cmpr_fig:auto_generated|data_wire[3]                          ; out0             ;
; |lab7var2|master_device:inst4|lpm_compare0:inst6|lpm_compare:lpm_compare_component|cmpr_fig:auto_generated|data_wire[2]                          ; |lab7var2|master_device:inst4|lpm_compare0:inst6|lpm_compare:lpm_compare_component|cmpr_fig:auto_generated|data_wire[2]                          ; out0             ;
; |lab7var2|master_device:inst4|lpm_bustri1:inst9|lpm_bustri:lpm_bustri_component|dout[1]                                                          ; |lab7var2|master_device:inst4|lpm_bustri1:inst9|lpm_bustri:lpm_bustri_component|dout[1]                                                          ; out              ;
; |lab7var2|master_device:inst4|lpm_counter0:inst13|lpm_counter:lpm_counter_component|cntr_coi:auto_generated|counter_comb_bita3                   ; |lab7var2|master_device:inst4|lpm_counter0:inst13|lpm_counter:lpm_counter_component|cntr_coi:auto_generated|counter_comb_bita3~COUT              ; cout             ;
; |lab7var2|master_device:inst4|lpm_counter0:inst13|lpm_counter:lpm_counter_component|cntr_coi:auto_generated|counter_comb_bita4                   ; |lab7var2|master_device:inst4|lpm_counter0:inst13|lpm_counter:lpm_counter_component|cntr_coi:auto_generated|counter_comb_bita4                   ; sumout           ;
; |lab7var2|master_device:inst4|lpm_counter0:inst13|lpm_counter:lpm_counter_component|cntr_coi:auto_generated|counter_comb_bita4                   ; |lab7var2|master_device:inst4|lpm_counter0:inst13|lpm_counter:lpm_counter_component|cntr_coi:auto_generated|counter_comb_bita4~COUT              ; cout             ;
; |lab7var2|master_device:inst4|lpm_counter0:inst13|lpm_counter:lpm_counter_component|cntr_coi:auto_generated|counter_comb_bita5                   ; |lab7var2|master_device:inst4|lpm_counter0:inst13|lpm_counter:lpm_counter_component|cntr_coi:auto_generated|counter_comb_bita5                   ; sumout           ;
; |lab7var2|master_device:inst4|lpm_counter0:inst13|lpm_counter:lpm_counter_component|cntr_coi:auto_generated|counter_comb_bita5                   ; |lab7var2|master_device:inst4|lpm_counter0:inst13|lpm_counter:lpm_counter_component|cntr_coi:auto_generated|counter_comb_bita5~COUT              ; cout             ;
; |lab7var2|master_device:inst4|lpm_counter0:inst13|lpm_counter:lpm_counter_component|cntr_coi:auto_generated|counter_comb_bita6                   ; |lab7var2|master_device:inst4|lpm_counter0:inst13|lpm_counter:lpm_counter_component|cntr_coi:auto_generated|counter_comb_bita6                   ; sumout           ;
; |lab7var2|master_device:inst4|lpm_counter0:inst13|lpm_counter:lpm_counter_component|cntr_coi:auto_generated|counter_comb_bita6                   ; |lab7var2|master_device:inst4|lpm_counter0:inst13|lpm_counter:lpm_counter_component|cntr_coi:auto_generated|counter_comb_bita6~COUT              ; cout             ;
; |lab7var2|master_device:inst4|lpm_counter0:inst13|lpm_counter:lpm_counter_component|cntr_coi:auto_generated|counter_comb_bita7                   ; |lab7var2|master_device:inst4|lpm_counter0:inst13|lpm_counter:lpm_counter_component|cntr_coi:auto_generated|counter_comb_bita7                   ; sumout           ;
; |lab7var2|master_device:inst4|lpm_counter0:inst13|lpm_counter:lpm_counter_component|cntr_coi:auto_generated|counter_reg_bit1a[7]                 ; |lab7var2|master_device:inst4|lpm_counter0:inst13|lpm_counter:lpm_counter_component|cntr_coi:auto_generated|safe_q[7]                            ; regout           ;
; |lab7var2|master_device:inst4|lpm_counter0:inst13|lpm_counter:lpm_counter_component|cntr_coi:auto_generated|counter_reg_bit1a[6]                 ; |lab7var2|master_device:inst4|lpm_counter0:inst13|lpm_counter:lpm_counter_component|cntr_coi:auto_generated|safe_q[6]                            ; regout           ;
; |lab7var2|master_device:inst4|lpm_counter0:inst13|lpm_counter:lpm_counter_component|cntr_coi:auto_generated|counter_reg_bit1a[5]                 ; |lab7var2|master_device:inst4|lpm_counter0:inst13|lpm_counter:lpm_counter_component|cntr_coi:auto_generated|safe_q[5]                            ; regout           ;
; |lab7var2|master_device:inst4|lpm_counter0:inst13|lpm_counter:lpm_counter_component|cntr_coi:auto_generated|counter_reg_bit1a[4]                 ; |lab7var2|master_device:inst4|lpm_counter0:inst13|lpm_counter:lpm_counter_component|cntr_coi:auto_generated|safe_q[4]                            ; regout           ;
; |lab7var2|master_device:inst4|lpm_counter0:inst13|lpm_counter:lpm_counter_component|cntr_coi:auto_generated|counter_reg_bit1a[3]                 ; |lab7var2|master_device:inst4|lpm_counter0:inst13|lpm_counter:lpm_counter_component|cntr_coi:auto_generated|safe_q[3]                            ; regout           ;
; |lab7var2|master_device:inst4|lpm_compare0:inst2|lpm_compare:lpm_compare_component|cmpr_fig:auto_generated|data_wire[3]                          ; |lab7var2|master_device:inst4|lpm_compare0:inst2|lpm_compare:lpm_compare_component|cmpr_fig:auto_generated|data_wire[3]                          ; out0             ;
; |lab7var2|master_device:inst4|lpm_compare0:inst2|lpm_compare:lpm_compare_component|cmpr_fig:auto_generated|data_wire[2]                          ; |lab7var2|master_device:inst4|lpm_compare0:inst2|lpm_compare:lpm_compare_component|cmpr_fig:auto_generated|data_wire[2]                          ; out0             ;
; |lab7var2|master_device:inst5|lpm_bustri0:inst8|lpm_bustri:lpm_bustri_component|dout[1]                                                          ; |lab7var2|master_device:inst5|lpm_bustri0:inst8|lpm_bustri:lpm_bustri_component|dout[1]                                                          ; out              ;
; |lab7var2|master_device:inst5|lpm_bustri0:inst8|lpm_bustri:lpm_bustri_component|dout[0]                                                          ; |lab7var2|master_device:inst5|lpm_bustri0:inst8|lpm_bustri:lpm_bustri_component|dout[0]                                                          ; out              ;
; |lab7var2|master_device:inst5|lpm_counter5:inst10|lpm_counter:lpm_counter_component|cntr_vvi:auto_generated|cout_actual                          ; |lab7var2|master_device:inst5|lpm_counter5:inst10|lpm_counter:lpm_counter_component|cntr_vvi:auto_generated|cout_actual                          ; out0             ;
; |lab7var2|master_device:inst5|lpm_counter5:inst10|lpm_counter:lpm_counter_component|cntr_vvi:auto_generated|counter_comb_bita2                   ; |lab7var2|master_device:inst5|lpm_counter5:inst10|lpm_counter:lpm_counter_component|cntr_vvi:auto_generated|counter_comb_bita2~COUT              ; cout             ;
; |lab7var2|master_device:inst5|lpm_counter5:inst10|lpm_counter:lpm_counter_component|cntr_vvi:auto_generated|counter_comb_bita3                   ; |lab7var2|master_device:inst5|lpm_counter5:inst10|lpm_counter:lpm_counter_component|cntr_vvi:auto_generated|counter_comb_bita3                   ; sumout           ;
; |lab7var2|master_device:inst5|lpm_counter5:inst10|lpm_counter:lpm_counter_component|cntr_vvi:auto_generated|counter_comb_bita3                   ; |lab7var2|master_device:inst5|lpm_counter5:inst10|lpm_counter:lpm_counter_component|cntr_vvi:auto_generated|counter_comb_bita3~COUT              ; cout             ;
; |lab7var2|master_device:inst5|lpm_counter5:inst10|lpm_counter:lpm_counter_component|cntr_vvi:auto_generated|counter_comb_bita4                   ; |lab7var2|master_device:inst5|lpm_counter5:inst10|lpm_counter:lpm_counter_component|cntr_vvi:auto_generated|counter_comb_bita4                   ; sumout           ;
; |lab7var2|master_device:inst5|lpm_counter5:inst10|lpm_counter:lpm_counter_component|cntr_vvi:auto_generated|counter_comb_bita4                   ; |lab7var2|master_device:inst5|lpm_counter5:inst10|lpm_counter:lpm_counter_component|cntr_vvi:auto_generated|counter_comb_bita4~COUT              ; cout             ;
; |lab7var2|master_device:inst5|lpm_counter5:inst10|lpm_counter:lpm_counter_component|cntr_vvi:auto_generated|counter_comb_bita5                   ; |lab7var2|master_device:inst5|lpm_counter5:inst10|lpm_counter:lpm_counter_component|cntr_vvi:auto_generated|counter_comb_bita5                   ; sumout           ;
; |lab7var2|master_device:inst5|lpm_counter5:inst10|lpm_counter:lpm_counter_component|cntr_vvi:auto_generated|counter_comb_bita5                   ; |lab7var2|master_device:inst5|lpm_counter5:inst10|lpm_counter:lpm_counter_component|cntr_vvi:auto_generated|counter_comb_bita5~COUT              ; cout             ;
; |lab7var2|master_device:inst5|lpm_counter5:inst10|lpm_counter:lpm_counter_component|cntr_vvi:auto_generated|counter_comb_bita6                   ; |lab7var2|master_device:inst5|lpm_counter5:inst10|lpm_counter:lpm_counter_component|cntr_vvi:auto_generated|counter_comb_bita6                   ; sumout           ;
; |lab7var2|master_device:inst5|lpm_counter5:inst10|lpm_counter:lpm_counter_component|cntr_vvi:auto_generated|counter_comb_bita6                   ; |lab7var2|master_device:inst5|lpm_counter5:inst10|lpm_counter:lpm_counter_component|cntr_vvi:auto_generated|counter_comb_bita6~COUT              ; cout             ;
; |lab7var2|master_device:inst5|lpm_counter5:inst10|lpm_counter:lpm_counter_component|cntr_vvi:auto_generated|counter_comb_bita7                   ; |lab7var2|master_device:inst5|lpm_counter5:inst10|lpm_counter:lpm_counter_component|cntr_vvi:auto_generated|counter_comb_bita7                   ; sumout           ;
; |lab7var2|master_device:inst5|lpm_counter5:inst10|lpm_counter:lpm_counter_component|cntr_vvi:auto_generated|counter_comb_bita7                   ; |lab7var2|master_device:inst5|lpm_counter5:inst10|lpm_counter:lpm_counter_component|cntr_vvi:auto_generated|counter_comb_bita7~COUT              ; cout             ;
; |lab7var2|master_device:inst5|lpm_counter5:inst10|lpm_counter:lpm_counter_component|cntr_vvi:auto_generated|counter_reg_bit1a[7]                 ; |lab7var2|master_device:inst5|lpm_counter5:inst10|lpm_counter:lpm_counter_component|cntr_vvi:auto_generated|safe_q[7]                            ; regout           ;
; |lab7var2|master_device:inst5|lpm_counter5:inst10|lpm_counter:lpm_counter_component|cntr_vvi:auto_generated|counter_reg_bit1a[6]                 ; |lab7var2|master_device:inst5|lpm_counter5:inst10|lpm_counter:lpm_counter_component|cntr_vvi:auto_generated|safe_q[6]                            ; regout           ;
; |lab7var2|master_device:inst5|lpm_counter5:inst10|lpm_counter:lpm_counter_component|cntr_vvi:auto_generated|counter_reg_bit1a[5]                 ; |lab7var2|master_device:inst5|lpm_counter5:inst10|lpm_counter:lpm_counter_component|cntr_vvi:auto_generated|safe_q[5]                            ; regout           ;
; |lab7var2|master_device:inst5|lpm_counter5:inst10|lpm_counter:lpm_counter_component|cntr_vvi:auto_generated|counter_reg_bit1a[4]                 ; |lab7var2|master_device:inst5|lpm_counter5:inst10|lpm_counter:lpm_counter_component|cntr_vvi:auto_generated|safe_q[4]                            ; regout           ;
; |lab7var2|master_device:inst5|lpm_counter5:inst10|lpm_counter:lpm_counter_component|cntr_vvi:auto_generated|counter_reg_bit1a[3]                 ; |lab7var2|master_device:inst5|lpm_counter5:inst10|lpm_counter:lpm_counter_component|cntr_vvi:auto_generated|safe_q[3]                            ; regout           ;
; |lab7var2|master_device:inst5|lpm_counter5:inst10|lpm_counter:lpm_counter_component|cntr_vvi:auto_generated|counter_reg_bit1a[2]                 ; |lab7var2|master_device:inst5|lpm_counter5:inst10|lpm_counter:lpm_counter_component|cntr_vvi:auto_generated|safe_q[2]                            ; regout           ;
; |lab7var2|master_device:inst5|lpm_counter5:inst10|lpm_counter:lpm_counter_component|cntr_vvi:auto_generated|counter_reg_bit1a[1]                 ; |lab7var2|master_device:inst5|lpm_counter5:inst10|lpm_counter:lpm_counter_component|cntr_vvi:auto_generated|safe_q[1]                            ; regout           ;
; |lab7var2|master_device:inst5|lpm_counter5:inst10|lpm_counter:lpm_counter_component|cntr_vvi:auto_generated|cmpr_edc:cmpr2|data_wire[3]          ; |lab7var2|master_device:inst5|lpm_counter5:inst10|lpm_counter:lpm_counter_component|cntr_vvi:auto_generated|cmpr_edc:cmpr2|data_wire[3]          ; out0             ;
; |lab7var2|master_device:inst5|lpm_counter5:inst10|lpm_counter:lpm_counter_component|cntr_vvi:auto_generated|cmpr_edc:cmpr2|data_wire[2]          ; |lab7var2|master_device:inst5|lpm_counter5:inst10|lpm_counter:lpm_counter_component|cntr_vvi:auto_generated|cmpr_edc:cmpr2|data_wire[2]          ; out0             ;
; |lab7var2|master_device:inst5|lpm_counter5:inst10|lpm_counter:lpm_counter_component|cntr_vvi:auto_generated|cmpr_edc:cmpr2|data_wire[1]          ; |lab7var2|master_device:inst5|lpm_counter5:inst10|lpm_counter:lpm_counter_component|cntr_vvi:auto_generated|cmpr_edc:cmpr2|data_wire[1]          ; out0             ;
; |lab7var2|master_device:inst5|lpm_compare0:inst6|lpm_compare:lpm_compare_component|cmpr_fig:auto_generated|data_wire[3]                          ; |lab7var2|master_device:inst5|lpm_compare0:inst6|lpm_compare:lpm_compare_component|cmpr_fig:auto_generated|data_wire[3]                          ; out0             ;
; |lab7var2|master_device:inst5|lpm_compare0:inst6|lpm_compare:lpm_compare_component|cmpr_fig:auto_generated|data_wire[2]                          ; |lab7var2|master_device:inst5|lpm_compare0:inst6|lpm_compare:lpm_compare_component|cmpr_fig:auto_generated|data_wire[2]                          ; out0             ;
; |lab7var2|master_device:inst5|lpm_counter0:inst13|lpm_counter:lpm_counter_component|cntr_coi:auto_generated|counter_comb_bita3                   ; |lab7var2|master_device:inst5|lpm_counter0:inst13|lpm_counter:lpm_counter_component|cntr_coi:auto_generated|counter_comb_bita3~COUT              ; cout             ;
; |lab7var2|master_device:inst5|lpm_counter0:inst13|lpm_counter:lpm_counter_component|cntr_coi:auto_generated|counter_comb_bita4                   ; |lab7var2|master_device:inst5|lpm_counter0:inst13|lpm_counter:lpm_counter_component|cntr_coi:auto_generated|counter_comb_bita4                   ; sumout           ;
; |lab7var2|master_device:inst5|lpm_counter0:inst13|lpm_counter:lpm_counter_component|cntr_coi:auto_generated|counter_comb_bita4                   ; |lab7var2|master_device:inst5|lpm_counter0:inst13|lpm_counter:lpm_counter_component|cntr_coi:auto_generated|counter_comb_bita4~COUT              ; cout             ;
; |lab7var2|master_device:inst5|lpm_counter0:inst13|lpm_counter:lpm_counter_component|cntr_coi:auto_generated|counter_comb_bita5                   ; |lab7var2|master_device:inst5|lpm_counter0:inst13|lpm_counter:lpm_counter_component|cntr_coi:auto_generated|counter_comb_bita5                   ; sumout           ;
; |lab7var2|master_device:inst5|lpm_counter0:inst13|lpm_counter:lpm_counter_component|cntr_coi:auto_generated|counter_comb_bita5                   ; |lab7var2|master_device:inst5|lpm_counter0:inst13|lpm_counter:lpm_counter_component|cntr_coi:auto_generated|counter_comb_bita5~COUT              ; cout             ;
; |lab7var2|master_device:inst5|lpm_counter0:inst13|lpm_counter:lpm_counter_component|cntr_coi:auto_generated|counter_comb_bita6                   ; |lab7var2|master_device:inst5|lpm_counter0:inst13|lpm_counter:lpm_counter_component|cntr_coi:auto_generated|counter_comb_bita6                   ; sumout           ;
; |lab7var2|master_device:inst5|lpm_counter0:inst13|lpm_counter:lpm_counter_component|cntr_coi:auto_generated|counter_comb_bita6                   ; |lab7var2|master_device:inst5|lpm_counter0:inst13|lpm_counter:lpm_counter_component|cntr_coi:auto_generated|counter_comb_bita6~COUT              ; cout             ;
; |lab7var2|master_device:inst5|lpm_counter0:inst13|lpm_counter:lpm_counter_component|cntr_coi:auto_generated|counter_comb_bita7                   ; |lab7var2|master_device:inst5|lpm_counter0:inst13|lpm_counter:lpm_counter_component|cntr_coi:auto_generated|counter_comb_bita7                   ; sumout           ;
; |lab7var2|master_device:inst5|lpm_counter0:inst13|lpm_counter:lpm_counter_component|cntr_coi:auto_generated|counter_reg_bit1a[7]                 ; |lab7var2|master_device:inst5|lpm_counter0:inst13|lpm_counter:lpm_counter_component|cntr_coi:auto_generated|safe_q[7]                            ; regout           ;
; |lab7var2|master_device:inst5|lpm_counter0:inst13|lpm_counter:lpm_counter_component|cntr_coi:auto_generated|counter_reg_bit1a[6]                 ; |lab7var2|master_device:inst5|lpm_counter0:inst13|lpm_counter:lpm_counter_component|cntr_coi:auto_generated|safe_q[6]                            ; regout           ;
; |lab7var2|master_device:inst5|lpm_counter0:inst13|lpm_counter:lpm_counter_component|cntr_coi:auto_generated|counter_reg_bit1a[5]                 ; |lab7var2|master_device:inst5|lpm_counter0:inst13|lpm_counter:lpm_counter_component|cntr_coi:auto_generated|safe_q[5]                            ; regout           ;
; |lab7var2|master_device:inst5|lpm_counter0:inst13|lpm_counter:lpm_counter_component|cntr_coi:auto_generated|counter_reg_bit1a[4]                 ; |lab7var2|master_device:inst5|lpm_counter0:inst13|lpm_counter:lpm_counter_component|cntr_coi:auto_generated|safe_q[4]                            ; regout           ;
; |lab7var2|master_device:inst5|lpm_counter0:inst13|lpm_counter:lpm_counter_component|cntr_coi:auto_generated|counter_reg_bit1a[3]                 ; |lab7var2|master_device:inst5|lpm_counter0:inst13|lpm_counter:lpm_counter_component|cntr_coi:auto_generated|safe_q[3]                            ; regout           ;
; |lab7var2|master_device:inst5|lpm_compare0:inst2|lpm_compare:lpm_compare_component|cmpr_fig:auto_generated|data_wire[3]                          ; |lab7var2|master_device:inst5|lpm_compare0:inst2|lpm_compare:lpm_compare_component|cmpr_fig:auto_generated|data_wire[3]                          ; out0             ;
; |lab7var2|master_device:inst5|lpm_compare0:inst2|lpm_compare:lpm_compare_component|cmpr_fig:auto_generated|data_wire[2]                          ; |lab7var2|master_device:inst5|lpm_compare0:inst2|lpm_compare:lpm_compare_component|cmpr_fig:auto_generated|data_wire[2]                          ; out0             ;
; |lab7var2|master_device:inst2|lpm_add_sub2:inst11|lpm_add_sub:lpm_add_sub_component|add_sub_9lh:auto_generated|op_1~0                            ; |lab7var2|master_device:inst2|lpm_add_sub2:inst11|lpm_add_sub:lpm_add_sub_component|add_sub_9lh:auto_generated|op_1~0                            ; out0             ;
; |lab7var2|master_device:inst2|lpm_add_sub2:inst11|lpm_add_sub:lpm_add_sub_component|add_sub_9lh:auto_generated|op_1~1                            ; |lab7var2|master_device:inst2|lpm_add_sub2:inst11|lpm_add_sub:lpm_add_sub_component|add_sub_9lh:auto_generated|op_1~1                            ; out0             ;
; |lab7var2|master_device:inst2|lpm_add_sub2:inst11|lpm_add_sub:lpm_add_sub_component|add_sub_9lh:auto_generated|op_1~2                            ; |lab7var2|master_device:inst2|lpm_add_sub2:inst11|lpm_add_sub:lpm_add_sub_component|add_sub_9lh:auto_generated|op_1~2                            ; out0             ;
; |lab7var2|master_device:inst4|lpm_add_sub2:inst11|lpm_add_sub:lpm_add_sub_component|add_sub_9lh:auto_generated|op_1~0                            ; |lab7var2|master_device:inst4|lpm_add_sub2:inst11|lpm_add_sub:lpm_add_sub_component|add_sub_9lh:auto_generated|op_1~0                            ; out0             ;
; |lab7var2|master_device:inst5|lpm_add_sub2:inst11|lpm_add_sub:lpm_add_sub_component|add_sub_9lh:auto_generated|op_1~1                            ; |lab7var2|master_device:inst5|lpm_add_sub2:inst11|lpm_add_sub:lpm_add_sub_component|add_sub_9lh:auto_generated|op_1~1                            ; out0             ;
; |lab7var2|master_device:inst5|lpm_add_sub2:inst11|lpm_add_sub:lpm_add_sub_component|add_sub_9lh:auto_generated|op_1~2                            ; |lab7var2|master_device:inst5|lpm_add_sub2:inst11|lpm_add_sub:lpm_add_sub_component|add_sub_9lh:auto_generated|op_1~2                            ; out0             ;
; |lab7var2|master_device:inst5|lpm_add_sub2:inst11|lpm_add_sub:lpm_add_sub_component|add_sub_9lh:auto_generated|op_1~3                            ; |lab7var2|master_device:inst5|lpm_add_sub2:inst11|lpm_add_sub:lpm_add_sub_component|add_sub_9lh:auto_generated|op_1~3                            ; out0             ;
+--------------------------------------------------------------------------------------------------------------------------------------------------+--------------------------------------------------------------------------------------------------------------------------------------------------+------------------+


+---------------------+
; Simulator INI Usage ;
+--------+------------+
; Option ; Usage      ;
+--------+------------+


+--------------------+
; Simulator Messages ;
+--------------------+
Info: *******************************************************************
Info: Running Quartus II Simulator
    Info: Version 9.1 Build 222 10/21/2009 SJ Web Edition
    Info: Processing started: Fri Mar 21 14:08:52 2025
Info: Command: quartus_sim --read_settings_files=on --write_settings_files=off lab7var2 -c lab7var2
Info: Using vector source file "C:/Users/dw800/YandexDisk/6TERM/ÑèÔÎ/lab7.1/lab7var2.vwf"
Info: Option to preserve fewer signal transitions to reduce memory requirements is enabled
    Info: Simulation has been partitioned into sub-simulations according to the maximum transition count determined by the engine. Transitions from memory will be flushed out to disk at the end of each sub-simulation to reduce memory requirements.
Warning: Found clock-sensitive change during active clock edge at time 30.0 ns on register "|lab7var2|master_device:inst2|inst14"
Warning: Found clock-sensitive change during active clock edge at time 130.0 ns on register "|lab7var2|master_device:inst4|inst14"
Warning: Found clock-sensitive change during active clock edge at time 350.0 ns on register "|lab7var2|master_device:inst5|inst14"
Info: Simulation partitioned into 1 sub-simulations
Info: Simulation coverage is      36.63 %
Info: Number of transitions in simulation is 2037
Info: Quartus II Simulator was successful. 0 errors, 3 warnings
    Info: Peak virtual memory: 147 megabytes
    Info: Processing ended: Fri Mar 21 14:08:52 2025
    Info: Elapsed time: 00:00:00
    Info: Total CPU time (on all processors): 00:00:00


