Classic Timing Analyzer report for lab7var2
Tue Mar 11 02:45:53 2025
Quartus II Version 9.1 Build 222 10/21/2009 SJ Web Edition


---------------------
; Table of Contents ;
---------------------
  1. Legal Notice
  2. Timing Analyzer Summary
  3. Timing Analyzer Settings
  4. Clock Settings Summary
  5. Parallel Compilation
  6. Clock Setup: 'cllk'
  7. Clock Setup: 'REQ[0]'
  8. Clock Setup: 'REQ[2]'
  9. Clock Hold: 'cllk'
 10. Clock Hold: 'REQ[1]'
 11. Clock Hold: 'REQ[0]'
 12. tsu
 13. tco
 14. tpd
 15. th
 16. Timing Analyzer Messages



----------------
; Legal Notice ;
----------------
Copyright (C) 1991-2009 Altera Corporation
Your use of Altera Corporation's design tools, logic functions 
and other software and tools, and its AMPP partner logic 
functions, and any output files from any of the foregoing 
(including device programming or simulation files), and any 
associated documentation or information are expressly subject 
to the terms and conditions of the Altera Program License 
Subscription Agreement, Altera MegaCore Function License 
Agreement, or other applicable license agreement, including, 
without limitation, that your use is for the sole purpose of 
programming logic devices manufactured by Altera and sold by 
Altera or its authorized distributors.  Please refer to the 
applicable agreement for further details.



+-----------------------------------------------------------------------------------------------------------------------------------------------------------------------------------------------------------------------------------------------------------------------------------------------------------------------------------------------------+
; Timing Analyzer Summary                                                                                                                                                                                                                                                                                                                             ;
+------------------------------+------------------------------------------+---------------+----------------------------------+-------------------------------------------------------------------------------------------------------------+-------------------------------------------------------------------+------------+----------+--------------+
; Type                         ; Slack                                    ; Required Time ; Actual Time                      ; From                                                                                                        ; To                                                                ; From Clock ; To Clock ; Failed Paths ;
+------------------------------+------------------------------------------+---------------+----------------------------------+-------------------------------------------------------------------------------------------------------------+-------------------------------------------------------------------+------------+----------+--------------+
; Worst-case tsu               ; N/A                                      ; None          ; 3.461 ns                         ; REQ[1]                                                                                                      ; arbitr:inst|inst                                                  ; --         ; cllk     ; 0            ;
; Worst-case tco               ; N/A                                      ; None          ; 14.842 ns                        ; slave_device:inst14|lpm_dff1:inst|lpm_ff:lpm_ff_component|dffs[0]                                           ; Data_slave4[0]                                                    ; cllk       ; --       ; 0            ;
; Worst-case tpd               ; N/A                                      ; None          ; 8.800 ns                         ; REQ[1]                                                                                                      ; bus_req                                                           ; --         ; --       ; 0            ;
; Worst-case th                ; N/A                                      ; None          ; 3.327 ns                         ; cllk                                                                                                        ; master_device:inst2|inst14                                        ; --         ; cllk     ; 0            ;
; Clock Setup: 'cllk'          ; N/A                                      ; None          ; 146.33 MHz ( period = 6.834 ns ) ; master_device:inst5|inst22                                                                                  ; arbitr:inst|inst                                                  ; cllk       ; cllk     ; 0            ;
; Clock Setup: 'REQ[0]'        ; N/A                                      ; None          ; 360.23 MHz ( period = 2.776 ns ) ; master_device:inst2|inst22                                                                                  ; master_device:inst2|inst14                                        ; REQ[0]     ; REQ[0]   ; 0            ;
; Clock Setup: 'REQ[2]'        ; N/A                                      ; None          ; 443.07 MHz ( period = 2.257 ns ) ; master_device:inst5|inst22                                                                                  ; master_device:inst5|inst14                                        ; REQ[2]     ; REQ[2]   ; 0            ;
; Clock Hold: 'cllk'           ; Not operational: Clock Skew > Data Delay ; None          ; N/A                              ; master_device:inst2|lpm_counter0:inst13|lpm_counter:lpm_counter_component|cntr_coi:auto_generated|safe_q[5] ; slave_device:inst14|lpm_dff1:inst|lpm_ff:lpm_ff_component|dffs[1] ; cllk       ; cllk     ; 917          ;
; Clock Hold: 'REQ[1]'         ; Not operational: Clock Skew > Data Delay ; None          ; N/A                              ; master_device:inst4|inst22                                                                                  ; master_device:inst4|inst14                                        ; REQ[1]     ; REQ[1]   ; 1            ;
; Clock Hold: 'REQ[0]'         ; Not operational: Clock Skew > Data Delay ; None          ; N/A                              ; master_device:inst2|inst22                                                                                  ; master_device:inst2|inst14                                        ; REQ[0]     ; REQ[0]   ; 1            ;
; Total number of failed paths ;                                          ;               ;                                  ;                                                                                                             ;                                                                   ;            ;          ; 919          ;
+------------------------------+------------------------------------------+---------------+----------------------------------+-------------------------------------------------------------------------------------------------------------+-------------------------------------------------------------------+------------+----------+--------------+


+-----------------------------------------------------------------------------------------------------------------------------------------------------+
; Timing Analyzer Settings                                                                                                                            ;
+------------------------------------------------------------------------------------------------------+--------------------+------+----+-------------+
; Option                                                                                               ; Setting            ; From ; To ; Entity Name ;
+------------------------------------------------------------------------------------------------------+--------------------+------+----+-------------+
; Device Name                                                                                          ; EP2S15F484C3       ;      ;    ;             ;
; Timing Models                                                                                        ; Final              ;      ;    ;             ;
; Default hold multicycle                                                                              ; Same as Multicycle ;      ;    ;             ;
; Cut paths between unrelated clock domains                                                            ; On                 ;      ;    ;             ;
; Cut off read during write signal paths                                                               ; On                 ;      ;    ;             ;
; Cut off feedback from I/O pins                                                                       ; On                 ;      ;    ;             ;
; Report Combined Fast/Slow Timing                                                                     ; Off                ;      ;    ;             ;
; Ignore Clock Settings                                                                                ; Off                ;      ;    ;             ;
; Analyze latches as synchronous elements                                                              ; On                 ;      ;    ;             ;
; Enable Recovery/Removal analysis                                                                     ; Off                ;      ;    ;             ;
; Enable Clock Latency                                                                                 ; Off                ;      ;    ;             ;
; Use TimeQuest Timing Analyzer                                                                        ; Off                ;      ;    ;             ;
; Number of source nodes to report per destination node                                                ; 10                 ;      ;    ;             ;
; Number of destination nodes to report                                                                ; 10                 ;      ;    ;             ;
; Number of paths to report                                                                            ; 200                ;      ;    ;             ;
; Report Minimum Timing Checks                                                                         ; Off                ;      ;    ;             ;
; Use Fast Timing Models                                                                               ; Off                ;      ;    ;             ;
; Report IO Paths Separately                                                                           ; Off                ;      ;    ;             ;
; Perform Multicorner Analysis                                                                         ; On                 ;      ;    ;             ;
; Reports the worst-case path for each clock domain and analysis                                       ; Off                ;      ;    ;             ;
; Reports worst-case timing paths for each clock domain and analysis                                   ; Off                ;      ;    ;             ;
; Specifies the maximum number of worst-case timing paths to report for each clock domain and analysis ; 100                ;      ;    ;             ;
; Removes common clock path pessimism (CCPP) during slack computation                                  ; Off                ;      ;    ;             ;
; Output I/O Timing Endpoint                                                                           ; Near End           ;      ;    ;             ;
+------------------------------------------------------------------------------------------------------+--------------------+------+----+-------------+


+------------------------------------------------------------------------------------------------------------------------------------------------------------------------------------+
; Clock Settings Summary                                                                                                                                                             ;
+-----------------+--------------------+----------+------------------+---------------+--------------+----------+-----------------------+---------------------+--------+--------------+
; Clock Node Name ; Clock Setting Name ; Type     ; Fmax Requirement ; Early Latency ; Late Latency ; Based on ; Multiply Base Fmax by ; Divide Base Fmax by ; Offset ; Phase offset ;
+-----------------+--------------------+----------+------------------+---------------+--------------+----------+-----------------------+---------------------+--------+--------------+
; cllk            ;                    ; User Pin ; None             ; 0.000 ns      ; 0.000 ns     ; --       ; N/A                   ; N/A                 ; N/A    ;              ;
; REQ[1]          ;                    ; User Pin ; None             ; 0.000 ns      ; 0.000 ns     ; --       ; N/A                   ; N/A                 ; N/A    ;              ;
; REQ[0]          ;                    ; User Pin ; None             ; 0.000 ns      ; 0.000 ns     ; --       ; N/A                   ; N/A                 ; N/A    ;              ;
; REQ[2]          ;                    ; User Pin ; None             ; 0.000 ns      ; 0.000 ns     ; --       ; N/A                   ; N/A                 ; N/A    ;              ;
+-----------------+--------------------+----------+------------------+---------------+--------------+----------+-----------------------+---------------------+--------+--------------+


Parallel compilation was disabled, but you have multiple processors available. Enable parallel compilation to reduce compilation time.
+-------------------------------------+
; Parallel Compilation                ;
+----------------------------+--------+
; Processors                 ; Number ;
+----------------------------+--------+
; Number detected on machine ; 16     ;
; Maximum allowed            ; 1      ;
+----------------------------+--------+


+---------------------------------------------------------------------------------------------------------------------------------------------------------------------------------------------------------------------------------------------------------------------------------------------------------------------------------------------------------------------------------------------------------------------------------------+
; Clock Setup: 'cllk'                                                                                                                                                                                                                                                                                                                                                                                                                   ;
+-----------------------------------------+-----------------------------------------------------+-------------------------------------------------------------------------------------------------------------+-------------------------------------------------------------------------------------------------------------+------------+----------+-----------------------------+---------------------------+-------------------------+
; Slack                                   ; Actual fmax (period)                                ; From                                                                                                        ; To                                                                                                          ; From Clock ; To Clock ; Required Setup Relationship ; Required Longest P2P Time ; Actual Longest P2P Time ;
+-----------------------------------------+-----------------------------------------------------+-------------------------------------------------------------------------------------------------------------+-------------------------------------------------------------------------------------------------------------+------------+----------+-----------------------------+---------------------------+-------------------------+
; N/A                                     ; 146.33 MHz ( period = 6.834 ns )                    ; master_device:inst5|inst22                                                                                  ; arbitr:inst|inst                                                                                            ; cllk       ; cllk     ; None                        ; None                      ; 2.136 ns                ;
; N/A                                     ; 152.51 MHz ( period = 6.557 ns )                    ; master_device:inst2|inst22                                                                                  ; arbitr:inst|inst                                                                                            ; cllk       ; cllk     ; None                        ; None                      ; 1.276 ns                ;
; N/A                                     ; 164.37 MHz ( period = 6.084 ns )                    ; master_device:inst2|inst22                                                                                  ; master_device:inst2|inst24                                                                                  ; cllk       ; cllk     ; None                        ; None                      ; 0.803 ns                ;
; N/A                                     ; 175.07 MHz ( period = 5.712 ns )                    ; master_device:inst4|inst14                                                                                  ; arbitr:inst|inst                                                                                            ; cllk       ; cllk     ; None                        ; None                      ; 1.716 ns                ;
; N/A                                     ; 188.47 MHz ( period = 5.306 ns )                    ; master_device:inst4|inst14                                                                                  ; master_device:inst4|lpm_counter0:inst13|lpm_counter:lpm_counter_component|cntr_coi:auto_generated|safe_q[0] ; cllk       ; cllk     ; None                        ; None                      ; 1.311 ns                ;
; N/A                                     ; 188.47 MHz ( period = 5.306 ns )                    ; master_device:inst4|inst14                                                                                  ; master_device:inst4|lpm_counter0:inst13|lpm_counter:lpm_counter_component|cntr_coi:auto_generated|safe_q[1] ; cllk       ; cllk     ; None                        ; None                      ; 1.311 ns                ;
; N/A                                     ; 188.47 MHz ( period = 5.306 ns )                    ; master_device:inst4|inst14                                                                                  ; master_device:inst4|lpm_counter0:inst13|lpm_counter:lpm_counter_component|cntr_coi:auto_generated|safe_q[2] ; cllk       ; cllk     ; None                        ; None                      ; 1.311 ns                ;
; N/A                                     ; 188.47 MHz ( period = 5.306 ns )                    ; master_device:inst4|inst14                                                                                  ; master_device:inst4|lpm_counter0:inst13|lpm_counter:lpm_counter_component|cntr_coi:auto_generated|safe_q[3] ; cllk       ; cllk     ; None                        ; None                      ; 1.311 ns                ;
; N/A                                     ; 188.47 MHz ( period = 5.306 ns )                    ; master_device:inst4|inst14                                                                                  ; master_device:inst4|lpm_counter0:inst13|lpm_counter:lpm_counter_component|cntr_coi:auto_generated|safe_q[7] ; cllk       ; cllk     ; None                        ; None                      ; 1.311 ns                ;
; N/A                                     ; 188.47 MHz ( period = 5.306 ns )                    ; master_device:inst4|inst14                                                                                  ; master_device:inst4|lpm_counter0:inst13|lpm_counter:lpm_counter_component|cntr_coi:auto_generated|safe_q[6] ; cllk       ; cllk     ; None                        ; None                      ; 1.311 ns                ;
; N/A                                     ; 188.47 MHz ( period = 5.306 ns )                    ; master_device:inst4|inst14                                                                                  ; master_device:inst4|lpm_counter0:inst13|lpm_counter:lpm_counter_component|cntr_coi:auto_generated|safe_q[4] ; cllk       ; cllk     ; None                        ; None                      ; 1.311 ns                ;
; N/A                                     ; 188.47 MHz ( period = 5.306 ns )                    ; master_device:inst4|inst14                                                                                  ; master_device:inst4|lpm_counter0:inst13|lpm_counter:lpm_counter_component|cntr_coi:auto_generated|safe_q[5] ; cllk       ; cllk     ; None                        ; None                      ; 1.311 ns                ;
; N/A                                     ; 197.04 MHz ( period = 5.075 ns )                    ; master_device:inst2|inst14                                                                                  ; arbitr:inst|inst                                                                                            ; cllk       ; cllk     ; None                        ; None                      ; 1.692 ns                ;
; N/A                                     ; 198.85 MHz ( period = 5.029 ns )                    ; master_device:inst4|lpm_counter5:inst10|lpm_counter:lpm_counter_component|cntr_vvi:auto_generated|safe_q[3] ; master_device:inst4|lpm_counter5:inst10|lpm_counter:lpm_counter_component|cntr_vvi:auto_generated|safe_q[2] ; cllk       ; cllk     ; None                        ; None                      ; 1.842 ns                ;
; N/A                                     ; 198.85 MHz ( period = 5.029 ns )                    ; master_device:inst4|lpm_counter5:inst10|lpm_counter:lpm_counter_component|cntr_vvi:auto_generated|safe_q[3] ; master_device:inst4|lpm_counter5:inst10|lpm_counter:lpm_counter_component|cntr_vvi:auto_generated|safe_q[0] ; cllk       ; cllk     ; None                        ; None                      ; 1.842 ns                ;
; N/A                                     ; 198.85 MHz ( period = 5.029 ns )                    ; master_device:inst4|lpm_counter5:inst10|lpm_counter:lpm_counter_component|cntr_vvi:auto_generated|safe_q[3] ; master_device:inst4|lpm_counter5:inst10|lpm_counter:lpm_counter_component|cntr_vvi:auto_generated|safe_q[1] ; cllk       ; cllk     ; None                        ; None                      ; 1.842 ns                ;
; N/A                                     ; 200.60 MHz ( period = 4.985 ns )                    ; master_device:inst4|lpm_counter5:inst10|lpm_counter:lpm_counter_component|cntr_vvi:auto_generated|safe_q[4] ; master_device:inst4|lpm_counter5:inst10|lpm_counter:lpm_counter_component|cntr_vvi:auto_generated|safe_q[2] ; cllk       ; cllk     ; None                        ; None                      ; 1.798 ns                ;
; N/A                                     ; 200.60 MHz ( period = 4.985 ns )                    ; master_device:inst4|lpm_counter5:inst10|lpm_counter:lpm_counter_component|cntr_vvi:auto_generated|safe_q[4] ; master_device:inst4|lpm_counter5:inst10|lpm_counter:lpm_counter_component|cntr_vvi:auto_generated|safe_q[0] ; cllk       ; cllk     ; None                        ; None                      ; 1.798 ns                ;
; N/A                                     ; 200.60 MHz ( period = 4.985 ns )                    ; master_device:inst4|lpm_counter5:inst10|lpm_counter:lpm_counter_component|cntr_vvi:auto_generated|safe_q[4] ; master_device:inst4|lpm_counter5:inst10|lpm_counter:lpm_counter_component|cntr_vvi:auto_generated|safe_q[1] ; cllk       ; cllk     ; None                        ; None                      ; 1.798 ns                ;
; N/A                                     ; 201.05 MHz ( period = 4.974 ns )                    ; master_device:inst5|inst14                                                                                  ; master_device:inst5|lpm_counter0:inst13|lpm_counter:lpm_counter_component|cntr_coi:auto_generated|safe_q[1] ; cllk       ; cllk     ; None                        ; None                      ; 1.675 ns                ;
; N/A                                     ; 201.05 MHz ( period = 4.974 ns )                    ; master_device:inst5|inst14                                                                                  ; master_device:inst5|lpm_counter0:inst13|lpm_counter:lpm_counter_component|cntr_coi:auto_generated|safe_q[0] ; cllk       ; cllk     ; None                        ; None                      ; 1.675 ns                ;
; N/A                                     ; 201.05 MHz ( period = 4.974 ns )                    ; master_device:inst5|inst14                                                                                  ; master_device:inst5|lpm_counter0:inst13|lpm_counter:lpm_counter_component|cntr_coi:auto_generated|safe_q[6] ; cllk       ; cllk     ; None                        ; None                      ; 1.675 ns                ;
; N/A                                     ; 201.05 MHz ( period = 4.974 ns )                    ; master_device:inst5|inst14                                                                                  ; master_device:inst5|lpm_counter0:inst13|lpm_counter:lpm_counter_component|cntr_coi:auto_generated|safe_q[5] ; cllk       ; cllk     ; None                        ; None                      ; 1.675 ns                ;
; N/A                                     ; 201.05 MHz ( period = 4.974 ns )                    ; master_device:inst5|inst14                                                                                  ; master_device:inst5|lpm_counter0:inst13|lpm_counter:lpm_counter_component|cntr_coi:auto_generated|safe_q[4] ; cllk       ; cllk     ; None                        ; None                      ; 1.675 ns                ;
; N/A                                     ; 201.05 MHz ( period = 4.974 ns )                    ; master_device:inst5|inst14                                                                                  ; master_device:inst5|lpm_counter0:inst13|lpm_counter:lpm_counter_component|cntr_coi:auto_generated|safe_q[7] ; cllk       ; cllk     ; None                        ; None                      ; 1.675 ns                ;
; N/A                                     ; 201.05 MHz ( period = 4.974 ns )                    ; master_device:inst5|inst14                                                                                  ; master_device:inst5|lpm_counter0:inst13|lpm_counter:lpm_counter_component|cntr_coi:auto_generated|safe_q[3] ; cllk       ; cllk     ; None                        ; None                      ; 1.675 ns                ;
; N/A                                     ; 201.05 MHz ( period = 4.974 ns )                    ; master_device:inst5|inst14                                                                                  ; master_device:inst5|lpm_counter0:inst13|lpm_counter:lpm_counter_component|cntr_coi:auto_generated|safe_q[2] ; cllk       ; cllk     ; None                        ; None                      ; 1.675 ns                ;
; N/A                                     ; 202.02 MHz ( period = 4.950 ns )                    ; master_device:inst4|lpm_counter5:inst10|lpm_counter:lpm_counter_component|cntr_vvi:auto_generated|safe_q[5] ; master_device:inst4|lpm_counter5:inst10|lpm_counter:lpm_counter_component|cntr_vvi:auto_generated|safe_q[2] ; cllk       ; cllk     ; None                        ; None                      ; 1.763 ns                ;
; N/A                                     ; 202.02 MHz ( period = 4.950 ns )                    ; master_device:inst4|lpm_counter5:inst10|lpm_counter:lpm_counter_component|cntr_vvi:auto_generated|safe_q[5] ; master_device:inst4|lpm_counter5:inst10|lpm_counter:lpm_counter_component|cntr_vvi:auto_generated|safe_q[0] ; cllk       ; cllk     ; None                        ; None                      ; 1.763 ns                ;
; N/A                                     ; 202.02 MHz ( period = 4.950 ns )                    ; master_device:inst4|lpm_counter5:inst10|lpm_counter:lpm_counter_component|cntr_vvi:auto_generated|safe_q[5] ; master_device:inst4|lpm_counter5:inst10|lpm_counter:lpm_counter_component|cntr_vvi:auto_generated|safe_q[1] ; cllk       ; cllk     ; None                        ; None                      ; 1.763 ns                ;
; N/A                                     ; 203.46 MHz ( period = 4.915 ns )                    ; master_device:inst4|lpm_counter5:inst10|lpm_counter:lpm_counter_component|cntr_vvi:auto_generated|safe_q[6] ; master_device:inst4|lpm_counter5:inst10|lpm_counter:lpm_counter_component|cntr_vvi:auto_generated|safe_q[2] ; cllk       ; cllk     ; None                        ; None                      ; 1.728 ns                ;
; N/A                                     ; 203.46 MHz ( period = 4.915 ns )                    ; master_device:inst4|lpm_counter5:inst10|lpm_counter:lpm_counter_component|cntr_vvi:auto_generated|safe_q[6] ; master_device:inst4|lpm_counter5:inst10|lpm_counter:lpm_counter_component|cntr_vvi:auto_generated|safe_q[0] ; cllk       ; cllk     ; None                        ; None                      ; 1.728 ns                ;
; N/A                                     ; 203.46 MHz ( period = 4.915 ns )                    ; master_device:inst4|lpm_counter5:inst10|lpm_counter:lpm_counter_component|cntr_vvi:auto_generated|safe_q[6] ; master_device:inst4|lpm_counter5:inst10|lpm_counter:lpm_counter_component|cntr_vvi:auto_generated|safe_q[1] ; cllk       ; cllk     ; None                        ; None                      ; 1.728 ns                ;
; N/A                                     ; 205.85 MHz ( period = 4.858 ns )                    ; master_device:inst4|lpm_counter5:inst10|lpm_counter:lpm_counter_component|cntr_vvi:auto_generated|safe_q[7] ; master_device:inst4|lpm_counter5:inst10|lpm_counter:lpm_counter_component|cntr_vvi:auto_generated|safe_q[2] ; cllk       ; cllk     ; None                        ; None                      ; 1.671 ns                ;
; N/A                                     ; 205.85 MHz ( period = 4.858 ns )                    ; master_device:inst4|lpm_counter5:inst10|lpm_counter:lpm_counter_component|cntr_vvi:auto_generated|safe_q[7] ; master_device:inst4|lpm_counter5:inst10|lpm_counter:lpm_counter_component|cntr_vvi:auto_generated|safe_q[0] ; cllk       ; cllk     ; None                        ; None                      ; 1.671 ns                ;
; N/A                                     ; 205.85 MHz ( period = 4.858 ns )                    ; master_device:inst4|lpm_counter5:inst10|lpm_counter:lpm_counter_component|cntr_vvi:auto_generated|safe_q[7] ; master_device:inst4|lpm_counter5:inst10|lpm_counter:lpm_counter_component|cntr_vvi:auto_generated|safe_q[1] ; cllk       ; cllk     ; None                        ; None                      ; 1.671 ns                ;
; N/A                                     ; 207.43 MHz ( period = 4.821 ns )                    ; master_device:inst2|inst14                                                                                  ; master_device:inst2|lpm_counter0:inst13|lpm_counter:lpm_counter_component|cntr_coi:auto_generated|safe_q[0] ; cllk       ; cllk     ; None                        ; None                      ; 1.545 ns                ;
; N/A                                     ; 207.43 MHz ( period = 4.821 ns )                    ; master_device:inst2|inst14                                                                                  ; master_device:inst2|lpm_counter0:inst13|lpm_counter:lpm_counter_component|cntr_coi:auto_generated|safe_q[2] ; cllk       ; cllk     ; None                        ; None                      ; 1.545 ns                ;
; N/A                                     ; 207.43 MHz ( period = 4.821 ns )                    ; master_device:inst2|inst14                                                                                  ; master_device:inst2|lpm_counter0:inst13|lpm_counter:lpm_counter_component|cntr_coi:auto_generated|safe_q[1] ; cllk       ; cllk     ; None                        ; None                      ; 1.545 ns                ;
; N/A                                     ; 207.43 MHz ( period = 4.821 ns )                    ; master_device:inst2|inst14                                                                                  ; master_device:inst2|lpm_counter0:inst13|lpm_counter:lpm_counter_component|cntr_coi:auto_generated|safe_q[3] ; cllk       ; cllk     ; None                        ; None                      ; 1.545 ns                ;
; N/A                                     ; 207.43 MHz ( period = 4.821 ns )                    ; master_device:inst2|inst14                                                                                  ; master_device:inst2|lpm_counter0:inst13|lpm_counter:lpm_counter_component|cntr_coi:auto_generated|safe_q[7] ; cllk       ; cllk     ; None                        ; None                      ; 1.545 ns                ;
; N/A                                     ; 207.43 MHz ( period = 4.821 ns )                    ; master_device:inst2|inst14                                                                                  ; master_device:inst2|lpm_counter0:inst13|lpm_counter:lpm_counter_component|cntr_coi:auto_generated|safe_q[4] ; cllk       ; cllk     ; None                        ; None                      ; 1.545 ns                ;
; N/A                                     ; 207.43 MHz ( period = 4.821 ns )                    ; master_device:inst2|inst14                                                                                  ; master_device:inst2|lpm_counter0:inst13|lpm_counter:lpm_counter_component|cntr_coi:auto_generated|safe_q[6] ; cllk       ; cllk     ; None                        ; None                      ; 1.545 ns                ;
; N/A                                     ; 207.43 MHz ( period = 4.821 ns )                    ; master_device:inst2|inst14                                                                                  ; master_device:inst2|lpm_counter0:inst13|lpm_counter:lpm_counter_component|cntr_coi:auto_generated|safe_q[5] ; cllk       ; cllk     ; None                        ; None                      ; 1.545 ns                ;
; N/A                                     ; 214.22 MHz ( period = 4.668 ns )                    ; master_device:inst5|inst14                                                                                  ; arbitr:inst|inst                                                                                            ; cllk       ; cllk     ; None                        ; None                      ; 1.273 ns                ;
; N/A                                     ; 214.64 MHz ( period = 4.659 ns )                    ; master_device:inst5|lpm_counter5:inst10|lpm_counter:lpm_counter_component|cntr_vvi:auto_generated|safe_q[3] ; master_device:inst5|lpm_counter5:inst10|lpm_counter:lpm_counter_component|cntr_vvi:auto_generated|safe_q[2] ; cllk       ; cllk     ; None                        ; None                      ; 1.808 ns                ;
; N/A                                     ; 214.64 MHz ( period = 4.659 ns )                    ; master_device:inst5|lpm_counter5:inst10|lpm_counter:lpm_counter_component|cntr_vvi:auto_generated|safe_q[3] ; master_device:inst5|lpm_counter5:inst10|lpm_counter:lpm_counter_component|cntr_vvi:auto_generated|safe_q[1] ; cllk       ; cllk     ; None                        ; None                      ; 1.808 ns                ;
; N/A                                     ; 214.64 MHz ( period = 4.659 ns )                    ; master_device:inst5|lpm_counter5:inst10|lpm_counter:lpm_counter_component|cntr_vvi:auto_generated|safe_q[3] ; master_device:inst5|lpm_counter5:inst10|lpm_counter:lpm_counter_component|cntr_vvi:auto_generated|safe_q[0] ; cllk       ; cllk     ; None                        ; None                      ; 1.808 ns                ;
; N/A                                     ; 215.80 MHz ( period = 4.634 ns )                    ; master_device:inst5|lpm_counter5:inst10|lpm_counter:lpm_counter_component|cntr_vvi:auto_generated|safe_q[4] ; master_device:inst5|lpm_counter5:inst10|lpm_counter:lpm_counter_component|cntr_vvi:auto_generated|safe_q[2] ; cllk       ; cllk     ; None                        ; None                      ; 1.783 ns                ;
; N/A                                     ; 215.80 MHz ( period = 4.634 ns )                    ; master_device:inst5|lpm_counter5:inst10|lpm_counter:lpm_counter_component|cntr_vvi:auto_generated|safe_q[4] ; master_device:inst5|lpm_counter5:inst10|lpm_counter:lpm_counter_component|cntr_vvi:auto_generated|safe_q[1] ; cllk       ; cllk     ; None                        ; None                      ; 1.783 ns                ;
; N/A                                     ; 215.80 MHz ( period = 4.634 ns )                    ; master_device:inst5|lpm_counter5:inst10|lpm_counter:lpm_counter_component|cntr_vvi:auto_generated|safe_q[4] ; master_device:inst5|lpm_counter5:inst10|lpm_counter:lpm_counter_component|cntr_vvi:auto_generated|safe_q[0] ; cllk       ; cllk     ; None                        ; None                      ; 1.783 ns                ;
; N/A                                     ; 216.03 MHz ( period = 4.629 ns )                    ; master_device:inst2|lpm_counter5:inst10|lpm_counter:lpm_counter_component|cntr_vvi:auto_generated|safe_q[3] ; master_device:inst2|lpm_counter5:inst10|lpm_counter:lpm_counter_component|cntr_vvi:auto_generated|safe_q[2] ; cllk       ; cllk     ; None                        ; None                      ; 1.806 ns                ;
; N/A                                     ; 216.03 MHz ( period = 4.629 ns )                    ; master_device:inst2|lpm_counter5:inst10|lpm_counter:lpm_counter_component|cntr_vvi:auto_generated|safe_q[3] ; master_device:inst2|lpm_counter5:inst10|lpm_counter:lpm_counter_component|cntr_vvi:auto_generated|safe_q[1] ; cllk       ; cllk     ; None                        ; None                      ; 1.806 ns                ;
; N/A                                     ; 216.03 MHz ( period = 4.629 ns )                    ; master_device:inst2|lpm_counter5:inst10|lpm_counter:lpm_counter_component|cntr_vvi:auto_generated|safe_q[3] ; master_device:inst2|lpm_counter5:inst10|lpm_counter:lpm_counter_component|cntr_vvi:auto_generated|safe_q[0] ; cllk       ; cllk     ; None                        ; None                      ; 1.806 ns                ;
; N/A                                     ; 217.30 MHz ( period = 4.602 ns )                    ; master_device:inst2|lpm_counter5:inst10|lpm_counter:lpm_counter_component|cntr_vvi:auto_generated|safe_q[6] ; master_device:inst2|lpm_counter5:inst10|lpm_counter:lpm_counter_component|cntr_vvi:auto_generated|safe_q[2] ; cllk       ; cllk     ; None                        ; None                      ; 1.779 ns                ;
; N/A                                     ; 217.30 MHz ( period = 4.602 ns )                    ; master_device:inst2|lpm_counter5:inst10|lpm_counter:lpm_counter_component|cntr_vvi:auto_generated|safe_q[6] ; master_device:inst2|lpm_counter5:inst10|lpm_counter:lpm_counter_component|cntr_vvi:auto_generated|safe_q[1] ; cllk       ; cllk     ; None                        ; None                      ; 1.779 ns                ;
; N/A                                     ; 217.30 MHz ( period = 4.602 ns )                    ; master_device:inst2|lpm_counter5:inst10|lpm_counter:lpm_counter_component|cntr_vvi:auto_generated|safe_q[6] ; master_device:inst2|lpm_counter5:inst10|lpm_counter:lpm_counter_component|cntr_vvi:auto_generated|safe_q[0] ; cllk       ; cllk     ; None                        ; None                      ; 1.779 ns                ;
; N/A                                     ; 217.44 MHz ( period = 4.599 ns )                    ; master_device:inst5|lpm_counter5:inst10|lpm_counter:lpm_counter_component|cntr_vvi:auto_generated|safe_q[7] ; master_device:inst5|lpm_counter5:inst10|lpm_counter:lpm_counter_component|cntr_vvi:auto_generated|safe_q[2] ; cllk       ; cllk     ; None                        ; None                      ; 1.748 ns                ;
; N/A                                     ; 217.44 MHz ( period = 4.599 ns )                    ; master_device:inst5|lpm_counter5:inst10|lpm_counter:lpm_counter_component|cntr_vvi:auto_generated|safe_q[7] ; master_device:inst5|lpm_counter5:inst10|lpm_counter:lpm_counter_component|cntr_vvi:auto_generated|safe_q[1] ; cllk       ; cllk     ; None                        ; None                      ; 1.748 ns                ;
; N/A                                     ; 217.44 MHz ( period = 4.599 ns )                    ; master_device:inst5|lpm_counter5:inst10|lpm_counter:lpm_counter_component|cntr_vvi:auto_generated|safe_q[7] ; master_device:inst5|lpm_counter5:inst10|lpm_counter:lpm_counter_component|cntr_vvi:auto_generated|safe_q[0] ; cllk       ; cllk     ; None                        ; None                      ; 1.748 ns                ;
; N/A                                     ; 217.68 MHz ( period = 4.594 ns )                    ; master_device:inst2|lpm_counter5:inst10|lpm_counter:lpm_counter_component|cntr_vvi:auto_generated|safe_q[4] ; master_device:inst2|lpm_counter5:inst10|lpm_counter:lpm_counter_component|cntr_vvi:auto_generated|safe_q[2] ; cllk       ; cllk     ; None                        ; None                      ; 1.771 ns                ;
; N/A                                     ; 217.68 MHz ( period = 4.594 ns )                    ; master_device:inst2|lpm_counter5:inst10|lpm_counter:lpm_counter_component|cntr_vvi:auto_generated|safe_q[4] ; master_device:inst2|lpm_counter5:inst10|lpm_counter:lpm_counter_component|cntr_vvi:auto_generated|safe_q[1] ; cllk       ; cllk     ; None                        ; None                      ; 1.771 ns                ;
; N/A                                     ; 217.68 MHz ( period = 4.594 ns )                    ; master_device:inst2|lpm_counter5:inst10|lpm_counter:lpm_counter_component|cntr_vvi:auto_generated|safe_q[4] ; master_device:inst2|lpm_counter5:inst10|lpm_counter:lpm_counter_component|cntr_vvi:auto_generated|safe_q[0] ; cllk       ; cllk     ; None                        ; None                      ; 1.771 ns                ;
; N/A                                     ; 217.91 MHz ( period = 4.589 ns )                    ; master_device:inst5|lpm_counter5:inst10|lpm_counter:lpm_counter_component|cntr_vvi:auto_generated|safe_q[5] ; master_device:inst5|lpm_counter5:inst10|lpm_counter:lpm_counter_component|cntr_vvi:auto_generated|safe_q[2] ; cllk       ; cllk     ; None                        ; None                      ; 1.738 ns                ;
; N/A                                     ; 217.91 MHz ( period = 4.589 ns )                    ; master_device:inst5|lpm_counter5:inst10|lpm_counter:lpm_counter_component|cntr_vvi:auto_generated|safe_q[5] ; master_device:inst5|lpm_counter5:inst10|lpm_counter:lpm_counter_component|cntr_vvi:auto_generated|safe_q[1] ; cllk       ; cllk     ; None                        ; None                      ; 1.738 ns                ;
; N/A                                     ; 217.91 MHz ( period = 4.589 ns )                    ; master_device:inst5|lpm_counter5:inst10|lpm_counter:lpm_counter_component|cntr_vvi:auto_generated|safe_q[5] ; master_device:inst5|lpm_counter5:inst10|lpm_counter:lpm_counter_component|cntr_vvi:auto_generated|safe_q[0] ; cllk       ; cllk     ; None                        ; None                      ; 1.738 ns                ;
; N/A                                     ; 218.72 MHz ( period = 4.572 ns )                    ; master_device:inst2|lpm_counter5:inst10|lpm_counter:lpm_counter_component|cntr_vvi:auto_generated|safe_q[7] ; master_device:inst2|lpm_counter5:inst10|lpm_counter:lpm_counter_component|cntr_vvi:auto_generated|safe_q[2] ; cllk       ; cllk     ; None                        ; None                      ; 1.749 ns                ;
; N/A                                     ; 218.72 MHz ( period = 4.572 ns )                    ; master_device:inst2|lpm_counter5:inst10|lpm_counter:lpm_counter_component|cntr_vvi:auto_generated|safe_q[7] ; master_device:inst2|lpm_counter5:inst10|lpm_counter:lpm_counter_component|cntr_vvi:auto_generated|safe_q[1] ; cllk       ; cllk     ; None                        ; None                      ; 1.749 ns                ;
; N/A                                     ; 218.72 MHz ( period = 4.572 ns )                    ; master_device:inst2|lpm_counter5:inst10|lpm_counter:lpm_counter_component|cntr_vvi:auto_generated|safe_q[7] ; master_device:inst2|lpm_counter5:inst10|lpm_counter:lpm_counter_component|cntr_vvi:auto_generated|safe_q[0] ; cllk       ; cllk     ; None                        ; None                      ; 1.749 ns                ;
; N/A                                     ; 219.35 MHz ( period = 4.559 ns )                    ; master_device:inst2|lpm_counter5:inst10|lpm_counter:lpm_counter_component|cntr_vvi:auto_generated|safe_q[5] ; master_device:inst2|lpm_counter5:inst10|lpm_counter:lpm_counter_component|cntr_vvi:auto_generated|safe_q[2] ; cllk       ; cllk     ; None                        ; None                      ; 1.736 ns                ;
; N/A                                     ; 219.35 MHz ( period = 4.559 ns )                    ; master_device:inst2|lpm_counter5:inst10|lpm_counter:lpm_counter_component|cntr_vvi:auto_generated|safe_q[5] ; master_device:inst2|lpm_counter5:inst10|lpm_counter:lpm_counter_component|cntr_vvi:auto_generated|safe_q[1] ; cllk       ; cllk     ; None                        ; None                      ; 1.736 ns                ;
; N/A                                     ; 219.35 MHz ( period = 4.559 ns )                    ; master_device:inst2|lpm_counter5:inst10|lpm_counter:lpm_counter_component|cntr_vvi:auto_generated|safe_q[5] ; master_device:inst2|lpm_counter5:inst10|lpm_counter:lpm_counter_component|cntr_vvi:auto_generated|safe_q[0] ; cllk       ; cllk     ; None                        ; None                      ; 1.736 ns                ;
; N/A                                     ; 219.59 MHz ( period = 4.554 ns )                    ; master_device:inst5|lpm_counter5:inst10|lpm_counter:lpm_counter_component|cntr_vvi:auto_generated|safe_q[6] ; master_device:inst5|lpm_counter5:inst10|lpm_counter:lpm_counter_component|cntr_vvi:auto_generated|safe_q[2] ; cllk       ; cllk     ; None                        ; None                      ; 1.703 ns                ;
; N/A                                     ; 219.59 MHz ( period = 4.554 ns )                    ; master_device:inst5|lpm_counter5:inst10|lpm_counter:lpm_counter_component|cntr_vvi:auto_generated|safe_q[6] ; master_device:inst5|lpm_counter5:inst10|lpm_counter:lpm_counter_component|cntr_vvi:auto_generated|safe_q[1] ; cllk       ; cllk     ; None                        ; None                      ; 1.703 ns                ;
; N/A                                     ; 219.59 MHz ( period = 4.554 ns )                    ; master_device:inst5|lpm_counter5:inst10|lpm_counter:lpm_counter_component|cntr_vvi:auto_generated|safe_q[6] ; master_device:inst5|lpm_counter5:inst10|lpm_counter:lpm_counter_component|cntr_vvi:auto_generated|safe_q[0] ; cllk       ; cllk     ; None                        ; None                      ; 1.703 ns                ;
; N/A                                     ; 234.96 MHz ( period = 4.256 ns )                    ; master_device:inst5|inst22                                                                                  ; master_device:inst5|inst14                                                                                  ; cllk       ; cllk     ; None                        ; None                      ; 0.770 ns                ;
; N/A                                     ; 240.10 MHz ( period = 4.165 ns )                    ; master_device:inst2|inst22                                                                                  ; master_device:inst2|inst14                                                                                  ; cllk       ; cllk     ; None                        ; None                      ; 0.694 ns                ;
; N/A                                     ; 318.67 MHz ( period = 3.138 ns )                    ; master_device:inst4|lpm_counter5:inst10|lpm_counter:lpm_counter_component|cntr_vvi:auto_generated|safe_q[0] ; master_device:inst4|lpm_counter5:inst10|lpm_counter:lpm_counter_component|cntr_vvi:auto_generated|safe_q[2] ; cllk       ; cllk     ; None                        ; None                      ; 1.938 ns                ;
; N/A                                     ; 318.67 MHz ( period = 3.138 ns )                    ; master_device:inst4|lpm_counter5:inst10|lpm_counter:lpm_counter_component|cntr_vvi:auto_generated|safe_q[0] ; master_device:inst4|lpm_counter5:inst10|lpm_counter:lpm_counter_component|cntr_vvi:auto_generated|safe_q[0] ; cllk       ; cllk     ; None                        ; None                      ; 1.938 ns                ;
; N/A                                     ; 318.67 MHz ( period = 3.138 ns )                    ; master_device:inst4|lpm_counter5:inst10|lpm_counter:lpm_counter_component|cntr_vvi:auto_generated|safe_q[0] ; master_device:inst4|lpm_counter5:inst10|lpm_counter:lpm_counter_component|cntr_vvi:auto_generated|safe_q[1] ; cllk       ; cllk     ; None                        ; None                      ; 1.938 ns                ;
; N/A                                     ; 322.27 MHz ( period = 3.103 ns )                    ; master_device:inst4|lpm_counter5:inst10|lpm_counter:lpm_counter_component|cntr_vvi:auto_generated|safe_q[1] ; master_device:inst4|lpm_counter5:inst10|lpm_counter:lpm_counter_component|cntr_vvi:auto_generated|safe_q[2] ; cllk       ; cllk     ; None                        ; None                      ; 1.903 ns                ;
; N/A                                     ; 322.27 MHz ( period = 3.103 ns )                    ; master_device:inst4|lpm_counter5:inst10|lpm_counter:lpm_counter_component|cntr_vvi:auto_generated|safe_q[1] ; master_device:inst4|lpm_counter5:inst10|lpm_counter:lpm_counter_component|cntr_vvi:auto_generated|safe_q[0] ; cllk       ; cllk     ; None                        ; None                      ; 1.903 ns                ;
; N/A                                     ; 322.27 MHz ( period = 3.103 ns )                    ; master_device:inst4|lpm_counter5:inst10|lpm_counter:lpm_counter_component|cntr_vvi:auto_generated|safe_q[1] ; master_device:inst4|lpm_counter5:inst10|lpm_counter:lpm_counter_component|cntr_vvi:auto_generated|safe_q[1] ; cllk       ; cllk     ; None                        ; None                      ; 1.903 ns                ;
; N/A                                     ; 325.95 MHz ( period = 3.068 ns )                    ; master_device:inst4|lpm_counter5:inst10|lpm_counter:lpm_counter_component|cntr_vvi:auto_generated|safe_q[2] ; master_device:inst4|lpm_counter5:inst10|lpm_counter:lpm_counter_component|cntr_vvi:auto_generated|safe_q[2] ; cllk       ; cllk     ; None                        ; None                      ; 1.868 ns                ;
; N/A                                     ; 325.95 MHz ( period = 3.068 ns )                    ; master_device:inst4|lpm_counter5:inst10|lpm_counter:lpm_counter_component|cntr_vvi:auto_generated|safe_q[2] ; master_device:inst4|lpm_counter5:inst10|lpm_counter:lpm_counter_component|cntr_vvi:auto_generated|safe_q[0] ; cllk       ; cllk     ; None                        ; None                      ; 1.868 ns                ;
; N/A                                     ; 325.95 MHz ( period = 3.068 ns )                    ; master_device:inst4|lpm_counter5:inst10|lpm_counter:lpm_counter_component|cntr_vvi:auto_generated|safe_q[2] ; master_device:inst4|lpm_counter5:inst10|lpm_counter:lpm_counter_component|cntr_vvi:auto_generated|safe_q[1] ; cllk       ; cllk     ; None                        ; None                      ; 1.868 ns                ;
; N/A                                     ; 328.73 MHz ( period = 3.042 ns )                    ; master_device:inst4|lpm_counter5:inst10|lpm_counter:lpm_counter_component|cntr_vvi:auto_generated|safe_q[3] ; master_device:inst4|lpm_counter5:inst10|lpm_counter:lpm_counter_component|cntr_vvi:auto_generated|safe_q[4] ; cllk       ; cllk     ; None                        ; None                      ; 1.842 ns                ;
; N/A                                     ; 328.73 MHz ( period = 3.042 ns )                    ; master_device:inst4|lpm_counter5:inst10|lpm_counter:lpm_counter_component|cntr_vvi:auto_generated|safe_q[3] ; master_device:inst4|lpm_counter5:inst10|lpm_counter:lpm_counter_component|cntr_vvi:auto_generated|safe_q[3] ; cllk       ; cllk     ; None                        ; None                      ; 1.842 ns                ;
; N/A                                     ; 328.73 MHz ( period = 3.042 ns )                    ; master_device:inst4|lpm_counter5:inst10|lpm_counter:lpm_counter_component|cntr_vvi:auto_generated|safe_q[3] ; master_device:inst4|lpm_counter5:inst10|lpm_counter:lpm_counter_component|cntr_vvi:auto_generated|safe_q[5] ; cllk       ; cllk     ; None                        ; None                      ; 1.842 ns                ;
; N/A                                     ; 328.73 MHz ( period = 3.042 ns )                    ; master_device:inst4|lpm_counter5:inst10|lpm_counter:lpm_counter_component|cntr_vvi:auto_generated|safe_q[3] ; master_device:inst4|lpm_counter5:inst10|lpm_counter:lpm_counter_component|cntr_vvi:auto_generated|safe_q[6] ; cllk       ; cllk     ; None                        ; None                      ; 1.842 ns                ;
; N/A                                     ; 328.73 MHz ( period = 3.042 ns )                    ; master_device:inst4|lpm_counter5:inst10|lpm_counter:lpm_counter_component|cntr_vvi:auto_generated|safe_q[3] ; master_device:inst4|lpm_counter5:inst10|lpm_counter:lpm_counter_component|cntr_vvi:auto_generated|safe_q[7] ; cllk       ; cllk     ; None                        ; None                      ; 1.842 ns                ;
; N/A                                     ; 333.56 MHz ( period = 2.998 ns )                    ; master_device:inst4|lpm_counter5:inst10|lpm_counter:lpm_counter_component|cntr_vvi:auto_generated|safe_q[4] ; master_device:inst4|lpm_counter5:inst10|lpm_counter:lpm_counter_component|cntr_vvi:auto_generated|safe_q[4] ; cllk       ; cllk     ; None                        ; None                      ; 1.798 ns                ;
; N/A                                     ; 333.56 MHz ( period = 2.998 ns )                    ; master_device:inst4|lpm_counter5:inst10|lpm_counter:lpm_counter_component|cntr_vvi:auto_generated|safe_q[4] ; master_device:inst4|lpm_counter5:inst10|lpm_counter:lpm_counter_component|cntr_vvi:auto_generated|safe_q[3] ; cllk       ; cllk     ; None                        ; None                      ; 1.798 ns                ;
; N/A                                     ; 333.56 MHz ( period = 2.998 ns )                    ; master_device:inst4|lpm_counter5:inst10|lpm_counter:lpm_counter_component|cntr_vvi:auto_generated|safe_q[4] ; master_device:inst4|lpm_counter5:inst10|lpm_counter:lpm_counter_component|cntr_vvi:auto_generated|safe_q[5] ; cllk       ; cllk     ; None                        ; None                      ; 1.798 ns                ;
; N/A                                     ; 333.56 MHz ( period = 2.998 ns )                    ; master_device:inst4|lpm_counter5:inst10|lpm_counter:lpm_counter_component|cntr_vvi:auto_generated|safe_q[4] ; master_device:inst4|lpm_counter5:inst10|lpm_counter:lpm_counter_component|cntr_vvi:auto_generated|safe_q[6] ; cllk       ; cllk     ; None                        ; None                      ; 1.798 ns                ;
; N/A                                     ; 333.56 MHz ( period = 2.998 ns )                    ; master_device:inst4|lpm_counter5:inst10|lpm_counter:lpm_counter_component|cntr_vvi:auto_generated|safe_q[4] ; master_device:inst4|lpm_counter5:inst10|lpm_counter:lpm_counter_component|cntr_vvi:auto_generated|safe_q[7] ; cllk       ; cllk     ; None                        ; None                      ; 1.798 ns                ;
; N/A                                     ; 337.50 MHz ( period = 2.963 ns )                    ; master_device:inst4|lpm_counter5:inst10|lpm_counter:lpm_counter_component|cntr_vvi:auto_generated|safe_q[5] ; master_device:inst4|lpm_counter5:inst10|lpm_counter:lpm_counter_component|cntr_vvi:auto_generated|safe_q[4] ; cllk       ; cllk     ; None                        ; None                      ; 1.763 ns                ;
; N/A                                     ; 337.50 MHz ( period = 2.963 ns )                    ; master_device:inst4|lpm_counter5:inst10|lpm_counter:lpm_counter_component|cntr_vvi:auto_generated|safe_q[5] ; master_device:inst4|lpm_counter5:inst10|lpm_counter:lpm_counter_component|cntr_vvi:auto_generated|safe_q[3] ; cllk       ; cllk     ; None                        ; None                      ; 1.763 ns                ;
; N/A                                     ; 337.50 MHz ( period = 2.963 ns )                    ; master_device:inst4|lpm_counter5:inst10|lpm_counter:lpm_counter_component|cntr_vvi:auto_generated|safe_q[5] ; master_device:inst4|lpm_counter5:inst10|lpm_counter:lpm_counter_component|cntr_vvi:auto_generated|safe_q[5] ; cllk       ; cllk     ; None                        ; None                      ; 1.763 ns                ;
; N/A                                     ; 337.50 MHz ( period = 2.963 ns )                    ; master_device:inst4|lpm_counter5:inst10|lpm_counter:lpm_counter_component|cntr_vvi:auto_generated|safe_q[5] ; master_device:inst4|lpm_counter5:inst10|lpm_counter:lpm_counter_component|cntr_vvi:auto_generated|safe_q[6] ; cllk       ; cllk     ; None                        ; None                      ; 1.763 ns                ;
; N/A                                     ; 337.50 MHz ( period = 2.963 ns )                    ; master_device:inst4|lpm_counter5:inst10|lpm_counter:lpm_counter_component|cntr_vvi:auto_generated|safe_q[5] ; master_device:inst4|lpm_counter5:inst10|lpm_counter:lpm_counter_component|cntr_vvi:auto_generated|safe_q[7] ; cllk       ; cllk     ; None                        ; None                      ; 1.763 ns                ;
; N/A                                     ; 341.53 MHz ( period = 2.928 ns )                    ; master_device:inst4|lpm_counter5:inst10|lpm_counter:lpm_counter_component|cntr_vvi:auto_generated|safe_q[6] ; master_device:inst4|lpm_counter5:inst10|lpm_counter:lpm_counter_component|cntr_vvi:auto_generated|safe_q[4] ; cllk       ; cllk     ; None                        ; None                      ; 1.728 ns                ;
; N/A                                     ; 341.53 MHz ( period = 2.928 ns )                    ; master_device:inst4|lpm_counter5:inst10|lpm_counter:lpm_counter_component|cntr_vvi:auto_generated|safe_q[6] ; master_device:inst4|lpm_counter5:inst10|lpm_counter:lpm_counter_component|cntr_vvi:auto_generated|safe_q[3] ; cllk       ; cllk     ; None                        ; None                      ; 1.728 ns                ;
; N/A                                     ; 341.53 MHz ( period = 2.928 ns )                    ; master_device:inst4|lpm_counter5:inst10|lpm_counter:lpm_counter_component|cntr_vvi:auto_generated|safe_q[6] ; master_device:inst4|lpm_counter5:inst10|lpm_counter:lpm_counter_component|cntr_vvi:auto_generated|safe_q[5] ; cllk       ; cllk     ; None                        ; None                      ; 1.728 ns                ;
; N/A                                     ; 341.53 MHz ( period = 2.928 ns )                    ; master_device:inst4|lpm_counter5:inst10|lpm_counter:lpm_counter_component|cntr_vvi:auto_generated|safe_q[6] ; master_device:inst4|lpm_counter5:inst10|lpm_counter:lpm_counter_component|cntr_vvi:auto_generated|safe_q[6] ; cllk       ; cllk     ; None                        ; None                      ; 1.728 ns                ;
; N/A                                     ; 341.53 MHz ( period = 2.928 ns )                    ; master_device:inst4|lpm_counter5:inst10|lpm_counter:lpm_counter_component|cntr_vvi:auto_generated|safe_q[6] ; master_device:inst4|lpm_counter5:inst10|lpm_counter:lpm_counter_component|cntr_vvi:auto_generated|safe_q[7] ; cllk       ; cllk     ; None                        ; None                      ; 1.728 ns                ;
; N/A                                     ; 342.11 MHz ( period = 2.923 ns )                    ; master_device:inst5|lpm_counter5:inst10|lpm_counter:lpm_counter_component|cntr_vvi:auto_generated|safe_q[0] ; master_device:inst5|lpm_counter5:inst10|lpm_counter:lpm_counter_component|cntr_vvi:auto_generated|safe_q[2] ; cllk       ; cllk     ; None                        ; None                      ; 1.913 ns                ;
; N/A                                     ; 342.11 MHz ( period = 2.923 ns )                    ; master_device:inst5|lpm_counter5:inst10|lpm_counter:lpm_counter_component|cntr_vvi:auto_generated|safe_q[0] ; master_device:inst5|lpm_counter5:inst10|lpm_counter:lpm_counter_component|cntr_vvi:auto_generated|safe_q[1] ; cllk       ; cllk     ; None                        ; None                      ; 1.913 ns                ;
; N/A                                     ; 342.11 MHz ( period = 2.923 ns )                    ; master_device:inst5|lpm_counter5:inst10|lpm_counter:lpm_counter_component|cntr_vvi:auto_generated|safe_q[0] ; master_device:inst5|lpm_counter5:inst10|lpm_counter:lpm_counter_component|cntr_vvi:auto_generated|safe_q[0] ; cllk       ; cllk     ; None                        ; None                      ; 1.913 ns                ;
; N/A                                     ; 346.26 MHz ( period = 2.888 ns )                    ; master_device:inst5|lpm_counter5:inst10|lpm_counter:lpm_counter_component|cntr_vvi:auto_generated|safe_q[1] ; master_device:inst5|lpm_counter5:inst10|lpm_counter:lpm_counter_component|cntr_vvi:auto_generated|safe_q[2] ; cllk       ; cllk     ; None                        ; None                      ; 1.878 ns                ;
; N/A                                     ; 346.26 MHz ( period = 2.888 ns )                    ; master_device:inst5|lpm_counter5:inst10|lpm_counter:lpm_counter_component|cntr_vvi:auto_generated|safe_q[1] ; master_device:inst5|lpm_counter5:inst10|lpm_counter:lpm_counter_component|cntr_vvi:auto_generated|safe_q[1] ; cllk       ; cllk     ; None                        ; None                      ; 1.878 ns                ;
; N/A                                     ; 346.26 MHz ( period = 2.888 ns )                    ; master_device:inst5|lpm_counter5:inst10|lpm_counter:lpm_counter_component|cntr_vvi:auto_generated|safe_q[1] ; master_device:inst5|lpm_counter5:inst10|lpm_counter:lpm_counter_component|cntr_vvi:auto_generated|safe_q[0] ; cllk       ; cllk     ; None                        ; None                      ; 1.878 ns                ;
; N/A                                     ; 346.74 MHz ( period = 2.884 ns )                    ; master_device:inst2|lpm_counter5:inst10|lpm_counter:lpm_counter_component|cntr_vvi:auto_generated|safe_q[0] ; master_device:inst2|lpm_counter5:inst10|lpm_counter:lpm_counter_component|cntr_vvi:auto_generated|safe_q[2] ; cllk       ; cllk     ; None                        ; None                      ; 1.911 ns                ;
; N/A                                     ; 346.74 MHz ( period = 2.884 ns )                    ; master_device:inst2|lpm_counter5:inst10|lpm_counter:lpm_counter_component|cntr_vvi:auto_generated|safe_q[0] ; master_device:inst2|lpm_counter5:inst10|lpm_counter:lpm_counter_component|cntr_vvi:auto_generated|safe_q[1] ; cllk       ; cllk     ; None                        ; None                      ; 1.911 ns                ;
; N/A                                     ; 346.74 MHz ( period = 2.884 ns )                    ; master_device:inst2|lpm_counter5:inst10|lpm_counter:lpm_counter_component|cntr_vvi:auto_generated|safe_q[0] ; master_device:inst2|lpm_counter5:inst10|lpm_counter:lpm_counter_component|cntr_vvi:auto_generated|safe_q[0] ; cllk       ; cllk     ; None                        ; None                      ; 1.911 ns                ;
; N/A                                     ; 348.31 MHz ( period = 2.871 ns )                    ; master_device:inst4|lpm_counter5:inst10|lpm_counter:lpm_counter_component|cntr_vvi:auto_generated|safe_q[7] ; master_device:inst4|lpm_counter5:inst10|lpm_counter:lpm_counter_component|cntr_vvi:auto_generated|safe_q[4] ; cllk       ; cllk     ; None                        ; None                      ; 1.671 ns                ;
; N/A                                     ; 348.31 MHz ( period = 2.871 ns )                    ; master_device:inst4|lpm_counter5:inst10|lpm_counter:lpm_counter_component|cntr_vvi:auto_generated|safe_q[7] ; master_device:inst4|lpm_counter5:inst10|lpm_counter:lpm_counter_component|cntr_vvi:auto_generated|safe_q[3] ; cllk       ; cllk     ; None                        ; None                      ; 1.671 ns                ;
; N/A                                     ; 348.31 MHz ( period = 2.871 ns )                    ; master_device:inst4|lpm_counter5:inst10|lpm_counter:lpm_counter_component|cntr_vvi:auto_generated|safe_q[7] ; master_device:inst4|lpm_counter5:inst10|lpm_counter:lpm_counter_component|cntr_vvi:auto_generated|safe_q[5] ; cllk       ; cllk     ; None                        ; None                      ; 1.671 ns                ;
; N/A                                     ; 348.31 MHz ( period = 2.871 ns )                    ; master_device:inst4|lpm_counter5:inst10|lpm_counter:lpm_counter_component|cntr_vvi:auto_generated|safe_q[7] ; master_device:inst4|lpm_counter5:inst10|lpm_counter:lpm_counter_component|cntr_vvi:auto_generated|safe_q[6] ; cllk       ; cllk     ; None                        ; None                      ; 1.671 ns                ;
; N/A                                     ; 348.31 MHz ( period = 2.871 ns )                    ; master_device:inst4|lpm_counter5:inst10|lpm_counter:lpm_counter_component|cntr_vvi:auto_generated|safe_q[7] ; master_device:inst4|lpm_counter5:inst10|lpm_counter:lpm_counter_component|cntr_vvi:auto_generated|safe_q[7] ; cllk       ; cllk     ; None                        ; None                      ; 1.671 ns                ;
; N/A                                     ; 349.65 MHz ( period = 2.860 ns )                    ; arbitr:inst|inst                                                                                            ; arbitr:inst|inst                                                                                            ; cllk       ; cllk     ; None                        ; None                      ; 2.676 ns                ;
; N/A                                     ; 350.39 MHz ( period = 2.854 ns )                    ; master_device:inst2|inst24                                                                                  ; arbitr:inst|inst                                                                                            ; cllk       ; cllk     ; None                        ; None                      ; 2.670 ns                ;
; N/A                                     ; 350.51 MHz ( period = 2.853 ns )                    ; master_device:inst5|lpm_counter5:inst10|lpm_counter:lpm_counter_component|cntr_vvi:auto_generated|safe_q[2] ; master_device:inst5|lpm_counter5:inst10|lpm_counter:lpm_counter_component|cntr_vvi:auto_generated|safe_q[2] ; cllk       ; cllk     ; None                        ; None                      ; 1.843 ns                ;
; N/A                                     ; 350.51 MHz ( period = 2.853 ns )                    ; master_device:inst5|lpm_counter5:inst10|lpm_counter:lpm_counter_component|cntr_vvi:auto_generated|safe_q[2] ; master_device:inst5|lpm_counter5:inst10|lpm_counter:lpm_counter_component|cntr_vvi:auto_generated|safe_q[1] ; cllk       ; cllk     ; None                        ; None                      ; 1.843 ns                ;
; N/A                                     ; 350.51 MHz ( period = 2.853 ns )                    ; master_device:inst5|lpm_counter5:inst10|lpm_counter:lpm_counter_component|cntr_vvi:auto_generated|safe_q[2] ; master_device:inst5|lpm_counter5:inst10|lpm_counter:lpm_counter_component|cntr_vvi:auto_generated|safe_q[0] ; cllk       ; cllk     ; None                        ; None                      ; 1.843 ns                ;
; N/A                                     ; 351.00 MHz ( period = 2.849 ns )                    ; master_device:inst2|lpm_counter5:inst10|lpm_counter:lpm_counter_component|cntr_vvi:auto_generated|safe_q[1] ; master_device:inst2|lpm_counter5:inst10|lpm_counter:lpm_counter_component|cntr_vvi:auto_generated|safe_q[2] ; cllk       ; cllk     ; None                        ; None                      ; 1.876 ns                ;
; N/A                                     ; 351.00 MHz ( period = 2.849 ns )                    ; master_device:inst2|lpm_counter5:inst10|lpm_counter:lpm_counter_component|cntr_vvi:auto_generated|safe_q[1] ; master_device:inst2|lpm_counter5:inst10|lpm_counter:lpm_counter_component|cntr_vvi:auto_generated|safe_q[1] ; cllk       ; cllk     ; None                        ; None                      ; 1.876 ns                ;
; N/A                                     ; 351.00 MHz ( period = 2.849 ns )                    ; master_device:inst2|lpm_counter5:inst10|lpm_counter:lpm_counter_component|cntr_vvi:auto_generated|safe_q[1] ; master_device:inst2|lpm_counter5:inst10|lpm_counter:lpm_counter_component|cntr_vvi:auto_generated|safe_q[0] ; cllk       ; cllk     ; None                        ; None                      ; 1.876 ns                ;
; N/A                                     ; 354.86 MHz ( period = 2.818 ns )                    ; master_device:inst5|lpm_counter5:inst10|lpm_counter:lpm_counter_component|cntr_vvi:auto_generated|safe_q[3] ; master_device:inst5|lpm_counter5:inst10|lpm_counter:lpm_counter_component|cntr_vvi:auto_generated|safe_q[4] ; cllk       ; cllk     ; None                        ; None                      ; 1.808 ns                ;
; N/A                                     ; 354.86 MHz ( period = 2.818 ns )                    ; master_device:inst5|lpm_counter5:inst10|lpm_counter:lpm_counter_component|cntr_vvi:auto_generated|safe_q[3] ; master_device:inst5|lpm_counter5:inst10|lpm_counter:lpm_counter_component|cntr_vvi:auto_generated|safe_q[7] ; cllk       ; cllk     ; None                        ; None                      ; 1.808 ns                ;
; N/A                                     ; 354.86 MHz ( period = 2.818 ns )                    ; master_device:inst5|lpm_counter5:inst10|lpm_counter:lpm_counter_component|cntr_vvi:auto_generated|safe_q[3] ; master_device:inst5|lpm_counter5:inst10|lpm_counter:lpm_counter_component|cntr_vvi:auto_generated|safe_q[3] ; cllk       ; cllk     ; None                        ; None                      ; 1.808 ns                ;
; N/A                                     ; 354.86 MHz ( period = 2.818 ns )                    ; master_device:inst5|lpm_counter5:inst10|lpm_counter:lpm_counter_component|cntr_vvi:auto_generated|safe_q[3] ; master_device:inst5|lpm_counter5:inst10|lpm_counter:lpm_counter_component|cntr_vvi:auto_generated|safe_q[6] ; cllk       ; cllk     ; None                        ; None                      ; 1.808 ns                ;
; N/A                                     ; 354.86 MHz ( period = 2.818 ns )                    ; master_device:inst5|lpm_counter5:inst10|lpm_counter:lpm_counter_component|cntr_vvi:auto_generated|safe_q[3] ; master_device:inst5|lpm_counter5:inst10|lpm_counter:lpm_counter_component|cntr_vvi:auto_generated|safe_q[5] ; cllk       ; cllk     ; None                        ; None                      ; 1.808 ns                ;
; N/A                                     ; 355.37 MHz ( period = 2.814 ns )                    ; master_device:inst2|lpm_counter5:inst10|lpm_counter:lpm_counter_component|cntr_vvi:auto_generated|safe_q[2] ; master_device:inst2|lpm_counter5:inst10|lpm_counter:lpm_counter_component|cntr_vvi:auto_generated|safe_q[2] ; cllk       ; cllk     ; None                        ; None                      ; 1.841 ns                ;
; N/A                                     ; 355.37 MHz ( period = 2.814 ns )                    ; master_device:inst2|lpm_counter5:inst10|lpm_counter:lpm_counter_component|cntr_vvi:auto_generated|safe_q[2] ; master_device:inst2|lpm_counter5:inst10|lpm_counter:lpm_counter_component|cntr_vvi:auto_generated|safe_q[1] ; cllk       ; cllk     ; None                        ; None                      ; 1.841 ns                ;
; N/A                                     ; 355.37 MHz ( period = 2.814 ns )                    ; master_device:inst2|lpm_counter5:inst10|lpm_counter:lpm_counter_component|cntr_vvi:auto_generated|safe_q[2] ; master_device:inst2|lpm_counter5:inst10|lpm_counter:lpm_counter_component|cntr_vvi:auto_generated|safe_q[0] ; cllk       ; cllk     ; None                        ; None                      ; 1.841 ns                ;
; N/A                                     ; 358.04 MHz ( period = 2.793 ns )                    ; master_device:inst5|lpm_counter5:inst10|lpm_counter:lpm_counter_component|cntr_vvi:auto_generated|safe_q[4] ; master_device:inst5|lpm_counter5:inst10|lpm_counter:lpm_counter_component|cntr_vvi:auto_generated|safe_q[4] ; cllk       ; cllk     ; None                        ; None                      ; 1.783 ns                ;
; N/A                                     ; 358.04 MHz ( period = 2.793 ns )                    ; master_device:inst5|lpm_counter5:inst10|lpm_counter:lpm_counter_component|cntr_vvi:auto_generated|safe_q[4] ; master_device:inst5|lpm_counter5:inst10|lpm_counter:lpm_counter_component|cntr_vvi:auto_generated|safe_q[7] ; cllk       ; cllk     ; None                        ; None                      ; 1.783 ns                ;
; N/A                                     ; 358.04 MHz ( period = 2.793 ns )                    ; master_device:inst5|lpm_counter5:inst10|lpm_counter:lpm_counter_component|cntr_vvi:auto_generated|safe_q[4] ; master_device:inst5|lpm_counter5:inst10|lpm_counter:lpm_counter_component|cntr_vvi:auto_generated|safe_q[3] ; cllk       ; cllk     ; None                        ; None                      ; 1.783 ns                ;
; N/A                                     ; 358.04 MHz ( period = 2.793 ns )                    ; master_device:inst5|lpm_counter5:inst10|lpm_counter:lpm_counter_component|cntr_vvi:auto_generated|safe_q[4] ; master_device:inst5|lpm_counter5:inst10|lpm_counter:lpm_counter_component|cntr_vvi:auto_generated|safe_q[6] ; cllk       ; cllk     ; None                        ; None                      ; 1.783 ns                ;
; N/A                                     ; 358.04 MHz ( period = 2.793 ns )                    ; master_device:inst5|lpm_counter5:inst10|lpm_counter:lpm_counter_component|cntr_vvi:auto_generated|safe_q[4] ; master_device:inst5|lpm_counter5:inst10|lpm_counter:lpm_counter_component|cntr_vvi:auto_generated|safe_q[5] ; cllk       ; cllk     ; None                        ; None                      ; 1.783 ns                ;
; N/A                                     ; 359.84 MHz ( period = 2.779 ns )                    ; master_device:inst2|lpm_counter5:inst10|lpm_counter:lpm_counter_component|cntr_vvi:auto_generated|safe_q[3] ; master_device:inst2|lpm_counter5:inst10|lpm_counter:lpm_counter_component|cntr_vvi:auto_generated|safe_q[6] ; cllk       ; cllk     ; None                        ; None                      ; 1.806 ns                ;
; N/A                                     ; 359.84 MHz ( period = 2.779 ns )                    ; master_device:inst2|lpm_counter5:inst10|lpm_counter:lpm_counter_component|cntr_vvi:auto_generated|safe_q[3] ; master_device:inst2|lpm_counter5:inst10|lpm_counter:lpm_counter_component|cntr_vvi:auto_generated|safe_q[7] ; cllk       ; cllk     ; None                        ; None                      ; 1.806 ns                ;
; N/A                                     ; 359.84 MHz ( period = 2.779 ns )                    ; master_device:inst2|lpm_counter5:inst10|lpm_counter:lpm_counter_component|cntr_vvi:auto_generated|safe_q[3] ; master_device:inst2|lpm_counter5:inst10|lpm_counter:lpm_counter_component|cntr_vvi:auto_generated|safe_q[5] ; cllk       ; cllk     ; None                        ; None                      ; 1.806 ns                ;
; N/A                                     ; 359.84 MHz ( period = 2.779 ns )                    ; master_device:inst2|lpm_counter5:inst10|lpm_counter:lpm_counter_component|cntr_vvi:auto_generated|safe_q[3] ; master_device:inst2|lpm_counter5:inst10|lpm_counter:lpm_counter_component|cntr_vvi:auto_generated|safe_q[3] ; cllk       ; cllk     ; None                        ; None                      ; 1.806 ns                ;
; N/A                                     ; 359.84 MHz ( period = 2.779 ns )                    ; master_device:inst2|lpm_counter5:inst10|lpm_counter:lpm_counter_component|cntr_vvi:auto_generated|safe_q[3] ; master_device:inst2|lpm_counter5:inst10|lpm_counter:lpm_counter_component|cntr_vvi:auto_generated|safe_q[4] ; cllk       ; cllk     ; None                        ; None                      ; 1.806 ns                ;
; N/A                                     ; 362.58 MHz ( period = 2.758 ns )                    ; master_device:inst5|lpm_counter5:inst10|lpm_counter:lpm_counter_component|cntr_vvi:auto_generated|safe_q[7] ; master_device:inst5|lpm_counter5:inst10|lpm_counter:lpm_counter_component|cntr_vvi:auto_generated|safe_q[4] ; cllk       ; cllk     ; None                        ; None                      ; 1.748 ns                ;
; N/A                                     ; 362.58 MHz ( period = 2.758 ns )                    ; master_device:inst5|lpm_counter5:inst10|lpm_counter:lpm_counter_component|cntr_vvi:auto_generated|safe_q[7] ; master_device:inst5|lpm_counter5:inst10|lpm_counter:lpm_counter_component|cntr_vvi:auto_generated|safe_q[7] ; cllk       ; cllk     ; None                        ; None                      ; 1.748 ns                ;
; N/A                                     ; 362.58 MHz ( period = 2.758 ns )                    ; master_device:inst5|lpm_counter5:inst10|lpm_counter:lpm_counter_component|cntr_vvi:auto_generated|safe_q[7] ; master_device:inst5|lpm_counter5:inst10|lpm_counter:lpm_counter_component|cntr_vvi:auto_generated|safe_q[3] ; cllk       ; cllk     ; None                        ; None                      ; 1.748 ns                ;
; N/A                                     ; 362.58 MHz ( period = 2.758 ns )                    ; master_device:inst5|lpm_counter5:inst10|lpm_counter:lpm_counter_component|cntr_vvi:auto_generated|safe_q[7] ; master_device:inst5|lpm_counter5:inst10|lpm_counter:lpm_counter_component|cntr_vvi:auto_generated|safe_q[6] ; cllk       ; cllk     ; None                        ; None                      ; 1.748 ns                ;
; N/A                                     ; 362.58 MHz ( period = 2.758 ns )                    ; master_device:inst5|lpm_counter5:inst10|lpm_counter:lpm_counter_component|cntr_vvi:auto_generated|safe_q[7] ; master_device:inst5|lpm_counter5:inst10|lpm_counter:lpm_counter_component|cntr_vvi:auto_generated|safe_q[5] ; cllk       ; cllk     ; None                        ; None                      ; 1.748 ns                ;
; N/A                                     ; 363.37 MHz ( period = 2.752 ns )                    ; master_device:inst2|lpm_counter5:inst10|lpm_counter:lpm_counter_component|cntr_vvi:auto_generated|safe_q[6] ; master_device:inst2|lpm_counter5:inst10|lpm_counter:lpm_counter_component|cntr_vvi:auto_generated|safe_q[6] ; cllk       ; cllk     ; None                        ; None                      ; 1.779 ns                ;
; N/A                                     ; 363.37 MHz ( period = 2.752 ns )                    ; master_device:inst2|lpm_counter5:inst10|lpm_counter:lpm_counter_component|cntr_vvi:auto_generated|safe_q[6] ; master_device:inst2|lpm_counter5:inst10|lpm_counter:lpm_counter_component|cntr_vvi:auto_generated|safe_q[7] ; cllk       ; cllk     ; None                        ; None                      ; 1.779 ns                ;
; N/A                                     ; 363.37 MHz ( period = 2.752 ns )                    ; master_device:inst2|lpm_counter5:inst10|lpm_counter:lpm_counter_component|cntr_vvi:auto_generated|safe_q[6] ; master_device:inst2|lpm_counter5:inst10|lpm_counter:lpm_counter_component|cntr_vvi:auto_generated|safe_q[5] ; cllk       ; cllk     ; None                        ; None                      ; 1.779 ns                ;
; N/A                                     ; 363.37 MHz ( period = 2.752 ns )                    ; master_device:inst2|lpm_counter5:inst10|lpm_counter:lpm_counter_component|cntr_vvi:auto_generated|safe_q[6] ; master_device:inst2|lpm_counter5:inst10|lpm_counter:lpm_counter_component|cntr_vvi:auto_generated|safe_q[3] ; cllk       ; cllk     ; None                        ; None                      ; 1.779 ns                ;
; N/A                                     ; 363.37 MHz ( period = 2.752 ns )                    ; master_device:inst2|lpm_counter5:inst10|lpm_counter:lpm_counter_component|cntr_vvi:auto_generated|safe_q[6] ; master_device:inst2|lpm_counter5:inst10|lpm_counter:lpm_counter_component|cntr_vvi:auto_generated|safe_q[4] ; cllk       ; cllk     ; None                        ; None                      ; 1.779 ns                ;
; N/A                                     ; 363.90 MHz ( period = 2.748 ns )                    ; master_device:inst5|lpm_counter5:inst10|lpm_counter:lpm_counter_component|cntr_vvi:auto_generated|safe_q[5] ; master_device:inst5|lpm_counter5:inst10|lpm_counter:lpm_counter_component|cntr_vvi:auto_generated|safe_q[4] ; cllk       ; cllk     ; None                        ; None                      ; 1.738 ns                ;
; N/A                                     ; 363.90 MHz ( period = 2.748 ns )                    ; master_device:inst5|lpm_counter5:inst10|lpm_counter:lpm_counter_component|cntr_vvi:auto_generated|safe_q[5] ; master_device:inst5|lpm_counter5:inst10|lpm_counter:lpm_counter_component|cntr_vvi:auto_generated|safe_q[7] ; cllk       ; cllk     ; None                        ; None                      ; 1.738 ns                ;
; N/A                                     ; 363.90 MHz ( period = 2.748 ns )                    ; master_device:inst5|lpm_counter5:inst10|lpm_counter:lpm_counter_component|cntr_vvi:auto_generated|safe_q[5] ; master_device:inst5|lpm_counter5:inst10|lpm_counter:lpm_counter_component|cntr_vvi:auto_generated|safe_q[3] ; cllk       ; cllk     ; None                        ; None                      ; 1.738 ns                ;
; N/A                                     ; 363.90 MHz ( period = 2.748 ns )                    ; master_device:inst5|lpm_counter5:inst10|lpm_counter:lpm_counter_component|cntr_vvi:auto_generated|safe_q[5] ; master_device:inst5|lpm_counter5:inst10|lpm_counter:lpm_counter_component|cntr_vvi:auto_generated|safe_q[6] ; cllk       ; cllk     ; None                        ; None                      ; 1.738 ns                ;
; N/A                                     ; 363.90 MHz ( period = 2.748 ns )                    ; master_device:inst5|lpm_counter5:inst10|lpm_counter:lpm_counter_component|cntr_vvi:auto_generated|safe_q[5] ; master_device:inst5|lpm_counter5:inst10|lpm_counter:lpm_counter_component|cntr_vvi:auto_generated|safe_q[5] ; cllk       ; cllk     ; None                        ; None                      ; 1.738 ns                ;
; N/A                                     ; 364.43 MHz ( period = 2.744 ns )                    ; master_device:inst2|lpm_counter5:inst10|lpm_counter:lpm_counter_component|cntr_vvi:auto_generated|safe_q[4] ; master_device:inst2|lpm_counter5:inst10|lpm_counter:lpm_counter_component|cntr_vvi:auto_generated|safe_q[6] ; cllk       ; cllk     ; None                        ; None                      ; 1.771 ns                ;
; N/A                                     ; 364.43 MHz ( period = 2.744 ns )                    ; master_device:inst2|lpm_counter5:inst10|lpm_counter:lpm_counter_component|cntr_vvi:auto_generated|safe_q[4] ; master_device:inst2|lpm_counter5:inst10|lpm_counter:lpm_counter_component|cntr_vvi:auto_generated|safe_q[7] ; cllk       ; cllk     ; None                        ; None                      ; 1.771 ns                ;
; N/A                                     ; 364.43 MHz ( period = 2.744 ns )                    ; master_device:inst2|lpm_counter5:inst10|lpm_counter:lpm_counter_component|cntr_vvi:auto_generated|safe_q[4] ; master_device:inst2|lpm_counter5:inst10|lpm_counter:lpm_counter_component|cntr_vvi:auto_generated|safe_q[5] ; cllk       ; cllk     ; None                        ; None                      ; 1.771 ns                ;
; N/A                                     ; 364.43 MHz ( period = 2.744 ns )                    ; master_device:inst2|lpm_counter5:inst10|lpm_counter:lpm_counter_component|cntr_vvi:auto_generated|safe_q[4] ; master_device:inst2|lpm_counter5:inst10|lpm_counter:lpm_counter_component|cntr_vvi:auto_generated|safe_q[3] ; cllk       ; cllk     ; None                        ; None                      ; 1.771 ns                ;
; N/A                                     ; 364.43 MHz ( period = 2.744 ns )                    ; master_device:inst2|lpm_counter5:inst10|lpm_counter:lpm_counter_component|cntr_vvi:auto_generated|safe_q[4] ; master_device:inst2|lpm_counter5:inst10|lpm_counter:lpm_counter_component|cntr_vvi:auto_generated|safe_q[4] ; cllk       ; cllk     ; None                        ; None                      ; 1.771 ns                ;
; N/A                                     ; 367.38 MHz ( period = 2.722 ns )                    ; master_device:inst2|lpm_counter5:inst10|lpm_counter:lpm_counter_component|cntr_vvi:auto_generated|safe_q[7] ; master_device:inst2|lpm_counter5:inst10|lpm_counter:lpm_counter_component|cntr_vvi:auto_generated|safe_q[6] ; cllk       ; cllk     ; None                        ; None                      ; 1.749 ns                ;
; N/A                                     ; 367.38 MHz ( period = 2.722 ns )                    ; master_device:inst2|lpm_counter5:inst10|lpm_counter:lpm_counter_component|cntr_vvi:auto_generated|safe_q[7] ; master_device:inst2|lpm_counter5:inst10|lpm_counter:lpm_counter_component|cntr_vvi:auto_generated|safe_q[7] ; cllk       ; cllk     ; None                        ; None                      ; 1.749 ns                ;
; N/A                                     ; 367.38 MHz ( period = 2.722 ns )                    ; master_device:inst2|lpm_counter5:inst10|lpm_counter:lpm_counter_component|cntr_vvi:auto_generated|safe_q[7] ; master_device:inst2|lpm_counter5:inst10|lpm_counter:lpm_counter_component|cntr_vvi:auto_generated|safe_q[5] ; cllk       ; cllk     ; None                        ; None                      ; 1.749 ns                ;
; N/A                                     ; 367.38 MHz ( period = 2.722 ns )                    ; master_device:inst2|lpm_counter5:inst10|lpm_counter:lpm_counter_component|cntr_vvi:auto_generated|safe_q[7] ; master_device:inst2|lpm_counter5:inst10|lpm_counter:lpm_counter_component|cntr_vvi:auto_generated|safe_q[3] ; cllk       ; cllk     ; None                        ; None                      ; 1.749 ns                ;
; N/A                                     ; 367.38 MHz ( period = 2.722 ns )                    ; master_device:inst2|lpm_counter5:inst10|lpm_counter:lpm_counter_component|cntr_vvi:auto_generated|safe_q[7] ; master_device:inst2|lpm_counter5:inst10|lpm_counter:lpm_counter_component|cntr_vvi:auto_generated|safe_q[4] ; cllk       ; cllk     ; None                        ; None                      ; 1.749 ns                ;
; N/A                                     ; 368.60 MHz ( period = 2.713 ns )                    ; master_device:inst5|lpm_counter5:inst10|lpm_counter:lpm_counter_component|cntr_vvi:auto_generated|safe_q[6] ; master_device:inst5|lpm_counter5:inst10|lpm_counter:lpm_counter_component|cntr_vvi:auto_generated|safe_q[4] ; cllk       ; cllk     ; None                        ; None                      ; 1.703 ns                ;
; N/A                                     ; 368.60 MHz ( period = 2.713 ns )                    ; master_device:inst5|lpm_counter5:inst10|lpm_counter:lpm_counter_component|cntr_vvi:auto_generated|safe_q[6] ; master_device:inst5|lpm_counter5:inst10|lpm_counter:lpm_counter_component|cntr_vvi:auto_generated|safe_q[7] ; cllk       ; cllk     ; None                        ; None                      ; 1.703 ns                ;
; N/A                                     ; 368.60 MHz ( period = 2.713 ns )                    ; master_device:inst5|lpm_counter5:inst10|lpm_counter:lpm_counter_component|cntr_vvi:auto_generated|safe_q[6] ; master_device:inst5|lpm_counter5:inst10|lpm_counter:lpm_counter_component|cntr_vvi:auto_generated|safe_q[3] ; cllk       ; cllk     ; None                        ; None                      ; 1.703 ns                ;
; N/A                                     ; 368.60 MHz ( period = 2.713 ns )                    ; master_device:inst5|lpm_counter5:inst10|lpm_counter:lpm_counter_component|cntr_vvi:auto_generated|safe_q[6] ; master_device:inst5|lpm_counter5:inst10|lpm_counter:lpm_counter_component|cntr_vvi:auto_generated|safe_q[6] ; cllk       ; cllk     ; None                        ; None                      ; 1.703 ns                ;
; N/A                                     ; 368.60 MHz ( period = 2.713 ns )                    ; master_device:inst5|lpm_counter5:inst10|lpm_counter:lpm_counter_component|cntr_vvi:auto_generated|safe_q[6] ; master_device:inst5|lpm_counter5:inst10|lpm_counter:lpm_counter_component|cntr_vvi:auto_generated|safe_q[5] ; cllk       ; cllk     ; None                        ; None                      ; 1.703 ns                ;
; N/A                                     ; 369.14 MHz ( period = 2.709 ns )                    ; master_device:inst2|lpm_counter5:inst10|lpm_counter:lpm_counter_component|cntr_vvi:auto_generated|safe_q[5] ; master_device:inst2|lpm_counter5:inst10|lpm_counter:lpm_counter_component|cntr_vvi:auto_generated|safe_q[6] ; cllk       ; cllk     ; None                        ; None                      ; 1.736 ns                ;
; N/A                                     ; 369.14 MHz ( period = 2.709 ns )                    ; master_device:inst2|lpm_counter5:inst10|lpm_counter:lpm_counter_component|cntr_vvi:auto_generated|safe_q[5] ; master_device:inst2|lpm_counter5:inst10|lpm_counter:lpm_counter_component|cntr_vvi:auto_generated|safe_q[7] ; cllk       ; cllk     ; None                        ; None                      ; 1.736 ns                ;
; N/A                                     ; 369.14 MHz ( period = 2.709 ns )                    ; master_device:inst2|lpm_counter5:inst10|lpm_counter:lpm_counter_component|cntr_vvi:auto_generated|safe_q[5] ; master_device:inst2|lpm_counter5:inst10|lpm_counter:lpm_counter_component|cntr_vvi:auto_generated|safe_q[5] ; cllk       ; cllk     ; None                        ; None                      ; 1.736 ns                ;
; N/A                                     ; 369.14 MHz ( period = 2.709 ns )                    ; master_device:inst2|lpm_counter5:inst10|lpm_counter:lpm_counter_component|cntr_vvi:auto_generated|safe_q[5] ; master_device:inst2|lpm_counter5:inst10|lpm_counter:lpm_counter_component|cntr_vvi:auto_generated|safe_q[3] ; cllk       ; cllk     ; None                        ; None                      ; 1.736 ns                ;
; N/A                                     ; 369.14 MHz ( period = 2.709 ns )                    ; master_device:inst2|lpm_counter5:inst10|lpm_counter:lpm_counter_component|cntr_vvi:auto_generated|safe_q[5] ; master_device:inst2|lpm_counter5:inst10|lpm_counter:lpm_counter_component|cntr_vvi:auto_generated|safe_q[4] ; cllk       ; cllk     ; None                        ; None                      ; 1.736 ns                ;
; N/A                                     ; 419.11 MHz ( period = 2.386 ns )                    ; master_device:inst4|inst22                                                                                  ; arbitr:inst|inst                                                                                            ; cllk       ; cllk     ; None                        ; None                      ; 1.494 ns                ;
; N/A                                     ; Restricted to 500.00 MHz ( period = 2.000 ns )      ; master_device:inst4|inst22                                                                                  ; master_device:inst4|inst24                                                                                  ; cllk       ; cllk     ; None                        ; None                      ; 0.976 ns                ;
; N/A                                     ; Restricted to 500.00 MHz ( period = 2.000 ns )      ; master_device:inst4|inst24                                                                                  ; arbitr:inst|inst                                                                                            ; cllk       ; cllk     ; None                        ; None                      ; 1.505 ns                ;
; N/A                                     ; Restricted to 500.00 MHz ( period = 2.000 ns )      ; master_device:inst4|lpm_counter5:inst10|lpm_counter:lpm_counter_component|cntr_vvi:auto_generated|safe_q[0] ; master_device:inst4|lpm_counter5:inst10|lpm_counter:lpm_counter_component|cntr_vvi:auto_generated|safe_q[4] ; cllk       ; cllk     ; None                        ; None                      ; 1.938 ns                ;
; N/A                                     ; Restricted to 500.00 MHz ( period = 2.000 ns )      ; master_device:inst4|lpm_counter5:inst10|lpm_counter:lpm_counter_component|cntr_vvi:auto_generated|safe_q[0] ; master_device:inst4|lpm_counter5:inst10|lpm_counter:lpm_counter_component|cntr_vvi:auto_generated|safe_q[3] ; cllk       ; cllk     ; None                        ; None                      ; 1.938 ns                ;
; N/A                                     ; Restricted to 500.00 MHz ( period = 2.000 ns )      ; master_device:inst4|lpm_counter5:inst10|lpm_counter:lpm_counter_component|cntr_vvi:auto_generated|safe_q[0] ; master_device:inst4|lpm_counter5:inst10|lpm_counter:lpm_counter_component|cntr_vvi:auto_generated|safe_q[5] ; cllk       ; cllk     ; None                        ; None                      ; 1.938 ns                ;
; N/A                                     ; Restricted to 500.00 MHz ( period = 2.000 ns )      ; master_device:inst4|lpm_counter5:inst10|lpm_counter:lpm_counter_component|cntr_vvi:auto_generated|safe_q[0] ; master_device:inst4|lpm_counter5:inst10|lpm_counter:lpm_counter_component|cntr_vvi:auto_generated|safe_q[6] ; cllk       ; cllk     ; None                        ; None                      ; 1.938 ns                ;
; N/A                                     ; Restricted to 500.00 MHz ( period = 2.000 ns )      ; master_device:inst4|lpm_counter5:inst10|lpm_counter:lpm_counter_component|cntr_vvi:auto_generated|safe_q[0] ; master_device:inst4|lpm_counter5:inst10|lpm_counter:lpm_counter_component|cntr_vvi:auto_generated|safe_q[7] ; cllk       ; cllk     ; None                        ; None                      ; 1.938 ns                ;
; N/A                                     ; Restricted to 500.00 MHz ( period = 2.000 ns )      ; master_device:inst4|lpm_counter5:inst10|lpm_counter:lpm_counter_component|cntr_vvi:auto_generated|safe_q[1] ; master_device:inst4|lpm_counter5:inst10|lpm_counter:lpm_counter_component|cntr_vvi:auto_generated|safe_q[4] ; cllk       ; cllk     ; None                        ; None                      ; 1.903 ns                ;
; N/A                                     ; Restricted to 500.00 MHz ( period = 2.000 ns )      ; master_device:inst4|lpm_counter5:inst10|lpm_counter:lpm_counter_component|cntr_vvi:auto_generated|safe_q[1] ; master_device:inst4|lpm_counter5:inst10|lpm_counter:lpm_counter_component|cntr_vvi:auto_generated|safe_q[3] ; cllk       ; cllk     ; None                        ; None                      ; 1.903 ns                ;
; N/A                                     ; Restricted to 500.00 MHz ( period = 2.000 ns )      ; master_device:inst4|lpm_counter5:inst10|lpm_counter:lpm_counter_component|cntr_vvi:auto_generated|safe_q[1] ; master_device:inst4|lpm_counter5:inst10|lpm_counter:lpm_counter_component|cntr_vvi:auto_generated|safe_q[5] ; cllk       ; cllk     ; None                        ; None                      ; 1.903 ns                ;
; N/A                                     ; Restricted to 500.00 MHz ( period = 2.000 ns )      ; master_device:inst4|lpm_counter5:inst10|lpm_counter:lpm_counter_component|cntr_vvi:auto_generated|safe_q[1] ; master_device:inst4|lpm_counter5:inst10|lpm_counter:lpm_counter_component|cntr_vvi:auto_generated|safe_q[6] ; cllk       ; cllk     ; None                        ; None                      ; 1.903 ns                ;
; N/A                                     ; Restricted to 500.00 MHz ( period = 2.000 ns )      ; master_device:inst4|lpm_counter5:inst10|lpm_counter:lpm_counter_component|cntr_vvi:auto_generated|safe_q[1] ; master_device:inst4|lpm_counter5:inst10|lpm_counter:lpm_counter_component|cntr_vvi:auto_generated|safe_q[7] ; cllk       ; cllk     ; None                        ; None                      ; 1.903 ns                ;
; N/A                                     ; Restricted to 500.00 MHz ( period = 2.000 ns )      ; master_device:inst5|lpm_counter5:inst10|lpm_counter:lpm_counter_component|cntr_vvi:auto_generated|safe_q[0] ; master_device:inst5|lpm_counter5:inst10|lpm_counter:lpm_counter_component|cntr_vvi:auto_generated|safe_q[4] ; cllk       ; cllk     ; None                        ; None                      ; 1.913 ns                ;
; N/A                                     ; Restricted to 500.00 MHz ( period = 2.000 ns )      ; master_device:inst5|lpm_counter5:inst10|lpm_counter:lpm_counter_component|cntr_vvi:auto_generated|safe_q[0] ; master_device:inst5|lpm_counter5:inst10|lpm_counter:lpm_counter_component|cntr_vvi:auto_generated|safe_q[7] ; cllk       ; cllk     ; None                        ; None                      ; 1.913 ns                ;
; N/A                                     ; Restricted to 500.00 MHz ( period = 2.000 ns )      ; master_device:inst5|lpm_counter5:inst10|lpm_counter:lpm_counter_component|cntr_vvi:auto_generated|safe_q[0] ; master_device:inst5|lpm_counter5:inst10|lpm_counter:lpm_counter_component|cntr_vvi:auto_generated|safe_q[3] ; cllk       ; cllk     ; None                        ; None                      ; 1.913 ns                ;
; N/A                                     ; Restricted to 500.00 MHz ( period = 2.000 ns )      ; master_device:inst5|lpm_counter5:inst10|lpm_counter:lpm_counter_component|cntr_vvi:auto_generated|safe_q[0] ; master_device:inst5|lpm_counter5:inst10|lpm_counter:lpm_counter_component|cntr_vvi:auto_generated|safe_q[6] ; cllk       ; cllk     ; None                        ; None                      ; 1.913 ns                ;
; N/A                                     ; Restricted to 500.00 MHz ( period = 2.000 ns )      ; master_device:inst5|lpm_counter5:inst10|lpm_counter:lpm_counter_component|cntr_vvi:auto_generated|safe_q[0] ; master_device:inst5|lpm_counter5:inst10|lpm_counter:lpm_counter_component|cntr_vvi:auto_generated|safe_q[5] ; cllk       ; cllk     ; None                        ; None                      ; 1.913 ns                ;
; N/A                                     ; Restricted to 500.00 MHz ( period = 2.000 ns )      ; master_device:inst4|lpm_counter5:inst10|lpm_counter:lpm_counter_component|cntr_vvi:auto_generated|safe_q[2] ; master_device:inst4|lpm_counter5:inst10|lpm_counter:lpm_counter_component|cntr_vvi:auto_generated|safe_q[6] ; cllk       ; cllk     ; None                        ; None                      ; 1.868 ns                ;
; Timing analysis restricted to 200 rows. ; To change the limit use Settings (Assignments menu) ;                                                                                                             ;                                                                                                             ;            ;          ;                             ;                           ;                         ;
+-----------------------------------------+-----------------------------------------------------+-------------------------------------------------------------------------------------------------------------+-------------------------------------------------------------------------------------------------------------+------------+----------+-----------------------------+---------------------------+-------------------------+


+----------------------------------------------------------------------------------------------------------------------------------------------------------------------------------------------------------------+
; Clock Setup: 'REQ[0]'                                                                                                                                                                                          ;
+-------+----------------------------------+----------------------------+----------------------------+------------+----------+-----------------------------+---------------------------+-------------------------+
; Slack ; Actual fmax (period)             ; From                       ; To                         ; From Clock ; To Clock ; Required Setup Relationship ; Required Longest P2P Time ; Actual Longest P2P Time ;
+-------+----------------------------------+----------------------------+----------------------------+------------+----------+-----------------------------+---------------------------+-------------------------+
; N/A   ; 360.23 MHz ( period = 2.776 ns ) ; master_device:inst2|inst22 ; master_device:inst2|inst14 ; REQ[0]     ; REQ[0]   ; None                        ; None                      ; 0.694 ns                ;
+-------+----------------------------------+----------------------------+----------------------------+------------+----------+-----------------------------+---------------------------+-------------------------+


+----------------------------------------------------------------------------------------------------------------------------------------------------------------------------------------------------------------+
; Clock Setup: 'REQ[2]'                                                                                                                                                                                          ;
+-------+----------------------------------+----------------------------+----------------------------+------------+----------+-----------------------------+---------------------------+-------------------------+
; Slack ; Actual fmax (period)             ; From                       ; To                         ; From Clock ; To Clock ; Required Setup Relationship ; Required Longest P2P Time ; Actual Longest P2P Time ;
+-------+----------------------------------+----------------------------+----------------------------+------------+----------+-----------------------------+---------------------------+-------------------------+
; N/A   ; 443.07 MHz ( period = 2.257 ns ) ; master_device:inst5|inst22 ; master_device:inst5|inst14 ; REQ[2]     ; REQ[2]   ; None                        ; None                      ; 0.770 ns                ;
+-------+----------------------------------+----------------------------+----------------------------+------------+----------+-----------------------------+---------------------------+-------------------------+


+-----------------------------------------------------------------------------------------------------------------------------------------------------------------------------------------------------------------------------------------------------------------------------------------------------------------------------------------+
; Clock Hold: 'cllk'                                                                                                                                                                                                                                                                                                                      ;
+------------------------------------------+-------------------------------------------------------------------------------------------------------------+-------------------------------------------------------------------+------------+----------+----------------------------+----------------------------+--------------------------+
; Minimum Slack                            ; From                                                                                                        ; To                                                                ; From Clock ; To Clock ; Required Hold Relationship ; Required Shortest P2P Time ; Actual Shortest P2P Time ;
+------------------------------------------+-------------------------------------------------------------------------------------------------------------+-------------------------------------------------------------------+------------+----------+----------------------------+----------------------------+--------------------------+
; Not operational: Clock Skew > Data Delay ; master_device:inst2|lpm_counter0:inst13|lpm_counter:lpm_counter_component|cntr_coi:auto_generated|safe_q[5] ; slave_device:inst14|lpm_dff1:inst|lpm_ff:lpm_ff_component|dffs[1] ; cllk       ; cllk     ; None                       ; None                       ; 1.035 ns                 ;
; Not operational: Clock Skew > Data Delay ; master_device:inst2|lpm_counter0:inst13|lpm_counter:lpm_counter_component|cntr_coi:auto_generated|safe_q[1] ; slave_device:inst14|lpm_dff1:inst|lpm_ff:lpm_ff_component|dffs[1] ; cllk       ; cllk     ; None                       ; None                       ; 1.128 ns                 ;
; Not operational: Clock Skew > Data Delay ; master_device:inst2|lpm_counter0:inst13|lpm_counter:lpm_counter_component|cntr_coi:auto_generated|safe_q[0] ; slave_device:inst14|lpm_dff1:inst|lpm_ff:lpm_ff_component|dffs[1] ; cllk       ; cllk     ; None                       ; None                       ; 1.136 ns                 ;
; Not operational: Clock Skew > Data Delay ; master_device:inst2|lpm_counter0:inst13|lpm_counter:lpm_counter_component|cntr_coi:auto_generated|safe_q[6] ; slave_device:inst14|lpm_dff1:inst|lpm_ff:lpm_ff_component|dffs[1] ; cllk       ; cllk     ; None                       ; None                       ; 1.142 ns                 ;
; Not operational: Clock Skew > Data Delay ; master_device:inst4|lpm_counter0:inst13|lpm_counter:lpm_counter_component|cntr_coi:auto_generated|safe_q[5] ; slave_device:inst14|lpm_dff1:inst|lpm_ff:lpm_ff_component|dffs[0] ; cllk       ; cllk     ; None                       ; None                       ; 1.239 ns                 ;
; Not operational: Clock Skew > Data Delay ; master_device:inst2|lpm_counter0:inst13|lpm_counter:lpm_counter_component|cntr_coi:auto_generated|safe_q[2] ; slave_device:inst14|lpm_dff1:inst|lpm_ff:lpm_ff_component|dffs[1] ; cllk       ; cllk     ; None                       ; None                       ; 1.198 ns                 ;
; Not operational: Clock Skew > Data Delay ; master_device:inst2|lpm_counter0:inst13|lpm_counter:lpm_counter_component|cntr_coi:auto_generated|safe_q[7] ; slave_device:inst14|lpm_dff1:inst|lpm_ff:lpm_ff_component|dffs[1] ; cllk       ; cllk     ; None                       ; None                       ; 1.292 ns                 ;
; Not operational: Clock Skew > Data Delay ; master_device:inst2|lpm_counter0:inst13|lpm_counter:lpm_counter_component|cntr_coi:auto_generated|safe_q[4] ; slave_device:inst14|lpm_dff1:inst|lpm_ff:lpm_ff_component|dffs[1] ; cllk       ; cllk     ; None                       ; None                       ; 1.293 ns                 ;
; Not operational: Clock Skew > Data Delay ; master_device:inst4|lpm_counter0:inst13|lpm_counter:lpm_counter_component|cntr_coi:auto_generated|safe_q[0] ; slave_device:inst14|lpm_dff1:inst|lpm_ff:lpm_ff_component|dffs[0] ; cllk       ; cllk     ; None                       ; None                       ; 1.394 ns                 ;
; Not operational: Clock Skew > Data Delay ; master_device:inst4|lpm_counter0:inst13|lpm_counter:lpm_counter_component|cntr_coi:auto_generated|safe_q[2] ; slave_device:inst14|lpm_dff1:inst|lpm_ff:lpm_ff_component|dffs[0] ; cllk       ; cllk     ; None                       ; None                       ; 1.404 ns                 ;
; Not operational: Clock Skew > Data Delay ; master_device:inst4|lpm_counter0:inst13|lpm_counter:lpm_counter_component|cntr_coi:auto_generated|safe_q[4] ; slave_device:inst14|lpm_dff1:inst|lpm_ff:lpm_ff_component|dffs[0] ; cllk       ; cllk     ; None                       ; None                       ; 1.413 ns                 ;
; Not operational: Clock Skew > Data Delay ; master_device:inst4|lpm_counter0:inst13|lpm_counter:lpm_counter_component|cntr_coi:auto_generated|safe_q[1] ; slave_device:inst14|lpm_dff1:inst|lpm_ff:lpm_ff_component|dffs[0] ; cllk       ; cllk     ; None                       ; None                       ; 1.445 ns                 ;
; Not operational: Clock Skew > Data Delay ; master_device:inst4|lpm_counter0:inst13|lpm_counter:lpm_counter_component|cntr_coi:auto_generated|safe_q[6] ; slave_device:inst14|lpm_dff1:inst|lpm_ff:lpm_ff_component|dffs[0] ; cllk       ; cllk     ; None                       ; None                       ; 1.445 ns                 ;
; Not operational: Clock Skew > Data Delay ; master_device:inst2|lpm_counter0:inst13|lpm_counter:lpm_counter_component|cntr_coi:auto_generated|safe_q[3] ; slave_device:inst14|lpm_dff1:inst|lpm_ff:lpm_ff_component|dffs[1] ; cllk       ; cllk     ; None                       ; None                       ; 1.391 ns                 ;
; Not operational: Clock Skew > Data Delay ; master_device:inst4|lpm_counter0:inst13|lpm_counter:lpm_counter_component|cntr_coi:auto_generated|safe_q[3] ; slave_device:inst14|lpm_dff1:inst|lpm_ff:lpm_ff_component|dffs[0] ; cllk       ; cllk     ; None                       ; None                       ; 1.470 ns                 ;
; Not operational: Clock Skew > Data Delay ; master_device:inst4|lpm_counter0:inst13|lpm_counter:lpm_counter_component|cntr_coi:auto_generated|safe_q[7] ; slave_device:inst14|lpm_dff1:inst|lpm_ff:lpm_ff_component|dffs[0] ; cllk       ; cllk     ; None                       ; None                       ; 1.610 ns                 ;
; Not operational: Clock Skew > Data Delay ; master_device:inst4|lpm_counter0:inst13|lpm_counter:lpm_counter_component|cntr_coi:auto_generated|safe_q[5] ; slave_device:inst12|lpm_dff1:inst|lpm_ff:lpm_ff_component|dffs[0] ; cllk       ; cllk     ; None                       ; None                       ; 1.898 ns                 ;
; Not operational: Clock Skew > Data Delay ; master_device:inst2|lpm_counter0:inst13|lpm_counter:lpm_counter_component|cntr_coi:auto_generated|safe_q[5] ; slave_device:inst12|lpm_dff1:inst|lpm_ff:lpm_ff_component|dffs[1] ; cllk       ; cllk     ; None                       ; None                       ; 1.843 ns                 ;
; Not operational: Clock Skew > Data Delay ; master_device:inst2|lpm_counter0:inst13|lpm_counter:lpm_counter_component|cntr_coi:auto_generated|safe_q[1] ; slave_device:inst12|lpm_dff1:inst|lpm_ff:lpm_ff_component|dffs[1] ; cllk       ; cllk     ; None                       ; None                       ; 1.936 ns                 ;
; Not operational: Clock Skew > Data Delay ; master_device:inst2|lpm_counter0:inst13|lpm_counter:lpm_counter_component|cntr_coi:auto_generated|safe_q[0] ; slave_device:inst12|lpm_dff1:inst|lpm_ff:lpm_ff_component|dffs[1] ; cllk       ; cllk     ; None                       ; None                       ; 1.944 ns                 ;
; Not operational: Clock Skew > Data Delay ; master_device:inst2|lpm_counter0:inst13|lpm_counter:lpm_counter_component|cntr_coi:auto_generated|safe_q[6] ; slave_device:inst12|lpm_dff1:inst|lpm_ff:lpm_ff_component|dffs[1] ; cllk       ; cllk     ; None                       ; None                       ; 1.950 ns                 ;
; Not operational: Clock Skew > Data Delay ; master_device:inst4|lpm_counter0:inst13|lpm_counter:lpm_counter_component|cntr_coi:auto_generated|safe_q[5] ; slave_device:inst17|lpm_dff1:inst|lpm_ff:lpm_ff_component|dffs[0] ; cllk       ; cllk     ; None                       ; None                       ; 1.997 ns                 ;
; Not operational: Clock Skew > Data Delay ; master_device:inst4|lpm_counter0:inst13|lpm_counter:lpm_counter_component|cntr_coi:auto_generated|safe_q[0] ; slave_device:inst12|lpm_dff1:inst|lpm_ff:lpm_ff_component|dffs[0] ; cllk       ; cllk     ; None                       ; None                       ; 2.053 ns                 ;
; Not operational: Clock Skew > Data Delay ; master_device:inst4|lpm_counter0:inst13|lpm_counter:lpm_counter_component|cntr_coi:auto_generated|safe_q[2] ; slave_device:inst12|lpm_dff1:inst|lpm_ff:lpm_ff_component|dffs[0] ; cllk       ; cllk     ; None                       ; None                       ; 2.063 ns                 ;
; Not operational: Clock Skew > Data Delay ; master_device:inst4|lpm_counter0:inst13|lpm_counter:lpm_counter_component|cntr_coi:auto_generated|safe_q[4] ; slave_device:inst12|lpm_dff1:inst|lpm_ff:lpm_ff_component|dffs[0] ; cllk       ; cllk     ; None                       ; None                       ; 2.072 ns                 ;
; Not operational: Clock Skew > Data Delay ; master_device:inst2|lpm_counter0:inst13|lpm_counter:lpm_counter_component|cntr_coi:auto_generated|safe_q[2] ; slave_device:inst12|lpm_dff1:inst|lpm_ff:lpm_ff_component|dffs[1] ; cllk       ; cllk     ; None                       ; None                       ; 2.006 ns                 ;
; Not operational: Clock Skew > Data Delay ; master_device:inst4|lpm_counter0:inst13|lpm_counter:lpm_counter_component|cntr_coi:auto_generated|safe_q[1] ; slave_device:inst12|lpm_dff1:inst|lpm_ff:lpm_ff_component|dffs[0] ; cllk       ; cllk     ; None                       ; None                       ; 2.104 ns                 ;
; Not operational: Clock Skew > Data Delay ; master_device:inst4|lpm_counter0:inst13|lpm_counter:lpm_counter_component|cntr_coi:auto_generated|safe_q[6] ; slave_device:inst12|lpm_dff1:inst|lpm_ff:lpm_ff_component|dffs[0] ; cllk       ; cllk     ; None                       ; None                       ; 2.104 ns                 ;
; Not operational: Clock Skew > Data Delay ; master_device:inst4|lpm_counter0:inst13|lpm_counter:lpm_counter_component|cntr_coi:auto_generated|safe_q[3] ; slave_device:inst12|lpm_dff1:inst|lpm_ff:lpm_ff_component|dffs[0] ; cllk       ; cllk     ; None                       ; None                       ; 2.129 ns                 ;
; Not operational: Clock Skew > Data Delay ; master_device:inst2|lpm_counter0:inst13|lpm_counter:lpm_counter_component|cntr_coi:auto_generated|safe_q[7] ; slave_device:inst12|lpm_dff1:inst|lpm_ff:lpm_ff_component|dffs[1] ; cllk       ; cllk     ; None                       ; None                       ; 2.100 ns                 ;
; Not operational: Clock Skew > Data Delay ; master_device:inst2|lpm_counter0:inst13|lpm_counter:lpm_counter_component|cntr_coi:auto_generated|safe_q[4] ; slave_device:inst12|lpm_dff1:inst|lpm_ff:lpm_ff_component|dffs[1] ; cllk       ; cllk     ; None                       ; None                       ; 2.101 ns                 ;
; Not operational: Clock Skew > Data Delay ; master_device:inst4|lpm_counter0:inst13|lpm_counter:lpm_counter_component|cntr_coi:auto_generated|safe_q[0] ; slave_device:inst17|lpm_dff1:inst|lpm_ff:lpm_ff_component|dffs[0] ; cllk       ; cllk     ; None                       ; None                       ; 2.152 ns                 ;
; Not operational: Clock Skew > Data Delay ; master_device:inst4|lpm_counter0:inst13|lpm_counter:lpm_counter_component|cntr_coi:auto_generated|safe_q[2] ; slave_device:inst17|lpm_dff1:inst|lpm_ff:lpm_ff_component|dffs[0] ; cllk       ; cllk     ; None                       ; None                       ; 2.162 ns                 ;
; Not operational: Clock Skew > Data Delay ; master_device:inst4|lpm_counter0:inst13|lpm_counter:lpm_counter_component|cntr_coi:auto_generated|safe_q[4] ; slave_device:inst17|lpm_dff1:inst|lpm_ff:lpm_ff_component|dffs[0] ; cllk       ; cllk     ; None                       ; None                       ; 2.171 ns                 ;
; Not operational: Clock Skew > Data Delay ; master_device:inst4|lpm_counter0:inst13|lpm_counter:lpm_counter_component|cntr_coi:auto_generated|safe_q[1] ; slave_device:inst17|lpm_dff1:inst|lpm_ff:lpm_ff_component|dffs[0] ; cllk       ; cllk     ; None                       ; None                       ; 2.203 ns                 ;
; Not operational: Clock Skew > Data Delay ; master_device:inst4|lpm_counter0:inst13|lpm_counter:lpm_counter_component|cntr_coi:auto_generated|safe_q[6] ; slave_device:inst17|lpm_dff1:inst|lpm_ff:lpm_ff_component|dffs[0] ; cllk       ; cllk     ; None                       ; None                       ; 2.203 ns                 ;
; Not operational: Clock Skew > Data Delay ; master_device:inst4|lpm_counter0:inst13|lpm_counter:lpm_counter_component|cntr_coi:auto_generated|safe_q[3] ; slave_device:inst17|lpm_dff1:inst|lpm_ff:lpm_ff_component|dffs[0] ; cllk       ; cllk     ; None                       ; None                       ; 2.228 ns                 ;
; Not operational: Clock Skew > Data Delay ; master_device:inst2|lpm_counter0:inst13|lpm_counter:lpm_counter_component|cntr_coi:auto_generated|safe_q[3] ; slave_device:inst12|lpm_dff1:inst|lpm_ff:lpm_ff_component|dffs[1] ; cllk       ; cllk     ; None                       ; None                       ; 2.199 ns                 ;
; Not operational: Clock Skew > Data Delay ; master_device:inst4|lpm_counter0:inst13|lpm_counter:lpm_counter_component|cntr_coi:auto_generated|safe_q[7] ; slave_device:inst12|lpm_dff1:inst|lpm_ff:lpm_ff_component|dffs[0] ; cllk       ; cllk     ; None                       ; None                       ; 2.269 ns                 ;
; Not operational: Clock Skew > Data Delay ; master_device:inst4|lpm_counter0:inst13|lpm_counter:lpm_counter_component|cntr_coi:auto_generated|safe_q[7] ; slave_device:inst17|lpm_dff1:inst|lpm_ff:lpm_ff_component|dffs[0] ; cllk       ; cllk     ; None                       ; None                       ; 2.368 ns                 ;
; Not operational: Clock Skew > Data Delay ; master_device:inst2|lpm_counter0:inst13|lpm_counter:lpm_counter_component|cntr_coi:auto_generated|safe_q[5] ; slave_device:inst17|lpm_dff1:inst|lpm_ff:lpm_ff_component|dffs[1] ; cllk       ; cllk     ; None                       ; None                       ; 2.361 ns                 ;
; Not operational: Clock Skew > Data Delay ; master_device:inst2|lpm_counter0:inst13|lpm_counter:lpm_counter_component|cntr_coi:auto_generated|safe_q[1] ; slave_device:inst17|lpm_dff1:inst|lpm_ff:lpm_ff_component|dffs[1] ; cllk       ; cllk     ; None                       ; None                       ; 2.454 ns                 ;
; Not operational: Clock Skew > Data Delay ; master_device:inst2|lpm_counter0:inst13|lpm_counter:lpm_counter_component|cntr_coi:auto_generated|safe_q[0] ; slave_device:inst17|lpm_dff1:inst|lpm_ff:lpm_ff_component|dffs[1] ; cllk       ; cllk     ; None                       ; None                       ; 2.462 ns                 ;
; Not operational: Clock Skew > Data Delay ; master_device:inst2|lpm_counter0:inst13|lpm_counter:lpm_counter_component|cntr_coi:auto_generated|safe_q[6] ; slave_device:inst17|lpm_dff1:inst|lpm_ff:lpm_ff_component|dffs[1] ; cllk       ; cllk     ; None                       ; None                       ; 2.468 ns                 ;
; Not operational: Clock Skew > Data Delay ; master_device:inst4|lpm_counter0:inst13|lpm_counter:lpm_counter_component|cntr_coi:auto_generated|safe_q[5] ; slave_device:inst13|lpm_dff1:inst|lpm_ff:lpm_ff_component|dffs[0] ; cllk       ; cllk     ; None                       ; None                       ; 2.769 ns                 ;
; Not operational: Clock Skew > Data Delay ; master_device:inst4|lpm_counter0:inst13|lpm_counter:lpm_counter_component|cntr_coi:auto_generated|safe_q[5] ; slave_device:inst11|lpm_dff1:inst|lpm_ff:lpm_ff_component|dffs[0] ; cllk       ; cllk     ; None                       ; None                       ; 2.537 ns                 ;
; Not operational: Clock Skew > Data Delay ; master_device:inst2|lpm_counter0:inst13|lpm_counter:lpm_counter_component|cntr_coi:auto_generated|safe_q[2] ; slave_device:inst17|lpm_dff1:inst|lpm_ff:lpm_ff_component|dffs[1] ; cllk       ; cllk     ; None                       ; None                       ; 2.524 ns                 ;
; Not operational: Clock Skew > Data Delay ; master_device:inst2|lpm_counter0:inst13|lpm_counter:lpm_counter_component|cntr_coi:auto_generated|safe_q[5] ; slave_device:inst11|lpm_dff1:inst|lpm_ff:lpm_ff_component|dffs[1] ; cllk       ; cllk     ; None                       ; None                       ; 2.503 ns                 ;
; Not operational: Clock Skew > Data Delay ; master_device:inst2|lpm_counter0:inst13|lpm_counter:lpm_counter_component|cntr_coi:auto_generated|safe_q[7] ; slave_device:inst17|lpm_dff1:inst|lpm_ff:lpm_ff_component|dffs[1] ; cllk       ; cllk     ; None                       ; None                       ; 2.618 ns                 ;
; Not operational: Clock Skew > Data Delay ; master_device:inst2|lpm_counter0:inst13|lpm_counter:lpm_counter_component|cntr_coi:auto_generated|safe_q[4] ; slave_device:inst17|lpm_dff1:inst|lpm_ff:lpm_ff_component|dffs[1] ; cllk       ; cllk     ; None                       ; None                       ; 2.619 ns                 ;
; Not operational: Clock Skew > Data Delay ; master_device:inst4|lpm_counter0:inst13|lpm_counter:lpm_counter_component|cntr_coi:auto_generated|safe_q[0] ; slave_device:inst13|lpm_dff1:inst|lpm_ff:lpm_ff_component|dffs[0] ; cllk       ; cllk     ; None                       ; None                       ; 2.924 ns                 ;
; Not operational: Clock Skew > Data Delay ; master_device:inst2|lpm_counter0:inst13|lpm_counter:lpm_counter_component|cntr_coi:auto_generated|safe_q[5] ; slave_device:inst13|lpm_dff1:inst|lpm_ff:lpm_ff_component|dffs[1] ; cllk       ; cllk     ; None                       ; None                       ; 2.787 ns                 ;
; Not operational: Clock Skew > Data Delay ; master_device:inst4|lpm_counter0:inst13|lpm_counter:lpm_counter_component|cntr_coi:auto_generated|safe_q[0] ; slave_device:inst11|lpm_dff1:inst|lpm_ff:lpm_ff_component|dffs[0] ; cllk       ; cllk     ; None                       ; None                       ; 2.692 ns                 ;
; Not operational: Clock Skew > Data Delay ; master_device:inst2|lpm_counter0:inst13|lpm_counter:lpm_counter_component|cntr_coi:auto_generated|safe_q[1] ; slave_device:inst11|lpm_dff1:inst|lpm_ff:lpm_ff_component|dffs[1] ; cllk       ; cllk     ; None                       ; None                       ; 2.596 ns                 ;
; Not operational: Clock Skew > Data Delay ; master_device:inst4|lpm_counter0:inst13|lpm_counter:lpm_counter_component|cntr_coi:auto_generated|safe_q[2] ; slave_device:inst13|lpm_dff1:inst|lpm_ff:lpm_ff_component|dffs[0] ; cllk       ; cllk     ; None                       ; None                       ; 2.934 ns                 ;
; Not operational: Clock Skew > Data Delay ; master_device:inst4|lpm_counter0:inst13|lpm_counter:lpm_counter_component|cntr_coi:auto_generated|safe_q[2] ; slave_device:inst11|lpm_dff1:inst|lpm_ff:lpm_ff_component|dffs[0] ; cllk       ; cllk     ; None                       ; None                       ; 2.702 ns                 ;
; Not operational: Clock Skew > Data Delay ; master_device:inst2|lpm_counter0:inst13|lpm_counter:lpm_counter_component|cntr_coi:auto_generated|safe_q[0] ; slave_device:inst11|lpm_dff1:inst|lpm_ff:lpm_ff_component|dffs[1] ; cllk       ; cllk     ; None                       ; None                       ; 2.604 ns                 ;
; Not operational: Clock Skew > Data Delay ; master_device:inst4|lpm_counter0:inst13|lpm_counter:lpm_counter_component|cntr_coi:auto_generated|safe_q[4] ; slave_device:inst13|lpm_dff1:inst|lpm_ff:lpm_ff_component|dffs[0] ; cllk       ; cllk     ; None                       ; None                       ; 2.943 ns                 ;
; Not operational: Clock Skew > Data Delay ; master_device:inst4|lpm_counter0:inst13|lpm_counter:lpm_counter_component|cntr_coi:auto_generated|safe_q[4] ; slave_device:inst11|lpm_dff1:inst|lpm_ff:lpm_ff_component|dffs[0] ; cllk       ; cllk     ; None                       ; None                       ; 2.711 ns                 ;
; Not operational: Clock Skew > Data Delay ; master_device:inst2|lpm_counter0:inst13|lpm_counter:lpm_counter_component|cntr_coi:auto_generated|safe_q[6] ; slave_device:inst11|lpm_dff1:inst|lpm_ff:lpm_ff_component|dffs[1] ; cllk       ; cllk     ; None                       ; None                       ; 2.610 ns                 ;
; Not operational: Clock Skew > Data Delay ; master_device:inst4|lpm_counter0:inst13|lpm_counter:lpm_counter_component|cntr_coi:auto_generated|safe_q[1] ; slave_device:inst13|lpm_dff1:inst|lpm_ff:lpm_ff_component|dffs[0] ; cllk       ; cllk     ; None                       ; None                       ; 2.975 ns                 ;
; Not operational: Clock Skew > Data Delay ; master_device:inst4|lpm_counter0:inst13|lpm_counter:lpm_counter_component|cntr_coi:auto_generated|safe_q[6] ; slave_device:inst13|lpm_dff1:inst|lpm_ff:lpm_ff_component|dffs[0] ; cllk       ; cllk     ; None                       ; None                       ; 2.975 ns                 ;
; Not operational: Clock Skew > Data Delay ; master_device:inst4|lpm_counter0:inst13|lpm_counter:lpm_counter_component|cntr_coi:auto_generated|safe_q[1] ; slave_device:inst11|lpm_dff1:inst|lpm_ff:lpm_ff_component|dffs[0] ; cllk       ; cllk     ; None                       ; None                       ; 2.743 ns                 ;
; Not operational: Clock Skew > Data Delay ; master_device:inst4|lpm_counter0:inst13|lpm_counter:lpm_counter_component|cntr_coi:auto_generated|safe_q[6] ; slave_device:inst11|lpm_dff1:inst|lpm_ff:lpm_ff_component|dffs[0] ; cllk       ; cllk     ; None                       ; None                       ; 2.743 ns                 ;
; Not operational: Clock Skew > Data Delay ; master_device:inst4|lpm_counter0:inst13|lpm_counter:lpm_counter_component|cntr_coi:auto_generated|safe_q[3] ; slave_device:inst13|lpm_dff1:inst|lpm_ff:lpm_ff_component|dffs[0] ; cllk       ; cllk     ; None                       ; None                       ; 3.000 ns                 ;
; Not operational: Clock Skew > Data Delay ; master_device:inst4|lpm_counter0:inst13|lpm_counter:lpm_counter_component|cntr_coi:auto_generated|safe_q[3] ; slave_device:inst11|lpm_dff1:inst|lpm_ff:lpm_ff_component|dffs[0] ; cllk       ; cllk     ; None                       ; None                       ; 2.768 ns                 ;
; Not operational: Clock Skew > Data Delay ; master_device:inst2|lpm_counter0:inst13|lpm_counter:lpm_counter_component|cntr_coi:auto_generated|safe_q[2] ; slave_device:inst11|lpm_dff1:inst|lpm_ff:lpm_ff_component|dffs[1] ; cllk       ; cllk     ; None                       ; None                       ; 2.666 ns                 ;
; Not operational: Clock Skew > Data Delay ; master_device:inst2|lpm_counter0:inst13|lpm_counter:lpm_counter_component|cntr_coi:auto_generated|safe_q[3] ; slave_device:inst17|lpm_dff1:inst|lpm_ff:lpm_ff_component|dffs[1] ; cllk       ; cllk     ; None                       ; None                       ; 2.717 ns                 ;
; Not operational: Clock Skew > Data Delay ; master_device:inst2|lpm_counter0:inst13|lpm_counter:lpm_counter_component|cntr_coi:auto_generated|safe_q[1] ; slave_device:inst13|lpm_dff1:inst|lpm_ff:lpm_ff_component|dffs[1] ; cllk       ; cllk     ; None                       ; None                       ; 2.880 ns                 ;
; Not operational: Clock Skew > Data Delay ; master_device:inst2|lpm_counter0:inst13|lpm_counter:lpm_counter_component|cntr_coi:auto_generated|safe_q[0] ; slave_device:inst13|lpm_dff1:inst|lpm_ff:lpm_ff_component|dffs[1] ; cllk       ; cllk     ; None                       ; None                       ; 2.888 ns                 ;
; Not operational: Clock Skew > Data Delay ; master_device:inst2|lpm_counter0:inst13|lpm_counter:lpm_counter_component|cntr_coi:auto_generated|safe_q[6] ; slave_device:inst13|lpm_dff1:inst|lpm_ff:lpm_ff_component|dffs[1] ; cllk       ; cllk     ; None                       ; None                       ; 2.894 ns                 ;
; Not operational: Clock Skew > Data Delay ; master_device:inst2|lpm_counter0:inst13|lpm_counter:lpm_counter_component|cntr_coi:auto_generated|safe_q[2] ; slave_device:inst13|lpm_dff1:inst|lpm_ff:lpm_ff_component|dffs[1] ; cllk       ; cllk     ; None                       ; None                       ; 2.950 ns                 ;
; Not operational: Clock Skew > Data Delay ; master_device:inst2|lpm_counter0:inst13|lpm_counter:lpm_counter_component|cntr_coi:auto_generated|safe_q[7] ; slave_device:inst11|lpm_dff1:inst|lpm_ff:lpm_ff_component|dffs[1] ; cllk       ; cllk     ; None                       ; None                       ; 2.760 ns                 ;
; Not operational: Clock Skew > Data Delay ; master_device:inst2|lpm_counter0:inst13|lpm_counter:lpm_counter_component|cntr_coi:auto_generated|safe_q[4] ; slave_device:inst11|lpm_dff1:inst|lpm_ff:lpm_ff_component|dffs[1] ; cllk       ; cllk     ; None                       ; None                       ; 2.761 ns                 ;
; Not operational: Clock Skew > Data Delay ; master_device:inst5|lpm_counter0:inst13|lpm_counter:lpm_counter_component|cntr_coi:auto_generated|safe_q[2] ; slave_device:inst12|lpm_dff1:inst|lpm_ff:lpm_ff_component|dffs[2] ; cllk       ; cllk     ; None                       ; None                       ; 2.857 ns                 ;
; Not operational: Clock Skew > Data Delay ; master_device:inst4|lpm_counter0:inst13|lpm_counter:lpm_counter_component|cntr_coi:auto_generated|safe_q[7] ; slave_device:inst13|lpm_dff1:inst|lpm_ff:lpm_ff_component|dffs[0] ; cllk       ; cllk     ; None                       ; None                       ; 3.140 ns                 ;
; Not operational: Clock Skew > Data Delay ; master_device:inst4|lpm_counter0:inst13|lpm_counter:lpm_counter_component|cntr_coi:auto_generated|safe_q[7] ; slave_device:inst11|lpm_dff1:inst|lpm_ff:lpm_ff_component|dffs[0] ; cllk       ; cllk     ; None                       ; None                       ; 2.908 ns                 ;
; Not operational: Clock Skew > Data Delay ; master_device:inst2|lpm_counter0:inst13|lpm_counter:lpm_counter_component|cntr_coi:auto_generated|safe_q[7] ; slave_device:inst13|lpm_dff1:inst|lpm_ff:lpm_ff_component|dffs[1] ; cllk       ; cllk     ; None                       ; None                       ; 3.044 ns                 ;
; Not operational: Clock Skew > Data Delay ; master_device:inst2|lpm_counter0:inst13|lpm_counter:lpm_counter_component|cntr_coi:auto_generated|safe_q[4] ; slave_device:inst13|lpm_dff1:inst|lpm_ff:lpm_ff_component|dffs[1] ; cllk       ; cllk     ; None                       ; None                       ; 3.045 ns                 ;
; Not operational: Clock Skew > Data Delay ; master_device:inst2|lpm_counter0:inst13|lpm_counter:lpm_counter_component|cntr_coi:auto_generated|safe_q[3] ; slave_device:inst11|lpm_dff1:inst|lpm_ff:lpm_ff_component|dffs[1] ; cllk       ; cllk     ; None                       ; None                       ; 2.859 ns                 ;
; Not operational: Clock Skew > Data Delay ; master_device:inst2|lpm_counter0:inst13|lpm_counter:lpm_counter_component|cntr_coi:auto_generated|safe_q[5] ; slave_device:inst12|lpm_dff1:inst|lpm_ff:lpm_ff_component|dffs[2] ; cllk       ; cllk     ; None                       ; None                       ; 2.917 ns                 ;
; Not operational: Clock Skew > Data Delay ; master_device:inst4|lpm_counter0:inst13|lpm_counter:lpm_counter_component|cntr_coi:auto_generated|safe_q[5] ; slave_device:inst12|lpm_dff1:inst|lpm_ff:lpm_ff_component|dffs[2] ; cllk       ; cllk     ; None                       ; None                       ; 3.044 ns                 ;
; Not operational: Clock Skew > Data Delay ; master_device:inst5|lpm_counter0:inst13|lpm_counter:lpm_counter_component|cntr_coi:auto_generated|safe_q[0] ; slave_device:inst12|lpm_dff1:inst|lpm_ff:lpm_ff_component|dffs[2] ; cllk       ; cllk     ; None                       ; None                       ; 2.958 ns                 ;
; Not operational: Clock Skew > Data Delay ; master_device:inst5|lpm_counter0:inst13|lpm_counter:lpm_counter_component|cntr_coi:auto_generated|safe_q[3] ; slave_device:inst12|lpm_dff1:inst|lpm_ff:lpm_ff_component|dffs[2] ; cllk       ; cllk     ; None                       ; None                       ; 2.962 ns                 ;
; Not operational: Clock Skew > Data Delay ; master_device:inst5|lpm_counter0:inst13|lpm_counter:lpm_counter_component|cntr_coi:auto_generated|safe_q[1] ; slave_device:inst12|lpm_dff1:inst|lpm_ff:lpm_ff_component|dffs[2] ; cllk       ; cllk     ; None                       ; None                       ; 2.985 ns                 ;
; Not operational: Clock Skew > Data Delay ; master_device:inst2|lpm_counter0:inst13|lpm_counter:lpm_counter_component|cntr_coi:auto_generated|safe_q[3] ; slave_device:inst13|lpm_dff1:inst|lpm_ff:lpm_ff_component|dffs[1] ; cllk       ; cllk     ; None                       ; None                       ; 3.143 ns                 ;
; Not operational: Clock Skew > Data Delay ; master_device:inst2|lpm_counter0:inst13|lpm_counter:lpm_counter_component|cntr_coi:auto_generated|safe_q[1] ; slave_device:inst12|lpm_dff1:inst|lpm_ff:lpm_ff_component|dffs[2] ; cllk       ; cllk     ; None                       ; None                       ; 3.010 ns                 ;
; Not operational: Clock Skew > Data Delay ; master_device:inst2|lpm_counter0:inst13|lpm_counter:lpm_counter_component|cntr_coi:auto_generated|safe_q[0] ; slave_device:inst12|lpm_dff1:inst|lpm_ff:lpm_ff_component|dffs[2] ; cllk       ; cllk     ; None                       ; None                       ; 3.018 ns                 ;
; Not operational: Clock Skew > Data Delay ; master_device:inst2|lpm_counter0:inst13|lpm_counter:lpm_counter_component|cntr_coi:auto_generated|safe_q[6] ; slave_device:inst12|lpm_dff1:inst|lpm_ff:lpm_ff_component|dffs[2] ; cllk       ; cllk     ; None                       ; None                       ; 3.024 ns                 ;
; Not operational: Clock Skew > Data Delay ; master_device:inst2|lpm_counter0:inst13|lpm_counter:lpm_counter_component|cntr_coi:auto_generated|safe_q[2] ; slave_device:inst12|lpm_dff1:inst|lpm_ff:lpm_ff_component|dffs[2] ; cllk       ; cllk     ; None                       ; None                       ; 3.080 ns                 ;
; Not operational: Clock Skew > Data Delay ; master_device:inst4|lpm_counter0:inst13|lpm_counter:lpm_counter_component|cntr_coi:auto_generated|safe_q[0] ; slave_device:inst12|lpm_dff1:inst|lpm_ff:lpm_ff_component|dffs[2] ; cllk       ; cllk     ; None                       ; None                       ; 3.199 ns                 ;
; Not operational: Clock Skew > Data Delay ; master_device:inst5|lpm_counter0:inst13|lpm_counter:lpm_counter_component|cntr_coi:auto_generated|safe_q[7] ; slave_device:inst12|lpm_dff1:inst|lpm_ff:lpm_ff_component|dffs[2] ; cllk       ; cllk     ; None                       ; None                       ; 3.108 ns                 ;
; Not operational: Clock Skew > Data Delay ; master_device:inst5|lpm_counter0:inst13|lpm_counter:lpm_counter_component|cntr_coi:auto_generated|safe_q[4] ; slave_device:inst12|lpm_dff1:inst|lpm_ff:lpm_ff_component|dffs[2] ; cllk       ; cllk     ; None                       ; None                       ; 3.112 ns                 ;
; Not operational: Clock Skew > Data Delay ; master_device:inst4|lpm_counter0:inst13|lpm_counter:lpm_counter_component|cntr_coi:auto_generated|safe_q[2] ; slave_device:inst12|lpm_dff1:inst|lpm_ff:lpm_ff_component|dffs[2] ; cllk       ; cllk     ; None                       ; None                       ; 3.209 ns                 ;
; Not operational: Clock Skew > Data Delay ; master_device:inst4|lpm_counter0:inst13|lpm_counter:lpm_counter_component|cntr_coi:auto_generated|safe_q[4] ; slave_device:inst12|lpm_dff1:inst|lpm_ff:lpm_ff_component|dffs[2] ; cllk       ; cllk     ; None                       ; None                       ; 3.218 ns                 ;
; Not operational: Clock Skew > Data Delay ; master_device:inst4|lpm_counter0:inst13|lpm_counter:lpm_counter_component|cntr_coi:auto_generated|safe_q[1] ; slave_device:inst12|lpm_dff1:inst|lpm_ff:lpm_ff_component|dffs[2] ; cllk       ; cllk     ; None                       ; None                       ; 3.250 ns                 ;
; Not operational: Clock Skew > Data Delay ; master_device:inst4|lpm_counter0:inst13|lpm_counter:lpm_counter_component|cntr_coi:auto_generated|safe_q[6] ; slave_device:inst12|lpm_dff1:inst|lpm_ff:lpm_ff_component|dffs[2] ; cllk       ; cllk     ; None                       ; None                       ; 3.250 ns                 ;
; Not operational: Clock Skew > Data Delay ; master_device:inst4|lpm_counter0:inst13|lpm_counter:lpm_counter_component|cntr_coi:auto_generated|safe_q[3] ; slave_device:inst12|lpm_dff1:inst|lpm_ff:lpm_ff_component|dffs[2] ; cllk       ; cllk     ; None                       ; None                       ; 3.275 ns                 ;
; Not operational: Clock Skew > Data Delay ; master_device:inst2|lpm_counter0:inst13|lpm_counter:lpm_counter_component|cntr_coi:auto_generated|safe_q[7] ; slave_device:inst12|lpm_dff1:inst|lpm_ff:lpm_ff_component|dffs[2] ; cllk       ; cllk     ; None                       ; None                       ; 3.174 ns                 ;
; Not operational: Clock Skew > Data Delay ; master_device:inst2|lpm_counter0:inst13|lpm_counter:lpm_counter_component|cntr_coi:auto_generated|safe_q[4] ; slave_device:inst12|lpm_dff1:inst|lpm_ff:lpm_ff_component|dffs[2] ; cllk       ; cllk     ; None                       ; None                       ; 3.175 ns                 ;
; Not operational: Clock Skew > Data Delay ; master_device:inst5|lpm_counter0:inst13|lpm_counter:lpm_counter_component|cntr_coi:auto_generated|safe_q[5] ; slave_device:inst12|lpm_dff1:inst|lpm_ff:lpm_ff_component|dffs[2] ; cllk       ; cllk     ; None                       ; None                       ; 3.206 ns                 ;
; Not operational: Clock Skew > Data Delay ; master_device:inst5|lpm_counter0:inst13|lpm_counter:lpm_counter_component|cntr_coi:auto_generated|safe_q[2] ; slave_device:inst14|lpm_dff1:inst|lpm_ff:lpm_ff_component|dffs[7] ; cllk       ; cllk     ; None                       ; None                       ; 3.549 ns                 ;
; Not operational: Clock Skew > Data Delay ; master_device:inst5|lpm_counter0:inst13|lpm_counter:lpm_counter_component|cntr_coi:auto_generated|safe_q[2] ; slave_device:inst12|lpm_dff1:inst|lpm_ff:lpm_ff_component|dffs[6] ; cllk       ; cllk     ; None                       ; None                       ; 3.235 ns                 ;
; Not operational: Clock Skew > Data Delay ; master_device:inst5|lpm_counter0:inst13|lpm_counter:lpm_counter_component|cntr_coi:auto_generated|safe_q[2] ; slave_device:inst12|lpm_dff1:inst|lpm_ff:lpm_ff_component|dffs[5] ; cllk       ; cllk     ; None                       ; None                       ; 3.235 ns                 ;
; Not operational: Clock Skew > Data Delay ; master_device:inst5|lpm_counter0:inst13|lpm_counter:lpm_counter_component|cntr_coi:auto_generated|safe_q[2] ; slave_device:inst12|lpm_dff1:inst|lpm_ff:lpm_ff_component|dffs[4] ; cllk       ; cllk     ; None                       ; None                       ; 3.236 ns                 ;
; Not operational: Clock Skew > Data Delay ; master_device:inst5|lpm_counter0:inst13|lpm_counter:lpm_counter_component|cntr_coi:auto_generated|safe_q[2] ; slave_device:inst12|lpm_dff1:inst|lpm_ff:lpm_ff_component|dffs[3] ; cllk       ; cllk     ; None                       ; None                       ; 3.236 ns                 ;
; Not operational: Clock Skew > Data Delay ; master_device:inst5|lpm_counter0:inst13|lpm_counter:lpm_counter_component|cntr_coi:auto_generated|safe_q[6] ; slave_device:inst12|lpm_dff1:inst|lpm_ff:lpm_ff_component|dffs[2] ; cllk       ; cllk     ; None                       ; None                       ; 3.240 ns                 ;
; Not operational: Clock Skew > Data Delay ; master_device:inst2|lpm_counter0:inst13|lpm_counter:lpm_counter_component|cntr_coi:auto_generated|safe_q[5] ; slave_device:inst14|lpm_dff1:inst|lpm_ff:lpm_ff_component|dffs[7] ; cllk       ; cllk     ; None                       ; None                       ; 3.609 ns                 ;
; Not operational: Clock Skew > Data Delay ; master_device:inst2|lpm_counter0:inst13|lpm_counter:lpm_counter_component|cntr_coi:auto_generated|safe_q[3] ; slave_device:inst12|lpm_dff1:inst|lpm_ff:lpm_ff_component|dffs[2] ; cllk       ; cllk     ; None                       ; None                       ; 3.273 ns                 ;
; Not operational: Clock Skew > Data Delay ; master_device:inst4|lpm_counter0:inst13|lpm_counter:lpm_counter_component|cntr_coi:auto_generated|safe_q[5] ; slave_device:inst14|lpm_dff1:inst|lpm_ff:lpm_ff_component|dffs[7] ; cllk       ; cllk     ; None                       ; None                       ; 3.736 ns                 ;
; Not operational: Clock Skew > Data Delay ; master_device:inst2|lpm_counter0:inst13|lpm_counter:lpm_counter_component|cntr_coi:auto_generated|safe_q[5] ; slave_device:inst12|lpm_dff1:inst|lpm_ff:lpm_ff_component|dffs[6] ; cllk       ; cllk     ; None                       ; None                       ; 3.295 ns                 ;
; Not operational: Clock Skew > Data Delay ; master_device:inst2|lpm_counter0:inst13|lpm_counter:lpm_counter_component|cntr_coi:auto_generated|safe_q[5] ; slave_device:inst12|lpm_dff1:inst|lpm_ff:lpm_ff_component|dffs[5] ; cllk       ; cllk     ; None                       ; None                       ; 3.295 ns                 ;
; Not operational: Clock Skew > Data Delay ; master_device:inst2|lpm_counter0:inst13|lpm_counter:lpm_counter_component|cntr_coi:auto_generated|safe_q[5] ; slave_device:inst12|lpm_dff1:inst|lpm_ff:lpm_ff_component|dffs[4] ; cllk       ; cllk     ; None                       ; None                       ; 3.296 ns                 ;
; Not operational: Clock Skew > Data Delay ; master_device:inst2|lpm_counter0:inst13|lpm_counter:lpm_counter_component|cntr_coi:auto_generated|safe_q[5] ; slave_device:inst12|lpm_dff1:inst|lpm_ff:lpm_ff_component|dffs[3] ; cllk       ; cllk     ; None                       ; None                       ; 3.296 ns                 ;
; Not operational: Clock Skew > Data Delay ; master_device:inst5|lpm_counter0:inst13|lpm_counter:lpm_counter_component|cntr_coi:auto_generated|safe_q[0] ; slave_device:inst14|lpm_dff1:inst|lpm_ff:lpm_ff_component|dffs[7] ; cllk       ; cllk     ; None                       ; None                       ; 3.650 ns                 ;
; Not operational: Clock Skew > Data Delay ; master_device:inst5|lpm_counter0:inst13|lpm_counter:lpm_counter_component|cntr_coi:auto_generated|safe_q[3] ; slave_device:inst14|lpm_dff1:inst|lpm_ff:lpm_ff_component|dffs[7] ; cllk       ; cllk     ; None                       ; None                       ; 3.654 ns                 ;
; Not operational: Clock Skew > Data Delay ; master_device:inst4|lpm_counter0:inst13|lpm_counter:lpm_counter_component|cntr_coi:auto_generated|safe_q[7] ; slave_device:inst12|lpm_dff1:inst|lpm_ff:lpm_ff_component|dffs[2] ; cllk       ; cllk     ; None                       ; None                       ; 3.415 ns                 ;
; Not operational: Clock Skew > Data Delay ; master_device:inst4|lpm_counter0:inst13|lpm_counter:lpm_counter_component|cntr_coi:auto_generated|safe_q[5] ; slave_device:inst12|lpm_dff1:inst|lpm_ff:lpm_ff_component|dffs[6] ; cllk       ; cllk     ; None                       ; None                       ; 3.422 ns                 ;
; Not operational: Clock Skew > Data Delay ; master_device:inst4|lpm_counter0:inst13|lpm_counter:lpm_counter_component|cntr_coi:auto_generated|safe_q[5] ; slave_device:inst12|lpm_dff1:inst|lpm_ff:lpm_ff_component|dffs[5] ; cllk       ; cllk     ; None                       ; None                       ; 3.422 ns                 ;
; Not operational: Clock Skew > Data Delay ; master_device:inst4|lpm_counter0:inst13|lpm_counter:lpm_counter_component|cntr_coi:auto_generated|safe_q[5] ; slave_device:inst12|lpm_dff1:inst|lpm_ff:lpm_ff_component|dffs[4] ; cllk       ; cllk     ; None                       ; None                       ; 3.423 ns                 ;
; Not operational: Clock Skew > Data Delay ; master_device:inst4|lpm_counter0:inst13|lpm_counter:lpm_counter_component|cntr_coi:auto_generated|safe_q[5] ; slave_device:inst12|lpm_dff1:inst|lpm_ff:lpm_ff_component|dffs[3] ; cllk       ; cllk     ; None                       ; None                       ; 3.423 ns                 ;
; Not operational: Clock Skew > Data Delay ; master_device:inst5|lpm_counter0:inst13|lpm_counter:lpm_counter_component|cntr_coi:auto_generated|safe_q[0] ; slave_device:inst12|lpm_dff1:inst|lpm_ff:lpm_ff_component|dffs[6] ; cllk       ; cllk     ; None                       ; None                       ; 3.336 ns                 ;
; Not operational: Clock Skew > Data Delay ; master_device:inst5|lpm_counter0:inst13|lpm_counter:lpm_counter_component|cntr_coi:auto_generated|safe_q[0] ; slave_device:inst12|lpm_dff1:inst|lpm_ff:lpm_ff_component|dffs[5] ; cllk       ; cllk     ; None                       ; None                       ; 3.336 ns                 ;
; Not operational: Clock Skew > Data Delay ; master_device:inst5|lpm_counter0:inst13|lpm_counter:lpm_counter_component|cntr_coi:auto_generated|safe_q[0] ; slave_device:inst12|lpm_dff1:inst|lpm_ff:lpm_ff_component|dffs[4] ; cllk       ; cllk     ; None                       ; None                       ; 3.337 ns                 ;
; Not operational: Clock Skew > Data Delay ; master_device:inst5|lpm_counter0:inst13|lpm_counter:lpm_counter_component|cntr_coi:auto_generated|safe_q[0] ; slave_device:inst12|lpm_dff1:inst|lpm_ff:lpm_ff_component|dffs[3] ; cllk       ; cllk     ; None                       ; None                       ; 3.337 ns                 ;
; Not operational: Clock Skew > Data Delay ; master_device:inst5|lpm_counter0:inst13|lpm_counter:lpm_counter_component|cntr_coi:auto_generated|safe_q[3] ; slave_device:inst12|lpm_dff1:inst|lpm_ff:lpm_ff_component|dffs[6] ; cllk       ; cllk     ; None                       ; None                       ; 3.340 ns                 ;
; Not operational: Clock Skew > Data Delay ; master_device:inst5|lpm_counter0:inst13|lpm_counter:lpm_counter_component|cntr_coi:auto_generated|safe_q[3] ; slave_device:inst12|lpm_dff1:inst|lpm_ff:lpm_ff_component|dffs[5] ; cllk       ; cllk     ; None                       ; None                       ; 3.340 ns                 ;
; Not operational: Clock Skew > Data Delay ; master_device:inst5|lpm_counter0:inst13|lpm_counter:lpm_counter_component|cntr_coi:auto_generated|safe_q[1] ; slave_device:inst14|lpm_dff1:inst|lpm_ff:lpm_ff_component|dffs[7] ; cllk       ; cllk     ; None                       ; None                       ; 3.677 ns                 ;
; Not operational: Clock Skew > Data Delay ; master_device:inst5|lpm_counter0:inst13|lpm_counter:lpm_counter_component|cntr_coi:auto_generated|safe_q[3] ; slave_device:inst12|lpm_dff1:inst|lpm_ff:lpm_ff_component|dffs[4] ; cllk       ; cllk     ; None                       ; None                       ; 3.341 ns                 ;
; Not operational: Clock Skew > Data Delay ; master_device:inst5|lpm_counter0:inst13|lpm_counter:lpm_counter_component|cntr_coi:auto_generated|safe_q[3] ; slave_device:inst12|lpm_dff1:inst|lpm_ff:lpm_ff_component|dffs[3] ; cllk       ; cllk     ; None                       ; None                       ; 3.341 ns                 ;
; Not operational: Clock Skew > Data Delay ; master_device:inst5|lpm_counter0:inst13|lpm_counter:lpm_counter_component|cntr_coi:auto_generated|safe_q[2] ; slave_device:inst13|lpm_dff1:inst|lpm_ff:lpm_ff_component|dffs[2] ; cllk       ; cllk     ; None                       ; None                       ; 3.497 ns                 ;
; Not operational: Clock Skew > Data Delay ; master_device:inst5|lpm_counter0:inst13|lpm_counter:lpm_counter_component|cntr_coi:auto_generated|safe_q[1] ; slave_device:inst12|lpm_dff1:inst|lpm_ff:lpm_ff_component|dffs[6] ; cllk       ; cllk     ; None                       ; None                       ; 3.363 ns                 ;
; Not operational: Clock Skew > Data Delay ; master_device:inst5|lpm_counter0:inst13|lpm_counter:lpm_counter_component|cntr_coi:auto_generated|safe_q[1] ; slave_device:inst12|lpm_dff1:inst|lpm_ff:lpm_ff_component|dffs[5] ; cllk       ; cllk     ; None                       ; None                       ; 3.363 ns                 ;
; Not operational: Clock Skew > Data Delay ; master_device:inst5|lpm_counter0:inst13|lpm_counter:lpm_counter_component|cntr_coi:auto_generated|safe_q[1] ; slave_device:inst12|lpm_dff1:inst|lpm_ff:lpm_ff_component|dffs[4] ; cllk       ; cllk     ; None                       ; None                       ; 3.364 ns                 ;
; Not operational: Clock Skew > Data Delay ; master_device:inst5|lpm_counter0:inst13|lpm_counter:lpm_counter_component|cntr_coi:auto_generated|safe_q[1] ; slave_device:inst12|lpm_dff1:inst|lpm_ff:lpm_ff_component|dffs[3] ; cllk       ; cllk     ; None                       ; None                       ; 3.364 ns                 ;
; Not operational: Clock Skew > Data Delay ; master_device:inst5|lpm_counter0:inst13|lpm_counter:lpm_counter_component|cntr_coi:auto_generated|safe_q[2] ; slave_device:inst14|lpm_dff1:inst|lpm_ff:lpm_ff_component|dffs[6] ; cllk       ; cllk     ; None                       ; None                       ; 3.710 ns                 ;
; Not operational: Clock Skew > Data Delay ; master_device:inst5|lpm_counter0:inst13|lpm_counter:lpm_counter_component|cntr_coi:auto_generated|safe_q[2] ; slave_device:inst14|lpm_dff1:inst|lpm_ff:lpm_ff_component|dffs[5] ; cllk       ; cllk     ; None                       ; None                       ; 3.712 ns                 ;
; Not operational: Clock Skew > Data Delay ; master_device:inst5|lpm_counter0:inst13|lpm_counter:lpm_counter_component|cntr_coi:auto_generated|safe_q[2] ; slave_device:inst14|lpm_dff1:inst|lpm_ff:lpm_ff_component|dffs[4] ; cllk       ; cllk     ; None                       ; None                       ; 3.712 ns                 ;
; Not operational: Clock Skew > Data Delay ; master_device:inst2|lpm_counter0:inst13|lpm_counter:lpm_counter_component|cntr_coi:auto_generated|safe_q[1] ; slave_device:inst14|lpm_dff1:inst|lpm_ff:lpm_ff_component|dffs[7] ; cllk       ; cllk     ; None                       ; None                       ; 3.702 ns                 ;
; Not operational: Clock Skew > Data Delay ; master_device:inst5|lpm_counter0:inst13|lpm_counter:lpm_counter_component|cntr_coi:auto_generated|safe_q[2] ; slave_device:inst14|lpm_dff1:inst|lpm_ff:lpm_ff_component|dffs[3] ; cllk       ; cllk     ; None                       ; None                       ; 3.713 ns                 ;
; Not operational: Clock Skew > Data Delay ; master_device:inst5|lpm_counter0:inst13|lpm_counter:lpm_counter_component|cntr_coi:auto_generated|safe_q[2] ; slave_device:inst14|lpm_dff1:inst|lpm_ff:lpm_ff_component|dffs[2] ; cllk       ; cllk     ; None                       ; None                       ; 3.713 ns                 ;
; Not operational: Clock Skew > Data Delay ; master_device:inst2|lpm_counter0:inst13|lpm_counter:lpm_counter_component|cntr_coi:auto_generated|safe_q[0] ; slave_device:inst14|lpm_dff1:inst|lpm_ff:lpm_ff_component|dffs[7] ; cllk       ; cllk     ; None                       ; None                       ; 3.710 ns                 ;
; Not operational: Clock Skew > Data Delay ; master_device:inst2|lpm_counter0:inst13|lpm_counter:lpm_counter_component|cntr_coi:auto_generated|safe_q[6] ; slave_device:inst14|lpm_dff1:inst|lpm_ff:lpm_ff_component|dffs[7] ; cllk       ; cllk     ; None                       ; None                       ; 3.716 ns                 ;
; Not operational: Clock Skew > Data Delay ; master_device:inst2|lpm_counter0:inst13|lpm_counter:lpm_counter_component|cntr_coi:auto_generated|safe_q[1] ; slave_device:inst12|lpm_dff1:inst|lpm_ff:lpm_ff_component|dffs[6] ; cllk       ; cllk     ; None                       ; None                       ; 3.388 ns                 ;
; Not operational: Clock Skew > Data Delay ; master_device:inst2|lpm_counter0:inst13|lpm_counter:lpm_counter_component|cntr_coi:auto_generated|safe_q[1] ; slave_device:inst12|lpm_dff1:inst|lpm_ff:lpm_ff_component|dffs[5] ; cllk       ; cllk     ; None                       ; None                       ; 3.388 ns                 ;
; Not operational: Clock Skew > Data Delay ; master_device:inst2|lpm_counter0:inst13|lpm_counter:lpm_counter_component|cntr_coi:auto_generated|safe_q[1] ; slave_device:inst12|lpm_dff1:inst|lpm_ff:lpm_ff_component|dffs[4] ; cllk       ; cllk     ; None                       ; None                       ; 3.389 ns                 ;
; Not operational: Clock Skew > Data Delay ; master_device:inst2|lpm_counter0:inst13|lpm_counter:lpm_counter_component|cntr_coi:auto_generated|safe_q[1] ; slave_device:inst12|lpm_dff1:inst|lpm_ff:lpm_ff_component|dffs[3] ; cllk       ; cllk     ; None                       ; None                       ; 3.389 ns                 ;
; Not operational: Clock Skew > Data Delay ; master_device:inst2|lpm_counter0:inst13|lpm_counter:lpm_counter_component|cntr_coi:auto_generated|safe_q[0] ; slave_device:inst12|lpm_dff1:inst|lpm_ff:lpm_ff_component|dffs[6] ; cllk       ; cllk     ; None                       ; None                       ; 3.396 ns                 ;
; Not operational: Clock Skew > Data Delay ; master_device:inst2|lpm_counter0:inst13|lpm_counter:lpm_counter_component|cntr_coi:auto_generated|safe_q[0] ; slave_device:inst12|lpm_dff1:inst|lpm_ff:lpm_ff_component|dffs[5] ; cllk       ; cllk     ; None                       ; None                       ; 3.396 ns                 ;
; Not operational: Clock Skew > Data Delay ; master_device:inst2|lpm_counter0:inst13|lpm_counter:lpm_counter_component|cntr_coi:auto_generated|safe_q[0] ; slave_device:inst12|lpm_dff1:inst|lpm_ff:lpm_ff_component|dffs[4] ; cllk       ; cllk     ; None                       ; None                       ; 3.397 ns                 ;
; Not operational: Clock Skew > Data Delay ; master_device:inst2|lpm_counter0:inst13|lpm_counter:lpm_counter_component|cntr_coi:auto_generated|safe_q[0] ; slave_device:inst12|lpm_dff1:inst|lpm_ff:lpm_ff_component|dffs[3] ; cllk       ; cllk     ; None                       ; None                       ; 3.397 ns                 ;
; Not operational: Clock Skew > Data Delay ; master_device:inst2|lpm_counter0:inst13|lpm_counter:lpm_counter_component|cntr_coi:auto_generated|safe_q[6] ; slave_device:inst12|lpm_dff1:inst|lpm_ff:lpm_ff_component|dffs[6] ; cllk       ; cllk     ; None                       ; None                       ; 3.402 ns                 ;
; Not operational: Clock Skew > Data Delay ; master_device:inst2|lpm_counter0:inst13|lpm_counter:lpm_counter_component|cntr_coi:auto_generated|safe_q[6] ; slave_device:inst12|lpm_dff1:inst|lpm_ff:lpm_ff_component|dffs[5] ; cllk       ; cllk     ; None                       ; None                       ; 3.402 ns                 ;
; Not operational: Clock Skew > Data Delay ; master_device:inst2|lpm_counter0:inst13|lpm_counter:lpm_counter_component|cntr_coi:auto_generated|safe_q[6] ; slave_device:inst12|lpm_dff1:inst|lpm_ff:lpm_ff_component|dffs[4] ; cllk       ; cllk     ; None                       ; None                       ; 3.403 ns                 ;
; Not operational: Clock Skew > Data Delay ; master_device:inst2|lpm_counter0:inst13|lpm_counter:lpm_counter_component|cntr_coi:auto_generated|safe_q[6] ; slave_device:inst12|lpm_dff1:inst|lpm_ff:lpm_ff_component|dffs[3] ; cllk       ; cllk     ; None                       ; None                       ; 3.403 ns                 ;
; Not operational: Clock Skew > Data Delay ; master_device:inst2|lpm_counter0:inst13|lpm_counter:lpm_counter_component|cntr_coi:auto_generated|safe_q[5] ; slave_device:inst13|lpm_dff1:inst|lpm_ff:lpm_ff_component|dffs[2] ; cllk       ; cllk     ; None                       ; None                       ; 3.557 ns                 ;
; Not operational: Clock Skew > Data Delay ; master_device:inst2|lpm_counter0:inst13|lpm_counter:lpm_counter_component|cntr_coi:auto_generated|safe_q[5] ; slave_device:inst14|lpm_dff1:inst|lpm_ff:lpm_ff_component|dffs[6] ; cllk       ; cllk     ; None                       ; None                       ; 3.770 ns                 ;
; Not operational: Clock Skew > Data Delay ; master_device:inst2|lpm_counter0:inst13|lpm_counter:lpm_counter_component|cntr_coi:auto_generated|safe_q[2] ; slave_device:inst14|lpm_dff1:inst|lpm_ff:lpm_ff_component|dffs[7] ; cllk       ; cllk     ; None                       ; None                       ; 3.772 ns                 ;
; Not operational: Clock Skew > Data Delay ; master_device:inst2|lpm_counter0:inst13|lpm_counter:lpm_counter_component|cntr_coi:auto_generated|safe_q[5] ; slave_device:inst14|lpm_dff1:inst|lpm_ff:lpm_ff_component|dffs[5] ; cllk       ; cllk     ; None                       ; None                       ; 3.772 ns                 ;
; Not operational: Clock Skew > Data Delay ; master_device:inst2|lpm_counter0:inst13|lpm_counter:lpm_counter_component|cntr_coi:auto_generated|safe_q[5] ; slave_device:inst14|lpm_dff1:inst|lpm_ff:lpm_ff_component|dffs[4] ; cllk       ; cllk     ; None                       ; None                       ; 3.772 ns                 ;
; Not operational: Clock Skew > Data Delay ; master_device:inst2|lpm_counter0:inst13|lpm_counter:lpm_counter_component|cntr_coi:auto_generated|safe_q[5] ; slave_device:inst14|lpm_dff1:inst|lpm_ff:lpm_ff_component|dffs[3] ; cllk       ; cllk     ; None                       ; None                       ; 3.773 ns                 ;
; Not operational: Clock Skew > Data Delay ; master_device:inst2|lpm_counter0:inst13|lpm_counter:lpm_counter_component|cntr_coi:auto_generated|safe_q[5] ; slave_device:inst14|lpm_dff1:inst|lpm_ff:lpm_ff_component|dffs[2] ; cllk       ; cllk     ; None                       ; None                       ; 3.773 ns                 ;
; Not operational: Clock Skew > Data Delay ; master_device:inst4|lpm_counter0:inst13|lpm_counter:lpm_counter_component|cntr_coi:auto_generated|safe_q[5] ; slave_device:inst13|lpm_dff1:inst|lpm_ff:lpm_ff_component|dffs[2] ; cllk       ; cllk     ; None                       ; None                       ; 3.684 ns                 ;
; Not operational: Clock Skew > Data Delay ; master_device:inst5|lpm_counter0:inst13|lpm_counter:lpm_counter_component|cntr_coi:auto_generated|safe_q[0] ; slave_device:inst13|lpm_dff1:inst|lpm_ff:lpm_ff_component|dffs[2] ; cllk       ; cllk     ; None                       ; None                       ; 3.598 ns                 ;
; Not operational: Clock Skew > Data Delay ; master_device:inst4|lpm_counter0:inst13|lpm_counter:lpm_counter_component|cntr_coi:auto_generated|safe_q[0] ; slave_device:inst14|lpm_dff1:inst|lpm_ff:lpm_ff_component|dffs[7] ; cllk       ; cllk     ; None                       ; None                       ; 3.891 ns                 ;
; Not operational: Clock Skew > Data Delay ; master_device:inst5|lpm_counter0:inst13|lpm_counter:lpm_counter_component|cntr_coi:auto_generated|safe_q[3] ; slave_device:inst13|lpm_dff1:inst|lpm_ff:lpm_ff_component|dffs[2] ; cllk       ; cllk     ; None                       ; None                       ; 3.602 ns                 ;
; Not operational: Clock Skew > Data Delay ; master_device:inst5|lpm_counter0:inst13|lpm_counter:lpm_counter_component|cntr_coi:auto_generated|safe_q[2] ; slave_device:inst17|lpm_dff1:inst|lpm_ff:lpm_ff_component|dffs[2] ; cllk       ; cllk     ; None                       ; None                       ; 3.460 ns                 ;
; Not operational: Clock Skew > Data Delay ; master_device:inst5|lpm_counter0:inst13|lpm_counter:lpm_counter_component|cntr_coi:auto_generated|safe_q[7] ; slave_device:inst14|lpm_dff1:inst|lpm_ff:lpm_ff_component|dffs[7] ; cllk       ; cllk     ; None                       ; None                       ; 3.800 ns                 ;
; Not operational: Clock Skew > Data Delay ; master_device:inst4|lpm_counter0:inst13|lpm_counter:lpm_counter_component|cntr_coi:auto_generated|safe_q[5] ; slave_device:inst14|lpm_dff1:inst|lpm_ff:lpm_ff_component|dffs[6] ; cllk       ; cllk     ; None                       ; None                       ; 3.897 ns                 ;
; Not operational: Clock Skew > Data Delay ; master_device:inst5|lpm_counter0:inst13|lpm_counter:lpm_counter_component|cntr_coi:auto_generated|safe_q[4] ; slave_device:inst14|lpm_dff1:inst|lpm_ff:lpm_ff_component|dffs[7] ; cllk       ; cllk     ; None                       ; None                       ; 3.804 ns                 ;
; Not operational: Clock Skew > Data Delay ; master_device:inst4|lpm_counter0:inst13|lpm_counter:lpm_counter_component|cntr_coi:auto_generated|safe_q[5] ; slave_device:inst14|lpm_dff1:inst|lpm_ff:lpm_ff_component|dffs[5] ; cllk       ; cllk     ; None                       ; None                       ; 3.899 ns                 ;
; Not operational: Clock Skew > Data Delay ; master_device:inst4|lpm_counter0:inst13|lpm_counter:lpm_counter_component|cntr_coi:auto_generated|safe_q[5] ; slave_device:inst14|lpm_dff1:inst|lpm_ff:lpm_ff_component|dffs[4] ; cllk       ; cllk     ; None                       ; None                       ; 3.899 ns                 ;
; Not operational: Clock Skew > Data Delay ; master_device:inst4|lpm_counter0:inst13|lpm_counter:lpm_counter_component|cntr_coi:auto_generated|safe_q[5] ; slave_device:inst14|lpm_dff1:inst|lpm_ff:lpm_ff_component|dffs[3] ; cllk       ; cllk     ; None                       ; None                       ; 3.900 ns                 ;
; Not operational: Clock Skew > Data Delay ; master_device:inst4|lpm_counter0:inst13|lpm_counter:lpm_counter_component|cntr_coi:auto_generated|safe_q[5] ; slave_device:inst14|lpm_dff1:inst|lpm_ff:lpm_ff_component|dffs[2] ; cllk       ; cllk     ; None                       ; None                       ; 3.900 ns                 ;
; Not operational: Clock Skew > Data Delay ; master_device:inst2|lpm_counter0:inst13|lpm_counter:lpm_counter_component|cntr_coi:auto_generated|safe_q[2] ; slave_device:inst12|lpm_dff1:inst|lpm_ff:lpm_ff_component|dffs[6] ; cllk       ; cllk     ; None                       ; None                       ; 3.458 ns                 ;
; Not operational: Clock Skew > Data Delay ; master_device:inst2|lpm_counter0:inst13|lpm_counter:lpm_counter_component|cntr_coi:auto_generated|safe_q[2] ; slave_device:inst12|lpm_dff1:inst|lpm_ff:lpm_ff_component|dffs[5] ; cllk       ; cllk     ; None                       ; None                       ; 3.458 ns                 ;
; Not operational: Clock Skew > Data Delay ; master_device:inst4|lpm_counter0:inst13|lpm_counter:lpm_counter_component|cntr_coi:auto_generated|safe_q[2] ; slave_device:inst14|lpm_dff1:inst|lpm_ff:lpm_ff_component|dffs[7] ; cllk       ; cllk     ; None                       ; None                       ; 3.901 ns                 ;
; Not operational: Clock Skew > Data Delay ; master_device:inst2|lpm_counter0:inst13|lpm_counter:lpm_counter_component|cntr_coi:auto_generated|safe_q[2] ; slave_device:inst12|lpm_dff1:inst|lpm_ff:lpm_ff_component|dffs[4] ; cllk       ; cllk     ; None                       ; None                       ; 3.459 ns                 ;
; Not operational: Clock Skew > Data Delay ; master_device:inst2|lpm_counter0:inst13|lpm_counter:lpm_counter_component|cntr_coi:auto_generated|safe_q[2] ; slave_device:inst12|lpm_dff1:inst|lpm_ff:lpm_ff_component|dffs[3] ; cllk       ; cllk     ; None                       ; None                       ; 3.459 ns                 ;
; Not operational: Clock Skew > Data Delay ; master_device:inst5|lpm_counter0:inst13|lpm_counter:lpm_counter_component|cntr_coi:auto_generated|safe_q[0] ; slave_device:inst14|lpm_dff1:inst|lpm_ff:lpm_ff_component|dffs[6] ; cllk       ; cllk     ; None                       ; None                       ; 3.811 ns                 ;
; Not operational: Clock Skew > Data Delay ; master_device:inst5|lpm_counter0:inst13|lpm_counter:lpm_counter_component|cntr_coi:auto_generated|safe_q[0] ; slave_device:inst14|lpm_dff1:inst|lpm_ff:lpm_ff_component|dffs[5] ; cllk       ; cllk     ; None                       ; None                       ; 3.813 ns                 ;
; Not operational: Clock Skew > Data Delay ; master_device:inst5|lpm_counter0:inst13|lpm_counter:lpm_counter_component|cntr_coi:auto_generated|safe_q[0] ; slave_device:inst14|lpm_dff1:inst|lpm_ff:lpm_ff_component|dffs[4] ; cllk       ; cllk     ; None                       ; None                       ; 3.813 ns                 ;
; Not operational: Clock Skew > Data Delay ; master_device:inst5|lpm_counter0:inst13|lpm_counter:lpm_counter_component|cntr_coi:auto_generated|safe_q[0] ; slave_device:inst14|lpm_dff1:inst|lpm_ff:lpm_ff_component|dffs[3] ; cllk       ; cllk     ; None                       ; None                       ; 3.814 ns                 ;
; Not operational: Clock Skew > Data Delay ; master_device:inst5|lpm_counter0:inst13|lpm_counter:lpm_counter_component|cntr_coi:auto_generated|safe_q[0] ; slave_device:inst14|lpm_dff1:inst|lpm_ff:lpm_ff_component|dffs[2] ; cllk       ; cllk     ; None                       ; None                       ; 3.814 ns                 ;
; Not operational: Clock Skew > Data Delay ; master_device:inst4|lpm_counter0:inst13|lpm_counter:lpm_counter_component|cntr_coi:auto_generated|safe_q[4] ; slave_device:inst14|lpm_dff1:inst|lpm_ff:lpm_ff_component|dffs[7] ; cllk       ; cllk     ; None                       ; None                       ; 3.910 ns                 ;
; Not operational: Clock Skew > Data Delay ; master_device:inst5|lpm_counter0:inst13|lpm_counter:lpm_counter_component|cntr_coi:auto_generated|safe_q[3] ; slave_device:inst14|lpm_dff1:inst|lpm_ff:lpm_ff_component|dffs[6] ; cllk       ; cllk     ; None                       ; None                       ; 3.815 ns                 ;
; Not operational: Clock Skew > Data Delay ; master_device:inst5|lpm_counter0:inst13|lpm_counter:lpm_counter_component|cntr_coi:auto_generated|safe_q[3] ; slave_device:inst14|lpm_dff1:inst|lpm_ff:lpm_ff_component|dffs[5] ; cllk       ; cllk     ; None                       ; None                       ; 3.817 ns                 ;
; Not operational: Clock Skew > Data Delay ; master_device:inst5|lpm_counter0:inst13|lpm_counter:lpm_counter_component|cntr_coi:auto_generated|safe_q[3] ; slave_device:inst14|lpm_dff1:inst|lpm_ff:lpm_ff_component|dffs[4] ; cllk       ; cllk     ; None                       ; None                       ; 3.817 ns                 ;
; Not operational: Clock Skew > Data Delay ; master_device:inst5|lpm_counter0:inst13|lpm_counter:lpm_counter_component|cntr_coi:auto_generated|safe_q[3] ; slave_device:inst14|lpm_dff1:inst|lpm_ff:lpm_ff_component|dffs[3] ; cllk       ; cllk     ; None                       ; None                       ; 3.818 ns                 ;
; Not operational: Clock Skew > Data Delay ; master_device:inst5|lpm_counter0:inst13|lpm_counter:lpm_counter_component|cntr_coi:auto_generated|safe_q[3] ; slave_device:inst14|lpm_dff1:inst|lpm_ff:lpm_ff_component|dffs[2] ; cllk       ; cllk     ; None                       ; None                       ; 3.818 ns                 ;
; Not operational: Clock Skew > Data Delay ; master_device:inst4|lpm_counter0:inst13|lpm_counter:lpm_counter_component|cntr_coi:auto_generated|safe_q[0] ; slave_device:inst12|lpm_dff1:inst|lpm_ff:lpm_ff_component|dffs[6] ; cllk       ; cllk     ; None                       ; None                       ; 3.577 ns                 ;
; Not operational: Clock Skew > Data Delay ; master_device:inst4|lpm_counter0:inst13|lpm_counter:lpm_counter_component|cntr_coi:auto_generated|safe_q[0] ; slave_device:inst12|lpm_dff1:inst|lpm_ff:lpm_ff_component|dffs[5] ; cllk       ; cllk     ; None                       ; None                       ; 3.577 ns                 ;
; Not operational: Clock Skew > Data Delay ; master_device:inst4|lpm_counter0:inst13|lpm_counter:lpm_counter_component|cntr_coi:auto_generated|safe_q[0] ; slave_device:inst12|lpm_dff1:inst|lpm_ff:lpm_ff_component|dffs[4] ; cllk       ; cllk     ; None                       ; None                       ; 3.578 ns                 ;
; Not operational: Clock Skew > Data Delay ; master_device:inst4|lpm_counter0:inst13|lpm_counter:lpm_counter_component|cntr_coi:auto_generated|safe_q[0] ; slave_device:inst12|lpm_dff1:inst|lpm_ff:lpm_ff_component|dffs[3] ; cllk       ; cllk     ; None                       ; None                       ; 3.578 ns                 ;
; Not operational: Clock Skew > Data Delay ; master_device:inst5|lpm_counter0:inst13|lpm_counter:lpm_counter_component|cntr_coi:auto_generated|safe_q[1] ; slave_device:inst13|lpm_dff1:inst|lpm_ff:lpm_ff_component|dffs[2] ; cllk       ; cllk     ; None                       ; None                       ; 3.625 ns                 ;
; Not operational: Clock Skew > Data Delay ; master_device:inst5|lpm_counter0:inst13|lpm_counter:lpm_counter_component|cntr_coi:auto_generated|safe_q[7] ; slave_device:inst12|lpm_dff1:inst|lpm_ff:lpm_ff_component|dffs[6] ; cllk       ; cllk     ; None                       ; None                       ; 3.486 ns                 ;
; Not operational: Clock Skew > Data Delay ; master_device:inst5|lpm_counter0:inst13|lpm_counter:lpm_counter_component|cntr_coi:auto_generated|safe_q[7] ; slave_device:inst12|lpm_dff1:inst|lpm_ff:lpm_ff_component|dffs[5] ; cllk       ; cllk     ; None                       ; None                       ; 3.486 ns                 ;
; Not operational: Clock Skew > Data Delay ; master_device:inst5|lpm_counter0:inst13|lpm_counter:lpm_counter_component|cntr_coi:auto_generated|safe_q[7] ; slave_device:inst12|lpm_dff1:inst|lpm_ff:lpm_ff_component|dffs[4] ; cllk       ; cllk     ; None                       ; None                       ; 3.487 ns                 ;
; Not operational: Clock Skew > Data Delay ; master_device:inst5|lpm_counter0:inst13|lpm_counter:lpm_counter_component|cntr_coi:auto_generated|safe_q[7] ; slave_device:inst12|lpm_dff1:inst|lpm_ff:lpm_ff_component|dffs[3] ; cllk       ; cllk     ; None                       ; None                       ; 3.487 ns                 ;
; Not operational: Clock Skew > Data Delay ; master_device:inst5|lpm_counter0:inst13|lpm_counter:lpm_counter_component|cntr_coi:auto_generated|safe_q[4] ; slave_device:inst12|lpm_dff1:inst|lpm_ff:lpm_ff_component|dffs[6] ; cllk       ; cllk     ; None                       ; None                       ; 3.490 ns                 ;
; Timing analysis restricted to 200 rows.  ; To change the limit use Settings (Assignments menu)                                                         ;                                                                   ;            ;          ;                            ;                            ;                          ;
+------------------------------------------+-------------------------------------------------------------------------------------------------------------+-------------------------------------------------------------------+------------+----------+----------------------------+----------------------------+--------------------------+


+-----------------------------------------------------------------------------------------------------------------------------------------------------------------------------------------------------------------+
; Clock Hold: 'REQ[1]'                                                                                                                                                                                            ;
+------------------------------------------+----------------------------+----------------------------+------------+----------+----------------------------+----------------------------+--------------------------+
; Minimum Slack                            ; From                       ; To                         ; From Clock ; To Clock ; Required Hold Relationship ; Required Shortest P2P Time ; Actual Shortest P2P Time ;
+------------------------------------------+----------------------------+----------------------------+------------+----------+----------------------------+----------------------------+--------------------------+
; Not operational: Clock Skew > Data Delay ; master_device:inst4|inst22 ; master_device:inst4|inst14 ; REQ[1]     ; REQ[1]   ; None                       ; None                       ; 0.686 ns                 ;
+------------------------------------------+----------------------------+----------------------------+------------+----------+----------------------------+----------------------------+--------------------------+


+-----------------------------------------------------------------------------------------------------------------------------------------------------------------------------------------------------------------+
; Clock Hold: 'REQ[0]'                                                                                                                                                                                            ;
+------------------------------------------+----------------------------+----------------------------+------------+----------+----------------------------+----------------------------+--------------------------+
; Minimum Slack                            ; From                       ; To                         ; From Clock ; To Clock ; Required Hold Relationship ; Required Shortest P2P Time ; Actual Shortest P2P Time ;
+------------------------------------------+----------------------------+----------------------------+------------+----------+----------------------------+----------------------------+--------------------------+
; Not operational: Clock Skew > Data Delay ; master_device:inst2|inst22 ; master_device:inst2|inst14 ; REQ[0]     ; REQ[0]   ; None                       ; None                       ; 0.694 ns                 ;
+------------------------------------------+----------------------------+----------------------------+------------+----------+----------------------------+----------------------------+--------------------------+


+------------------------------------------------------------------------------------+
; tsu                                                                                ;
+-------+--------------+------------+--------+----------------------------+----------+
; Slack ; Required tsu ; Actual tsu ; From   ; To                         ; To Clock ;
+-------+--------------+------------+--------+----------------------------+----------+
; N/A   ; None         ; 3.461 ns   ; REQ[1] ; arbitr:inst|inst           ; cllk     ;
; N/A   ; None         ; 3.447 ns   ; REQ[2] ; arbitr:inst|inst           ; cllk     ;
; N/A   ; None         ; 3.425 ns   ; REQ[0] ; arbitr:inst|inst           ; cllk     ;
; N/A   ; None         ; 3.105 ns   ; REQ[1] ; master_device:inst4|inst24 ; cllk     ;
; N/A   ; None         ; 2.941 ns   ; REQ[0] ; master_device:inst2|inst24 ; cllk     ;
; N/A   ; None         ; 2.715 ns   ; REQ[2] ; master_device:inst5|inst22 ; cllk     ;
; N/A   ; None         ; 2.686 ns   ; REQ[2] ; master_device:inst5|inst22 ; REQ[2]   ;
; N/A   ; None         ; 2.486 ns   ; REQ[0] ; master_device:inst2|inst22 ; cllk     ;
; N/A   ; None         ; 2.445 ns   ; REQ[0] ; master_device:inst2|inst22 ; REQ[0]   ;
; N/A   ; None         ; 2.387 ns   ; REQ[1] ; master_device:inst4|inst22 ; REQ[1]   ;
; N/A   ; None         ; 2.286 ns   ; REQ[1] ; master_device:inst4|inst22 ; cllk     ;
; N/A   ; None         ; 1.434 ns   ; cllk   ; arbitr:inst|inst           ; cllk     ;
; N/A   ; None         ; -0.700 ns  ; REQ[1] ; master_device:inst4|inst14 ; cllk     ;
; N/A   ; None         ; -0.923 ns  ; cllk   ; master_device:inst5|inst14 ; REQ[2]   ;
; N/A   ; None         ; -0.960 ns  ; REQ[2] ; master_device:inst5|inst14 ; REQ[2]   ;
; N/A   ; None         ; -0.960 ns  ; cllk   ; master_device:inst5|inst14 ; cllk     ;
; N/A   ; None         ; -0.997 ns  ; REQ[2] ; master_device:inst5|inst14 ; cllk     ;
; N/A   ; None         ; -1.183 ns  ; REQ[1] ; master_device:inst4|inst14 ; REQ[1]   ;
; N/A   ; None         ; -1.183 ns  ; cllk   ; master_device:inst4|inst14 ; cllk     ;
; N/A   ; None         ; -1.533 ns  ; REQ[0] ; master_device:inst2|inst14 ; cllk     ;
; N/A   ; None         ; -1.666 ns  ; cllk   ; master_device:inst4|inst14 ; REQ[1]   ;
; N/A   ; None         ; -1.699 ns  ; REQ[0] ; master_device:inst2|inst14 ; REQ[0]   ;
; N/A   ; None         ; -1.699 ns  ; cllk   ; master_device:inst2|inst14 ; cllk     ;
; N/A   ; None         ; -1.865 ns  ; cllk   ; master_device:inst2|inst14 ; REQ[0]   ;
+-------+--------------+------------+--------+----------------------------+----------+


+--------------------------------------------------------------------------------------------------------------------------------------------------------------------------------------------------------------------------------------------------------+
; tco                                                                                                                                                                                                                                                    ;
+-----------------------------------------+-----------------------------------------------------+------------+-------------------------------------------------------------------------------------------------------------+----------------+------------+
; Slack                                   ; Required tco                                        ; Actual tco ; From                                                                                                        ; To             ; From Clock ;
+-----------------------------------------+-----------------------------------------------------+------------+-------------------------------------------------------------------------------------------------------------+----------------+------------+
; N/A                                     ; None                                                ; 14.842 ns  ; slave_device:inst14|lpm_dff1:inst|lpm_ff:lpm_ff_component|dffs[0]                                           ; Data_slave4[0] ; cllk       ;
; N/A                                     ; None                                                ; 14.758 ns  ; slave_device:inst17|lpm_dff1:inst|lpm_ff:lpm_ff_component|dffs[3]                                           ; Data_slave5[3] ; cllk       ;
; N/A                                     ; None                                                ; 14.658 ns  ; slave_device:inst12|lpm_dff1:inst|lpm_ff:lpm_ff_component|dffs[5]                                           ; Data_slave2[5] ; cllk       ;
; N/A                                     ; None                                                ; 14.648 ns  ; slave_device:inst14|lpm_dff1:inst|lpm_ff:lpm_ff_component|dffs[1]                                           ; Data_slave4[1] ; cllk       ;
; N/A                                     ; None                                                ; 14.522 ns  ; slave_device:inst14|lpm_dff1:inst|lpm_ff:lpm_ff_component|dffs[2]                                           ; Data_slave4[2] ; cllk       ;
; N/A                                     ; None                                                ; 14.432 ns  ; slave_device:inst17|lpm_dff1:inst|lpm_ff:lpm_ff_component|dffs[4]                                           ; Data_slave5[4] ; cllk       ;
; N/A                                     ; None                                                ; 14.267 ns  ; slave_device:inst12|lpm_dff1:inst|lpm_ff:lpm_ff_component|dffs[4]                                           ; Data_slave2[4] ; cllk       ;
; N/A                                     ; None                                                ; 14.201 ns  ; slave_device:inst14|lpm_dff1:inst|lpm_ff:lpm_ff_component|dffs[7]                                           ; Data_slave4[7] ; cllk       ;
; N/A                                     ; None                                                ; 14.116 ns  ; slave_device:inst14|lpm_dff1:inst|lpm_ff:lpm_ff_component|dffs[6]                                           ; Data_slave4[6] ; cllk       ;
; N/A                                     ; None                                                ; 14.093 ns  ; slave_device:inst14|lpm_dff1:inst|lpm_ff:lpm_ff_component|dffs[3]                                           ; Data_slave4[3] ; cllk       ;
; N/A                                     ; None                                                ; 14.089 ns  ; slave_device:inst11|lpm_dff1:inst|lpm_ff:lpm_ff_component|dffs[4]                                           ; Data_slave1[4] ; cllk       ;
; N/A                                     ; None                                                ; 14.030 ns  ; slave_device:inst11|lpm_dff1:inst|lpm_ff:lpm_ff_component|dffs[6]                                           ; Data_slave1[6] ; cllk       ;
; N/A                                     ; None                                                ; 14.023 ns  ; slave_device:inst11|lpm_dff1:inst|lpm_ff:lpm_ff_component|dffs[3]                                           ; Data_slave1[3] ; cllk       ;
; N/A                                     ; None                                                ; 14.021 ns  ; slave_device:inst11|lpm_dff1:inst|lpm_ff:lpm_ff_component|dffs[1]                                           ; Data_slave1[1] ; cllk       ;
; N/A                                     ; None                                                ; 14.015 ns  ; slave_device:inst13|lpm_dff1:inst|lpm_ff:lpm_ff_component|dffs[7]                                           ; Data_slave3[7] ; cllk       ;
; N/A                                     ; None                                                ; 13.920 ns  ; slave_device:inst14|lpm_dff1:inst|lpm_ff:lpm_ff_component|dffs[5]                                           ; Data_slave4[5] ; cllk       ;
; N/A                                     ; None                                                ; 13.916 ns  ; slave_device:inst13|lpm_dff1:inst|lpm_ff:lpm_ff_component|dffs[4]                                           ; Data_slave3[4] ; cllk       ;
; N/A                                     ; None                                                ; 13.912 ns  ; slave_device:inst17|lpm_dff1:inst|lpm_ff:lpm_ff_component|dffs[7]                                           ; Data_slave5[7] ; cllk       ;
; N/A                                     ; None                                                ; 13.906 ns  ; slave_device:inst13|lpm_dff1:inst|lpm_ff:lpm_ff_component|dffs[5]                                           ; Data_slave3[5] ; cllk       ;
; N/A                                     ; None                                                ; 13.862 ns  ; slave_device:inst12|lpm_dff1:inst|lpm_ff:lpm_ff_component|dffs[2]                                           ; Data_slave2[2] ; cllk       ;
; N/A                                     ; None                                                ; 13.800 ns  ; slave_device:inst17|lpm_dff1:inst|lpm_ff:lpm_ff_component|dffs[1]                                           ; Data_slave5[1] ; cllk       ;
; N/A                                     ; None                                                ; 13.795 ns  ; slave_device:inst14|lpm_dff1:inst|lpm_ff:lpm_ff_component|dffs[4]                                           ; Data_slave4[4] ; cllk       ;
; N/A                                     ; None                                                ; 13.795 ns  ; slave_device:inst11|lpm_dff1:inst|lpm_ff:lpm_ff_component|dffs[7]                                           ; Data_slave1[7] ; cllk       ;
; N/A                                     ; None                                                ; 13.770 ns  ; slave_device:inst17|lpm_dff1:inst|lpm_ff:lpm_ff_component|dffs[6]                                           ; Data_slave5[6] ; cllk       ;
; N/A                                     ; None                                                ; 13.594 ns  ; slave_device:inst11|lpm_dff1:inst|lpm_ff:lpm_ff_component|dffs[5]                                           ; Data_slave1[5] ; cllk       ;
; N/A                                     ; None                                                ; 13.507 ns  ; slave_device:inst12|lpm_dff1:inst|lpm_ff:lpm_ff_component|dffs[7]                                           ; Data_slave2[7] ; cllk       ;
; N/A                                     ; None                                                ; 13.474 ns  ; slave_device:inst12|lpm_dff1:inst|lpm_ff:lpm_ff_component|dffs[0]                                           ; Data_slave2[0] ; cllk       ;
; N/A                                     ; None                                                ; 13.466 ns  ; slave_device:inst12|lpm_dff1:inst|lpm_ff:lpm_ff_component|dffs[3]                                           ; Data_slave2[3] ; cllk       ;
; N/A                                     ; None                                                ; 13.449 ns  ; slave_device:inst17|lpm_dff1:inst|lpm_ff:lpm_ff_component|dffs[5]                                           ; Data_slave5[5] ; cllk       ;
; N/A                                     ; None                                                ; 13.416 ns  ; slave_device:inst11|lpm_dff1:inst|lpm_ff:lpm_ff_component|dffs[2]                                           ; Data_slave1[2] ; cllk       ;
; N/A                                     ; None                                                ; 13.373 ns  ; slave_device:inst17|lpm_dff1:inst|lpm_ff:lpm_ff_component|dffs[0]                                           ; Data_slave5[0] ; cllk       ;
; N/A                                     ; None                                                ; 13.371 ns  ; slave_device:inst12|lpm_dff1:inst|lpm_ff:lpm_ff_component|dffs[1]                                           ; Data_slave2[1] ; cllk       ;
; N/A                                     ; None                                                ; 13.338 ns  ; slave_device:inst13|lpm_dff1:inst|lpm_ff:lpm_ff_component|dffs[3]                                           ; Data_slave3[3] ; cllk       ;
; N/A                                     ; None                                                ; 13.323 ns  ; slave_device:inst13|lpm_dff1:inst|lpm_ff:lpm_ff_component|dffs[2]                                           ; Data_slave3[2] ; cllk       ;
; N/A                                     ; None                                                ; 13.307 ns  ; slave_device:inst13|lpm_dff1:inst|lpm_ff:lpm_ff_component|dffs[1]                                           ; Data_slave3[1] ; cllk       ;
; N/A                                     ; None                                                ; 13.298 ns  ; slave_device:inst13|lpm_dff1:inst|lpm_ff:lpm_ff_component|dffs[6]                                           ; Data_slave3[6] ; cllk       ;
; N/A                                     ; None                                                ; 13.281 ns  ; slave_device:inst12|lpm_dff1:inst|lpm_ff:lpm_ff_component|dffs[6]                                           ; Data_slave2[6] ; cllk       ;
; N/A                                     ; None                                                ; 13.212 ns  ; slave_device:inst17|lpm_dff1:inst|lpm_ff:lpm_ff_component|dffs[2]                                           ; Data_slave5[2] ; cllk       ;
; N/A                                     ; None                                                ; 12.959 ns  ; master_device:inst2|inst22                                                                                  ; bus_busy       ; cllk       ;
; N/A                                     ; None                                                ; 12.951 ns  ; slave_device:inst13|lpm_dff1:inst|lpm_ff:lpm_ff_component|dffs[0]                                           ; Data_slave3[0] ; cllk       ;
; N/A                                     ; None                                                ; 12.660 ns  ; slave_device:inst11|lpm_dff1:inst|lpm_ff:lpm_ff_component|dffs[0]                                           ; Data_slave1[0] ; cllk       ;
; N/A                                     ; None                                                ; 12.227 ns  ; master_device:inst5|inst22                                                                                  ; bus_busy       ; cllk       ;
; N/A                                     ; None                                                ; 12.173 ns  ; master_device:inst5|inst22                                                                                  ; bus_req        ; cllk       ;
; N/A                                     ; None                                                ; 11.896 ns  ; master_device:inst2|inst22                                                                                  ; bus_req        ; cllk       ;
; N/A                                     ; None                                                ; 11.736 ns  ; master_device:inst2|inst22                                                                                  ; bus_busy       ; REQ[0]     ;
; N/A                                     ; None                                                ; 11.357 ns  ; master_device:inst4|inst14                                                                                  ; bus_busy       ; cllk       ;
; N/A                                     ; None                                                ; 10.720 ns  ; master_device:inst2|inst14                                                                                  ; bus_busy       ; cllk       ;
; N/A                                     ; None                                                ; 10.673 ns  ; master_device:inst2|inst22                                                                                  ; bus_req        ; REQ[0]     ;
; N/A                                     ; None                                                ; 10.670 ns  ; master_device:inst4|lpm_counter0:inst13|lpm_counter:lpm_counter_component|cntr_coi:auto_generated|safe_q[7] ; Data[3]        ; cllk       ;
; N/A                                     ; None                                                ; 10.664 ns  ; master_device:inst4|lpm_counter0:inst13|lpm_counter:lpm_counter_component|cntr_coi:auto_generated|safe_q[7] ; Data[7]        ; cllk       ;
; N/A                                     ; None                                                ; 10.634 ns  ; master_device:inst2|lpm_counter0:inst13|lpm_counter:lpm_counter_component|cntr_coi:auto_generated|safe_q[3] ; Data[3]        ; cllk       ;
; N/A                                     ; None                                                ; 10.628 ns  ; master_device:inst2|lpm_counter0:inst13|lpm_counter:lpm_counter_component|cntr_coi:auto_generated|safe_q[3] ; Data[7]        ; cllk       ;
; N/A                                     ; None                                                ; 10.590 ns  ; master_device:inst5|lpm_counter0:inst13|lpm_counter:lpm_counter_component|cntr_coi:auto_generated|safe_q[6] ; Data[3]        ; cllk       ;
; N/A                                     ; None                                                ; 10.584 ns  ; master_device:inst5|lpm_counter0:inst13|lpm_counter:lpm_counter_component|cntr_coi:auto_generated|safe_q[6] ; Data[7]        ; cllk       ;
; N/A                                     ; None                                                ; 10.556 ns  ; master_device:inst5|lpm_counter0:inst13|lpm_counter:lpm_counter_component|cntr_coi:auto_generated|safe_q[5] ; Data[3]        ; cllk       ;
; N/A                                     ; None                                                ; 10.550 ns  ; master_device:inst5|lpm_counter0:inst13|lpm_counter:lpm_counter_component|cntr_coi:auto_generated|safe_q[5] ; Data[7]        ; cllk       ;
; N/A                                     ; None                                                ; 10.536 ns  ; master_device:inst2|lpm_counter0:inst13|lpm_counter:lpm_counter_component|cntr_coi:auto_generated|safe_q[4] ; Data[3]        ; cllk       ;
; N/A                                     ; None                                                ; 10.535 ns  ; master_device:inst2|lpm_counter0:inst13|lpm_counter:lpm_counter_component|cntr_coi:auto_generated|safe_q[7] ; Data[3]        ; cllk       ;
; N/A                                     ; None                                                ; 10.530 ns  ; master_device:inst4|lpm_counter0:inst13|lpm_counter:lpm_counter_component|cntr_coi:auto_generated|safe_q[3] ; Data[3]        ; cllk       ;
; N/A                                     ; None                                                ; 10.530 ns  ; master_device:inst2|lpm_counter0:inst13|lpm_counter:lpm_counter_component|cntr_coi:auto_generated|safe_q[4] ; Data[7]        ; cllk       ;
; N/A                                     ; None                                                ; 10.529 ns  ; master_device:inst2|lpm_counter0:inst13|lpm_counter:lpm_counter_component|cntr_coi:auto_generated|safe_q[7] ; Data[7]        ; cllk       ;
; N/A                                     ; None                                                ; 10.524 ns  ; master_device:inst4|lpm_counter0:inst13|lpm_counter:lpm_counter_component|cntr_coi:auto_generated|safe_q[3] ; Data[7]        ; cllk       ;
; N/A                                     ; None                                                ; 10.505 ns  ; master_device:inst4|lpm_counter0:inst13|lpm_counter:lpm_counter_component|cntr_coi:auto_generated|safe_q[1] ; Data[3]        ; cllk       ;
; N/A                                     ; None                                                ; 10.505 ns  ; master_device:inst4|lpm_counter0:inst13|lpm_counter:lpm_counter_component|cntr_coi:auto_generated|safe_q[6] ; Data[3]        ; cllk       ;
; N/A                                     ; None                                                ; 10.499 ns  ; master_device:inst4|lpm_counter0:inst13|lpm_counter:lpm_counter_component|cntr_coi:auto_generated|safe_q[1] ; Data[7]        ; cllk       ;
; N/A                                     ; None                                                ; 10.499 ns  ; master_device:inst4|lpm_counter0:inst13|lpm_counter:lpm_counter_component|cntr_coi:auto_generated|safe_q[6] ; Data[7]        ; cllk       ;
; N/A                                     ; None                                                ; 10.473 ns  ; master_device:inst4|lpm_counter0:inst13|lpm_counter:lpm_counter_component|cntr_coi:auto_generated|safe_q[4] ; Data[3]        ; cllk       ;
; N/A                                     ; None                                                ; 10.467 ns  ; master_device:inst4|lpm_counter0:inst13|lpm_counter:lpm_counter_component|cntr_coi:auto_generated|safe_q[4] ; Data[7]        ; cllk       ;
; N/A                                     ; None                                                ; 10.464 ns  ; master_device:inst4|lpm_counter0:inst13|lpm_counter:lpm_counter_component|cntr_coi:auto_generated|safe_q[2] ; Data[3]        ; cllk       ;
; N/A                                     ; None                                                ; 10.462 ns  ; master_device:inst5|lpm_counter0:inst13|lpm_counter:lpm_counter_component|cntr_coi:auto_generated|safe_q[4] ; Data[3]        ; cllk       ;
; N/A                                     ; None                                                ; 10.458 ns  ; master_device:inst5|lpm_counter0:inst13|lpm_counter:lpm_counter_component|cntr_coi:auto_generated|safe_q[7] ; Data[3]        ; cllk       ;
; N/A                                     ; None                                                ; 10.458 ns  ; master_device:inst4|lpm_counter0:inst13|lpm_counter:lpm_counter_component|cntr_coi:auto_generated|safe_q[2] ; Data[7]        ; cllk       ;
; N/A                                     ; None                                                ; 10.456 ns  ; master_device:inst5|lpm_counter0:inst13|lpm_counter:lpm_counter_component|cntr_coi:auto_generated|safe_q[4] ; Data[7]        ; cllk       ;
; N/A                                     ; None                                                ; 10.454 ns  ; master_device:inst4|lpm_counter0:inst13|lpm_counter:lpm_counter_component|cntr_coi:auto_generated|safe_q[0] ; Data[3]        ; cllk       ;
; N/A                                     ; None                                                ; 10.452 ns  ; master_device:inst5|lpm_counter0:inst13|lpm_counter:lpm_counter_component|cntr_coi:auto_generated|safe_q[7] ; Data[7]        ; cllk       ;
; N/A                                     ; None                                                ; 10.448 ns  ; master_device:inst4|lpm_counter0:inst13|lpm_counter:lpm_counter_component|cntr_coi:auto_generated|safe_q[0] ; Data[7]        ; cllk       ;
; N/A                                     ; None                                                ; 10.441 ns  ; master_device:inst2|lpm_counter0:inst13|lpm_counter:lpm_counter_component|cntr_coi:auto_generated|safe_q[2] ; Data[3]        ; cllk       ;
; N/A                                     ; None                                                ; 10.435 ns  ; master_device:inst2|lpm_counter0:inst13|lpm_counter:lpm_counter_component|cntr_coi:auto_generated|safe_q[2] ; Data[7]        ; cllk       ;
; N/A                                     ; None                                                ; 10.385 ns  ; master_device:inst2|lpm_counter0:inst13|lpm_counter:lpm_counter_component|cntr_coi:auto_generated|safe_q[6] ; Data[3]        ; cllk       ;
; N/A                                     ; None                                                ; 10.379 ns  ; master_device:inst2|lpm_counter0:inst13|lpm_counter:lpm_counter_component|cntr_coi:auto_generated|safe_q[0] ; Data[3]        ; cllk       ;
; N/A                                     ; None                                                ; 10.379 ns  ; master_device:inst2|lpm_counter0:inst13|lpm_counter:lpm_counter_component|cntr_coi:auto_generated|safe_q[6] ; Data[7]        ; cllk       ;
; N/A                                     ; None                                                ; 10.373 ns  ; master_device:inst2|lpm_counter0:inst13|lpm_counter:lpm_counter_component|cntr_coi:auto_generated|safe_q[0] ; Data[7]        ; cllk       ;
; N/A                                     ; None                                                ; 10.371 ns  ; master_device:inst2|lpm_counter0:inst13|lpm_counter:lpm_counter_component|cntr_coi:auto_generated|safe_q[1] ; Data[3]        ; cllk       ;
; N/A                                     ; None                                                ; 10.365 ns  ; master_device:inst2|lpm_counter0:inst13|lpm_counter:lpm_counter_component|cntr_coi:auto_generated|safe_q[1] ; Data[7]        ; cllk       ;
; N/A                                     ; None                                                ; 10.335 ns  ; master_device:inst5|lpm_counter0:inst13|lpm_counter:lpm_counter_component|cntr_coi:auto_generated|safe_q[1] ; Data[3]        ; cllk       ;
; N/A                                     ; None                                                ; 10.329 ns  ; master_device:inst5|lpm_counter0:inst13|lpm_counter:lpm_counter_component|cntr_coi:auto_generated|safe_q[1] ; Data[7]        ; cllk       ;
; N/A                                     ; None                                                ; 10.313 ns  ; master_device:inst5|inst14                                                                                  ; bus_busy       ; cllk       ;
; N/A                                     ; None                                                ; 10.312 ns  ; master_device:inst5|lpm_counter0:inst13|lpm_counter:lpm_counter_component|cntr_coi:auto_generated|safe_q[3] ; Data[3]        ; cllk       ;
; N/A                                     ; None                                                ; 10.308 ns  ; master_device:inst5|lpm_counter0:inst13|lpm_counter:lpm_counter_component|cntr_coi:auto_generated|safe_q[0] ; Data[3]        ; cllk       ;
; N/A                                     ; None                                                ; 10.306 ns  ; master_device:inst5|lpm_counter0:inst13|lpm_counter:lpm_counter_component|cntr_coi:auto_generated|safe_q[3] ; Data[7]        ; cllk       ;
; N/A                                     ; None                                                ; 10.302 ns  ; master_device:inst5|lpm_counter0:inst13|lpm_counter:lpm_counter_component|cntr_coi:auto_generated|safe_q[0] ; Data[7]        ; cllk       ;
; N/A                                     ; None                                                ; 10.299 ns  ; master_device:inst4|lpm_counter0:inst13|lpm_counter:lpm_counter_component|cntr_coi:auto_generated|safe_q[5] ; Data[3]        ; cllk       ;
; N/A                                     ; None                                                ; 10.293 ns  ; master_device:inst4|lpm_counter0:inst13|lpm_counter:lpm_counter_component|cntr_coi:auto_generated|safe_q[5] ; Data[7]        ; cllk       ;
; N/A                                     ; None                                                ; 10.278 ns  ; master_device:inst2|lpm_counter0:inst13|lpm_counter:lpm_counter_component|cntr_coi:auto_generated|safe_q[5] ; Data[3]        ; cllk       ;
; N/A                                     ; None                                                ; 10.272 ns  ; master_device:inst2|lpm_counter0:inst13|lpm_counter:lpm_counter_component|cntr_coi:auto_generated|safe_q[5] ; Data[7]        ; cllk       ;
; N/A                                     ; None                                                ; 10.207 ns  ; master_device:inst5|lpm_counter0:inst13|lpm_counter:lpm_counter_component|cntr_coi:auto_generated|safe_q[2] ; Data[3]        ; cllk       ;
; N/A                                     ; None                                                ; 10.205 ns  ; master_device:inst4|inst14                                                                                  ; bus_busy       ; REQ[1]     ;
; N/A                                     ; None                                                ; 10.201 ns  ; master_device:inst5|lpm_counter0:inst13|lpm_counter:lpm_counter_component|cntr_coi:auto_generated|safe_q[2] ; Data[7]        ; cllk       ;
; N/A                                     ; None                                                ; 10.193 ns  ; master_device:inst4|lpm_counter0:inst13|lpm_counter:lpm_counter_component|cntr_coi:auto_generated|safe_q[7] ; Address[0]     ; cllk       ;
; N/A                                     ; None                                                ; 10.191 ns  ; master_device:inst5|inst22                                                                                  ; bus_busy       ; REQ[2]     ;
; N/A                                     ; None                                                ; 10.157 ns  ; master_device:inst2|lpm_counter0:inst13|lpm_counter:lpm_counter_component|cntr_coi:auto_generated|safe_q[3] ; Address[0]     ; cllk       ;
; N/A                                     ; None                                                ; 10.137 ns  ; master_device:inst5|inst22                                                                                  ; bus_req        ; REQ[2]     ;
; N/A                                     ; None                                                ; 10.122 ns  ; master_device:inst4|lpm_counter0:inst13|lpm_counter:lpm_counter_component|cntr_coi:auto_generated|safe_q[7] ; Data[6]        ; cllk       ;
; N/A                                     ; None                                                ; 10.113 ns  ; master_device:inst5|lpm_counter0:inst13|lpm_counter:lpm_counter_component|cntr_coi:auto_generated|safe_q[6] ; Address[0]     ; cllk       ;
; N/A                                     ; None                                                ; 10.086 ns  ; master_device:inst2|lpm_counter0:inst13|lpm_counter:lpm_counter_component|cntr_coi:auto_generated|safe_q[3] ; Data[6]        ; cllk       ;
; N/A                                     ; None                                                ; 10.079 ns  ; master_device:inst5|lpm_counter0:inst13|lpm_counter:lpm_counter_component|cntr_coi:auto_generated|safe_q[5] ; Address[0]     ; cllk       ;
; N/A                                     ; None                                                ; 10.059 ns  ; master_device:inst2|lpm_counter0:inst13|lpm_counter:lpm_counter_component|cntr_coi:auto_generated|safe_q[4] ; Address[0]     ; cllk       ;
; N/A                                     ; None                                                ; 10.058 ns  ; master_device:inst2|lpm_counter0:inst13|lpm_counter:lpm_counter_component|cntr_coi:auto_generated|safe_q[7] ; Address[0]     ; cllk       ;
; N/A                                     ; None                                                ; 10.053 ns  ; master_device:inst4|lpm_counter0:inst13|lpm_counter:lpm_counter_component|cntr_coi:auto_generated|safe_q[3] ; Address[0]     ; cllk       ;
; N/A                                     ; None                                                ; 10.042 ns  ; master_device:inst5|lpm_counter0:inst13|lpm_counter:lpm_counter_component|cntr_coi:auto_generated|safe_q[6] ; Data[6]        ; cllk       ;
; N/A                                     ; None                                                ; 10.028 ns  ; master_device:inst4|lpm_counter0:inst13|lpm_counter:lpm_counter_component|cntr_coi:auto_generated|safe_q[1] ; Address[0]     ; cllk       ;
; N/A                                     ; None                                                ; 10.028 ns  ; master_device:inst4|lpm_counter0:inst13|lpm_counter:lpm_counter_component|cntr_coi:auto_generated|safe_q[6] ; Address[0]     ; cllk       ;
; N/A                                     ; None                                                ; 10.008 ns  ; master_device:inst5|lpm_counter0:inst13|lpm_counter:lpm_counter_component|cntr_coi:auto_generated|safe_q[5] ; Data[6]        ; cllk       ;
; N/A                                     ; None                                                ; 9.996 ns   ; master_device:inst4|lpm_counter0:inst13|lpm_counter:lpm_counter_component|cntr_coi:auto_generated|safe_q[4] ; Address[0]     ; cllk       ;
; N/A                                     ; None                                                ; 9.988 ns   ; master_device:inst2|lpm_counter0:inst13|lpm_counter:lpm_counter_component|cntr_coi:auto_generated|safe_q[4] ; Data[6]        ; cllk       ;
; N/A                                     ; None                                                ; 9.987 ns   ; master_device:inst2|lpm_counter0:inst13|lpm_counter:lpm_counter_component|cntr_coi:auto_generated|safe_q[7] ; Data[6]        ; cllk       ;
; N/A                                     ; None                                                ; 9.987 ns   ; master_device:inst4|lpm_counter0:inst13|lpm_counter:lpm_counter_component|cntr_coi:auto_generated|safe_q[2] ; Address[0]     ; cllk       ;
; N/A                                     ; None                                                ; 9.985 ns   ; master_device:inst5|lpm_counter0:inst13|lpm_counter:lpm_counter_component|cntr_coi:auto_generated|safe_q[4] ; Address[0]     ; cllk       ;
; N/A                                     ; None                                                ; 9.982 ns   ; master_device:inst4|lpm_counter0:inst13|lpm_counter:lpm_counter_component|cntr_coi:auto_generated|safe_q[3] ; Data[6]        ; cllk       ;
; N/A                                     ; None                                                ; 9.982 ns   ; master_device:inst4|lpm_counter5:inst10|lpm_counter:lpm_counter_component|cntr_vvi:auto_generated|safe_q[1] ; Address[1]     ; cllk       ;
; N/A                                     ; None                                                ; 9.981 ns   ; master_device:inst5|lpm_counter0:inst13|lpm_counter:lpm_counter_component|cntr_coi:auto_generated|safe_q[7] ; Address[0]     ; cllk       ;
; N/A                                     ; None                                                ; 9.977 ns   ; master_device:inst4|lpm_counter0:inst13|lpm_counter:lpm_counter_component|cntr_coi:auto_generated|safe_q[0] ; Address[0]     ; cllk       ;
; N/A                                     ; None                                                ; 9.964 ns   ; master_device:inst2|lpm_counter0:inst13|lpm_counter:lpm_counter_component|cntr_coi:auto_generated|safe_q[2] ; Address[0]     ; cllk       ;
; N/A                                     ; None                                                ; 9.957 ns   ; master_device:inst4|lpm_counter0:inst13|lpm_counter:lpm_counter_component|cntr_coi:auto_generated|safe_q[1] ; Data[6]        ; cllk       ;
; N/A                                     ; None                                                ; 9.957 ns   ; master_device:inst4|lpm_counter0:inst13|lpm_counter:lpm_counter_component|cntr_coi:auto_generated|safe_q[6] ; Data[6]        ; cllk       ;
; N/A                                     ; None                                                ; 9.925 ns   ; master_device:inst4|lpm_counter0:inst13|lpm_counter:lpm_counter_component|cntr_coi:auto_generated|safe_q[4] ; Data[6]        ; cllk       ;
; N/A                                     ; None                                                ; 9.916 ns   ; master_device:inst4|lpm_counter0:inst13|lpm_counter:lpm_counter_component|cntr_coi:auto_generated|safe_q[2] ; Data[6]        ; cllk       ;
; N/A                                     ; None                                                ; 9.914 ns   ; master_device:inst5|lpm_counter0:inst13|lpm_counter:lpm_counter_component|cntr_coi:auto_generated|safe_q[4] ; Data[6]        ; cllk       ;
; N/A                                     ; None                                                ; 9.910 ns   ; master_device:inst5|lpm_counter0:inst13|lpm_counter:lpm_counter_component|cntr_coi:auto_generated|safe_q[7] ; Data[6]        ; cllk       ;
; N/A                                     ; None                                                ; 9.908 ns   ; master_device:inst2|lpm_counter0:inst13|lpm_counter:lpm_counter_component|cntr_coi:auto_generated|safe_q[6] ; Address[0]     ; cllk       ;
; N/A                                     ; None                                                ; 9.906 ns   ; master_device:inst4|lpm_counter0:inst13|lpm_counter:lpm_counter_component|cntr_coi:auto_generated|safe_q[0] ; Data[6]        ; cllk       ;
; N/A                                     ; None                                                ; 9.902 ns   ; master_device:inst2|lpm_counter0:inst13|lpm_counter:lpm_counter_component|cntr_coi:auto_generated|safe_q[0] ; Address[0]     ; cllk       ;
; N/A                                     ; None                                                ; 9.894 ns   ; master_device:inst2|lpm_counter0:inst13|lpm_counter:lpm_counter_component|cntr_coi:auto_generated|safe_q[1] ; Address[0]     ; cllk       ;
; N/A                                     ; None                                                ; 9.893 ns   ; master_device:inst2|lpm_counter0:inst13|lpm_counter:lpm_counter_component|cntr_coi:auto_generated|safe_q[2] ; Data[6]        ; cllk       ;
; N/A                                     ; None                                                ; 9.858 ns   ; master_device:inst5|lpm_counter0:inst13|lpm_counter:lpm_counter_component|cntr_coi:auto_generated|safe_q[1] ; Address[0]     ; cllk       ;
; N/A                                     ; None                                                ; 9.841 ns   ; master_device:inst2|lpm_counter5:inst10|lpm_counter:lpm_counter_component|cntr_vvi:auto_generated|safe_q[1] ; Address[1]     ; cllk       ;
; N/A                                     ; None                                                ; 9.837 ns   ; master_device:inst2|lpm_counter0:inst13|lpm_counter:lpm_counter_component|cntr_coi:auto_generated|safe_q[6] ; Data[6]        ; cllk       ;
; N/A                                     ; None                                                ; 9.835 ns   ; master_device:inst5|lpm_counter0:inst13|lpm_counter:lpm_counter_component|cntr_coi:auto_generated|safe_q[3] ; Address[0]     ; cllk       ;
; N/A                                     ; None                                                ; 9.831 ns   ; master_device:inst2|lpm_counter0:inst13|lpm_counter:lpm_counter_component|cntr_coi:auto_generated|safe_q[0] ; Data[6]        ; cllk       ;
; N/A                                     ; None                                                ; 9.831 ns   ; master_device:inst5|lpm_counter0:inst13|lpm_counter:lpm_counter_component|cntr_coi:auto_generated|safe_q[0] ; Address[0]     ; cllk       ;
; N/A                                     ; None                                                ; 9.823 ns   ; master_device:inst2|lpm_counter0:inst13|lpm_counter:lpm_counter_component|cntr_coi:auto_generated|safe_q[1] ; Data[6]        ; cllk       ;
; N/A                                     ; None                                                ; 9.822 ns   ; master_device:inst4|lpm_counter0:inst13|lpm_counter:lpm_counter_component|cntr_coi:auto_generated|safe_q[5] ; Address[0]     ; cllk       ;
; N/A                                     ; None                                                ; 9.820 ns   ; master_device:inst4|lpm_counter5:inst10|lpm_counter:lpm_counter_component|cntr_vvi:auto_generated|safe_q[0] ; Address[0]     ; cllk       ;
; N/A                                     ; None                                                ; 9.816 ns   ; master_device:inst2|lpm_counter5:inst10|lpm_counter:lpm_counter_component|cntr_vvi:auto_generated|safe_q[0] ; Address[1]     ; cllk       ;
; N/A                                     ; None                                                ; 9.807 ns   ; master_device:inst5|lpm_counter5:inst10|lpm_counter:lpm_counter_component|cntr_vvi:auto_generated|safe_q[1] ; Address[1]     ; cllk       ;
; N/A                                     ; None                                                ; 9.801 ns   ; master_device:inst2|lpm_counter0:inst13|lpm_counter:lpm_counter_component|cntr_coi:auto_generated|safe_q[5] ; Address[0]     ; cllk       ;
; N/A                                     ; None                                                ; 9.791 ns   ; master_device:inst4|lpm_counter0:inst13|lpm_counter:lpm_counter_component|cntr_coi:auto_generated|safe_q[7] ; Data[2]        ; cllk       ;
; N/A                                     ; None                                                ; 9.787 ns   ; master_device:inst5|lpm_counter0:inst13|lpm_counter:lpm_counter_component|cntr_coi:auto_generated|safe_q[1] ; Data[6]        ; cllk       ;
; N/A                                     ; None                                                ; 9.780 ns   ; master_device:inst5|lpm_counter5:inst10|lpm_counter:lpm_counter_component|cntr_vvi:auto_generated|safe_q[0] ; Address[1]     ; cllk       ;
; N/A                                     ; None                                                ; 9.777 ns   ; master_device:inst5|lpm_counter5:inst10|lpm_counter:lpm_counter_component|cntr_vvi:auto_generated|safe_q[0] ; Address[2]     ; cllk       ;
; N/A                                     ; None                                                ; 9.766 ns   ; master_device:inst5|lpm_counter5:inst10|lpm_counter:lpm_counter_component|cntr_vvi:auto_generated|safe_q[0] ; Address[0]     ; cllk       ;
; N/A                                     ; None                                                ; 9.764 ns   ; master_device:inst5|lpm_counter0:inst13|lpm_counter:lpm_counter_component|cntr_coi:auto_generated|safe_q[3] ; Data[6]        ; cllk       ;
; N/A                                     ; None                                                ; 9.760 ns   ; master_device:inst5|lpm_counter0:inst13|lpm_counter:lpm_counter_component|cntr_coi:auto_generated|safe_q[0] ; Data[6]        ; cllk       ;
; N/A                                     ; None                                                ; 9.758 ns   ; master_device:inst4|lpm_counter5:inst10|lpm_counter:lpm_counter_component|cntr_vvi:auto_generated|safe_q[1] ; Address[2]     ; cllk       ;
; N/A                                     ; None                                                ; 9.755 ns   ; master_device:inst2|lpm_counter0:inst13|lpm_counter:lpm_counter_component|cntr_coi:auto_generated|safe_q[3] ; Data[2]        ; cllk       ;
; N/A                                     ; None                                                ; 9.751 ns   ; master_device:inst4|lpm_counter0:inst13|lpm_counter:lpm_counter_component|cntr_coi:auto_generated|safe_q[5] ; Data[6]        ; cllk       ;
; N/A                                     ; None                                                ; 9.751 ns   ; master_device:inst2|lpm_counter5:inst10|lpm_counter:lpm_counter_component|cntr_vvi:auto_generated|safe_q[1] ; Address[2]     ; cllk       ;
; N/A                                     ; None                                                ; 9.748 ns   ; master_device:inst4|lpm_counter5:inst10|lpm_counter:lpm_counter_component|cntr_vvi:auto_generated|safe_q[2] ; Address[2]     ; cllk       ;
; N/A                                     ; None                                                ; 9.747 ns   ; master_device:inst5|lpm_counter5:inst10|lpm_counter:lpm_counter_component|cntr_vvi:auto_generated|safe_q[1] ; Address[2]     ; cllk       ;
; N/A                                     ; None                                                ; 9.744 ns   ; master_device:inst5|lpm_counter5:inst10|lpm_counter:lpm_counter_component|cntr_vvi:auto_generated|safe_q[2] ; Address[2]     ; cllk       ;
; N/A                                     ; None                                                ; 9.730 ns   ; master_device:inst2|lpm_counter0:inst13|lpm_counter:lpm_counter_component|cntr_coi:auto_generated|safe_q[5] ; Data[6]        ; cllk       ;
; N/A                                     ; None                                                ; 9.730 ns   ; master_device:inst5|lpm_counter0:inst13|lpm_counter:lpm_counter_component|cntr_coi:auto_generated|safe_q[2] ; Address[0]     ; cllk       ;
; N/A                                     ; None                                                ; 9.711 ns   ; master_device:inst5|lpm_counter0:inst13|lpm_counter:lpm_counter_component|cntr_coi:auto_generated|safe_q[6] ; Data[2]        ; cllk       ;
; N/A                                     ; None                                                ; 9.677 ns   ; master_device:inst5|lpm_counter0:inst13|lpm_counter:lpm_counter_component|cntr_coi:auto_generated|safe_q[5] ; Data[2]        ; cllk       ;
; N/A                                     ; None                                                ; 9.659 ns   ; master_device:inst5|lpm_counter0:inst13|lpm_counter:lpm_counter_component|cntr_coi:auto_generated|safe_q[2] ; Data[6]        ; cllk       ;
; N/A                                     ; None                                                ; 9.657 ns   ; master_device:inst2|lpm_counter0:inst13|lpm_counter:lpm_counter_component|cntr_coi:auto_generated|safe_q[4] ; Data[2]        ; cllk       ;
; N/A                                     ; None                                                ; 9.656 ns   ; master_device:inst2|lpm_counter0:inst13|lpm_counter:lpm_counter_component|cntr_coi:auto_generated|safe_q[7] ; Data[2]        ; cllk       ;
; N/A                                     ; None                                                ; 9.651 ns   ; master_device:inst4|lpm_counter0:inst13|lpm_counter:lpm_counter_component|cntr_coi:auto_generated|safe_q[3] ; Data[2]        ; cllk       ;
; N/A                                     ; None                                                ; 9.644 ns   ; master_device:inst2|lpm_counter5:inst10|lpm_counter:lpm_counter_component|cntr_vvi:auto_generated|safe_q[0] ; Address[0]     ; cllk       ;
; N/A                                     ; None                                                ; 9.626 ns   ; master_device:inst4|lpm_counter0:inst13|lpm_counter:lpm_counter_component|cntr_coi:auto_generated|safe_q[1] ; Data[2]        ; cllk       ;
; N/A                                     ; None                                                ; 9.626 ns   ; master_device:inst4|lpm_counter0:inst13|lpm_counter:lpm_counter_component|cntr_coi:auto_generated|safe_q[6] ; Data[2]        ; cllk       ;
; N/A                                     ; None                                                ; 9.607 ns   ; master_device:inst4|lpm_counter0:inst13|lpm_counter:lpm_counter_component|cntr_coi:auto_generated|safe_q[7] ; Data[0]        ; cllk       ;
; N/A                                     ; None                                                ; 9.594 ns   ; master_device:inst4|lpm_counter0:inst13|lpm_counter:lpm_counter_component|cntr_coi:auto_generated|safe_q[4] ; Data[2]        ; cllk       ;
; N/A                                     ; None                                                ; 9.585 ns   ; master_device:inst4|lpm_counter0:inst13|lpm_counter:lpm_counter_component|cntr_coi:auto_generated|safe_q[2] ; Data[2]        ; cllk       ;
; N/A                                     ; None                                                ; 9.583 ns   ; master_device:inst5|lpm_counter0:inst13|lpm_counter:lpm_counter_component|cntr_coi:auto_generated|safe_q[4] ; Data[2]        ; cllk       ;
; N/A                                     ; None                                                ; 9.579 ns   ; master_device:inst5|lpm_counter0:inst13|lpm_counter:lpm_counter_component|cntr_coi:auto_generated|safe_q[7] ; Data[2]        ; cllk       ;
; N/A                                     ; None                                                ; 9.575 ns   ; master_device:inst4|lpm_counter0:inst13|lpm_counter:lpm_counter_component|cntr_coi:auto_generated|safe_q[0] ; Data[2]        ; cllk       ;
; N/A                                     ; None                                                ; 9.571 ns   ; master_device:inst2|lpm_counter0:inst13|lpm_counter:lpm_counter_component|cntr_coi:auto_generated|safe_q[3] ; Data[0]        ; cllk       ;
; N/A                                     ; None                                                ; 9.562 ns   ; master_device:inst2|lpm_counter0:inst13|lpm_counter:lpm_counter_component|cntr_coi:auto_generated|safe_q[2] ; Data[2]        ; cllk       ;
; N/A                                     ; None                                                ; 9.557 ns   ; master_device:inst2|lpm_counter5:inst10|lpm_counter:lpm_counter_component|cntr_vvi:auto_generated|safe_q[0] ; Address[2]     ; cllk       ;
; N/A                                     ; None                                                ; 9.550 ns   ; master_device:inst4|lpm_counter0:inst13|lpm_counter:lpm_counter_component|cntr_coi:auto_generated|safe_q[7] ; Address[2]     ; cllk       ;
; N/A                                     ; None                                                ; 9.549 ns   ; master_device:inst2|lpm_counter0:inst13|lpm_counter:lpm_counter_component|cntr_coi:auto_generated|safe_q[3] ; Address[1]     ; cllk       ;
; N/A                                     ; None                                                ; 9.542 ns   ; master_device:inst4|lpm_counter0:inst13|lpm_counter:lpm_counter_component|cntr_coi:auto_generated|safe_q[7] ; Address[1]     ; cllk       ;
; N/A                                     ; None                                                ; 9.537 ns   ; master_device:inst4|lpm_counter0:inst13|lpm_counter:lpm_counter_component|cntr_coi:auto_generated|safe_q[7] ; Data[4]        ; cllk       ;
; N/A                                     ; None                                                ; 9.537 ns   ; master_device:inst2|lpm_counter5:inst10|lpm_counter:lpm_counter_component|cntr_vvi:auto_generated|safe_q[2] ; Address[2]     ; cllk       ;
; N/A                                     ; None                                                ; 9.527 ns   ; master_device:inst5|lpm_counter0:inst13|lpm_counter:lpm_counter_component|cntr_coi:auto_generated|safe_q[6] ; Data[0]        ; cllk       ;
; N/A                                     ; None                                                ; 9.514 ns   ; master_device:inst2|lpm_counter0:inst13|lpm_counter:lpm_counter_component|cntr_coi:auto_generated|safe_q[3] ; Address[2]     ; cllk       ;
; N/A                                     ; None                                                ; 9.508 ns   ; master_device:inst5|lpm_counter0:inst13|lpm_counter:lpm_counter_component|cntr_coi:auto_generated|safe_q[6] ; Address[2]     ; cllk       ;
; N/A                                     ; None                                                ; 9.506 ns   ; master_device:inst2|lpm_counter0:inst13|lpm_counter:lpm_counter_component|cntr_coi:auto_generated|safe_q[6] ; Data[2]        ; cllk       ;
; N/A                                     ; None                                                ; 9.501 ns   ; master_device:inst2|lpm_counter0:inst13|lpm_counter:lpm_counter_component|cntr_coi:auto_generated|safe_q[3] ; Data[4]        ; cllk       ;
; N/A                                     ; None                                                ; 9.500 ns   ; master_device:inst2|lpm_counter0:inst13|lpm_counter:lpm_counter_component|cntr_coi:auto_generated|safe_q[0] ; Data[2]        ; cllk       ;
; N/A                                     ; None                                                ; 9.497 ns   ; master_device:inst2|inst14                                                                                  ; bus_busy       ; REQ[0]     ;
; N/A                                     ; None                                                ; 9.497 ns   ; master_device:inst5|lpm_counter0:inst13|lpm_counter:lpm_counter_component|cntr_coi:auto_generated|safe_q[6] ; Address[1]     ; cllk       ;
; N/A                                     ; None                                                ; 9.493 ns   ; master_device:inst5|lpm_counter0:inst13|lpm_counter:lpm_counter_component|cntr_coi:auto_generated|safe_q[5] ; Data[0]        ; cllk       ;
; N/A                                     ; None                                                ; 9.492 ns   ; master_device:inst2|lpm_counter0:inst13|lpm_counter:lpm_counter_component|cntr_coi:auto_generated|safe_q[1] ; Data[2]        ; cllk       ;
; N/A                                     ; None                                                ; 9.474 ns   ; master_device:inst5|lpm_counter0:inst13|lpm_counter:lpm_counter_component|cntr_coi:auto_generated|safe_q[5] ; Address[2]     ; cllk       ;
; N/A                                     ; None                                                ; 9.473 ns   ; master_device:inst2|lpm_counter0:inst13|lpm_counter:lpm_counter_component|cntr_coi:auto_generated|safe_q[4] ; Data[0]        ; cllk       ;
; N/A                                     ; None                                                ; 9.472 ns   ; master_device:inst2|lpm_counter0:inst13|lpm_counter:lpm_counter_component|cntr_coi:auto_generated|safe_q[7] ; Data[0]        ; cllk       ;
; N/A                                     ; None                                                ; 9.467 ns   ; master_device:inst4|lpm_counter0:inst13|lpm_counter:lpm_counter_component|cntr_coi:auto_generated|safe_q[3] ; Data[0]        ; cllk       ;
; N/A                                     ; None                                                ; 9.463 ns   ; master_device:inst5|lpm_counter0:inst13|lpm_counter:lpm_counter_component|cntr_coi:auto_generated|safe_q[5] ; Address[1]     ; cllk       ;
; Timing analysis restricted to 200 rows. ; To change the limit use Settings (Assignments menu) ;            ;                                                                                                             ;                ;            ;
+-----------------------------------------+-----------------------------------------------------+------------+-------------------------------------------------------------------------------------------------------------+----------------+------------+


+-----------------------------------------------------------------+
; tpd                                                             ;
+-------+-------------------+-----------------+--------+----------+
; Slack ; Required P2P Time ; Actual P2P Time ; From   ; To       ;
+-------+-------------------+-----------------+--------+----------+
; N/A   ; None              ; 8.800 ns        ; REQ[1] ; bus_req  ;
; N/A   ; None              ; 8.786 ns        ; REQ[2] ; bus_req  ;
; N/A   ; None              ; 8.764 ns        ; REQ[0] ; bus_req  ;
; N/A   ; None              ; 7.664 ns        ; REQ[1] ; bus_busy ;
; N/A   ; None              ; 7.261 ns        ; REQ[0] ; bus_busy ;
; N/A   ; None              ; 7.181 ns        ; cllk   ; bus_busy ;
; N/A   ; None              ; 6.974 ns        ; REQ[2] ; bus_busy ;
+-------+-------------------+-----------------+--------+----------+


+------------------------------------------------------------------------------------------+
; th                                                                                       ;
+---------------+-------------+-----------+--------+----------------------------+----------+
; Minimum Slack ; Required th ; Actual th ; From   ; To                         ; To Clock ;
+---------------+-------------+-----------+--------+----------------------------+----------+
; N/A           ; None        ; 3.327 ns  ; cllk   ; master_device:inst2|inst14 ; cllk     ;
; N/A           ; None        ; 3.272 ns  ; cllk   ; master_device:inst4|inst14 ; cllk     ;
; N/A           ; None        ; 3.235 ns  ; REQ[2] ; master_device:inst5|inst14 ; cllk     ;
; N/A           ; None        ; 3.198 ns  ; cllk   ; master_device:inst5|inst14 ; cllk     ;
; N/A           ; None        ; 3.161 ns  ; REQ[0] ; master_device:inst2|inst14 ; cllk     ;
; N/A           ; None        ; 2.789 ns  ; REQ[1] ; master_device:inst4|inst14 ; cllk     ;
; N/A           ; None        ; 2.120 ns  ; cllk   ; master_device:inst4|inst14 ; REQ[1]   ;
; N/A           ; None        ; 2.104 ns  ; cllk   ; master_device:inst2|inst14 ; REQ[0]   ;
; N/A           ; None        ; 2.076 ns  ; REQ[0] ; master_device:inst2|inst22 ; cllk     ;
; N/A           ; None        ; 1.938 ns  ; REQ[0] ; master_device:inst2|inst14 ; REQ[0]   ;
; N/A           ; None        ; 1.637 ns  ; REQ[1] ; master_device:inst4|inst14 ; REQ[1]   ;
; N/A           ; None        ; 1.599 ns  ; REQ[2] ; master_device:inst5|inst22 ; cllk     ;
; N/A           ; None        ; 1.199 ns  ; REQ[2] ; master_device:inst5|inst14 ; REQ[2]   ;
; N/A           ; None        ; 1.162 ns  ; cllk   ; master_device:inst5|inst14 ; REQ[2]   ;
; N/A           ; None        ; 0.853 ns  ; REQ[0] ; master_device:inst2|inst22 ; REQ[0]   ;
; N/A           ; None        ; -0.222 ns ; cllk   ; arbitr:inst|inst           ; cllk     ;
; N/A           ; None        ; -0.388 ns ; REQ[0] ; arbitr:inst|inst           ; cllk     ;
; N/A           ; None        ; -0.437 ns ; REQ[2] ; master_device:inst5|inst22 ; REQ[2]   ;
; N/A           ; None        ; -0.455 ns ; REQ[2] ; arbitr:inst|inst           ; cllk     ;
; N/A           ; None        ; -1.678 ns ; REQ[1] ; arbitr:inst|inst           ; cllk     ;
; N/A           ; None        ; -2.047 ns ; REQ[1] ; master_device:inst4|inst22 ; cllk     ;
; N/A           ; None        ; -2.148 ns ; REQ[1] ; master_device:inst4|inst22 ; REQ[1]   ;
; N/A           ; None        ; -2.702 ns ; REQ[0] ; master_device:inst2|inst24 ; cllk     ;
; N/A           ; None        ; -2.866 ns ; REQ[1] ; master_device:inst4|inst24 ; cllk     ;
+---------------+-------------+-----------+--------+----------------------------+----------+


+--------------------------+
; Timing Analyzer Messages ;
+--------------------------+
Info: *******************************************************************
Info: Running Quartus II Classic Timing Analyzer
    Info: Version 9.1 Build 222 10/21/2009 SJ Web Edition
    Info: Processing started: Tue Mar 11 02:45:53 2025
Info: Command: quartus_tan --read_settings_files=off --write_settings_files=off lab7var2 -c lab7var2 --timing_analysis_only
Warning: Found pins functioning as undefined clocks and/or memory enables
    Info: Assuming node "cllk" is an undefined clock
    Info: Assuming node "REQ[1]" is an undefined clock
    Info: Assuming node "REQ[0]" is an undefined clock
    Info: Assuming node "REQ[2]" is an undefined clock
Warning: Found 72 node(s) in clock paths which may be acting as ripple and/or gated clocks -- node(s) analyzed as buffer(s) resulting in clock skew
    Info: Detected gated clock "slave_device:inst17|inst7" as buffer
    Info: Detected gated clock "slave_device:inst14|inst7" as buffer
    Info: Detected gated clock "slave_device:inst13|inst7" as buffer
    Info: Detected gated clock "slave_device:inst12|inst7" as buffer
    Info: Detected gated clock "master_device:inst4|lpm_bustri1:inst9|lpm_bustri:lpm_bustri_component|dout[0]~8" as buffer
    Info: Detected gated clock "master_device:inst4|lpm_bustri1:inst9|lpm_bustri:lpm_bustri_component|dout[1]~6" as buffer
    Info: Detected gated clock "master_device:inst2|lpm_add_sub2:inst11|lpm_add_sub:lpm_add_sub_component|add_sub_9lh:auto_generated|op_1~0" as buffer
    Info: Detected gated clock "master_device:inst4|lpm_bustri1:inst9|lpm_bustri:lpm_bustri_component|dout[2]~3" as buffer
    Info: Detected gated clock "master_device:inst2|lpm_compare0:inst6|lpm_compare:lpm_compare_component|cmpr_fig:auto_generated|aneb_result_wire[0]" as buffer
    Info: Detected gated clock "master_device:inst4|lpm_compare0:inst6|lpm_compare:lpm_compare_component|cmpr_fig:auto_generated|aneb_result_wire[0]" as buffer
    Info: Detected gated clock "master_device:inst4|lpm_bustri1:inst9|lpm_bustri:lpm_bustri_component|dout[0]~9" as buffer
    Info: Detected gated clock "master_device:inst4|lpm_bustri1:inst9|lpm_bustri:lpm_bustri_component|dout[1]~7" as buffer
    Info: Detected gated clock "master_device:inst4|lpm_bustri1:inst9|lpm_bustri:lpm_bustri_component|dout[2]~4" as buffer
    Info: Detected gated clock "master_device:inst4|lpm_bustri1:inst9|lpm_bustri:lpm_bustri_component|dout[2]~5" as buffer
    Info: Detected gated clock "slave_device:inst11|inst7" as buffer
    Info: Detected ripple clock "master_device:inst5|lpm_counter5:inst10|lpm_counter:lpm_counter_component|cntr_vvi:auto_generated|safe_q[0]" as buffer
    Info: Detected ripple clock "master_device:inst5|lpm_counter5:inst10|lpm_counter:lpm_counter_component|cntr_vvi:auto_generated|safe_q[1]" as buffer
    Info: Detected ripple clock "master_device:inst5|lpm_counter5:inst10|lpm_counter:lpm_counter_component|cntr_vvi:auto_generated|safe_q[2]" as buffer
    Info: Detected ripple clock "master_device:inst2|lpm_counter5:inst10|lpm_counter:lpm_counter_component|cntr_vvi:auto_generated|safe_q[0]" as buffer
    Info: Detected ripple clock "master_device:inst2|lpm_counter5:inst10|lpm_counter:lpm_counter_component|cntr_vvi:auto_generated|safe_q[1]" as buffer
    Info: Detected ripple clock "master_device:inst2|lpm_counter5:inst10|lpm_counter:lpm_counter_component|cntr_vvi:auto_generated|safe_q[2]" as buffer
    Info: Detected ripple clock "master_device:inst4|lpm_counter5:inst10|lpm_counter:lpm_counter_component|cntr_vvi:auto_generated|safe_q[1]" as buffer
    Info: Detected ripple clock "master_device:inst4|lpm_counter5:inst10|lpm_counter:lpm_counter_component|cntr_vvi:auto_generated|safe_q[0]" as buffer
    Info: Detected ripple clock "master_device:inst4|lpm_counter5:inst10|lpm_counter:lpm_counter_component|cntr_vvi:auto_generated|safe_q[2]" as buffer
    Info: Detected ripple clock "master_device:inst5|lpm_counter0:inst13|lpm_counter:lpm_counter_component|cntr_coi:auto_generated|safe_q[2]" as buffer
    Info: Detected ripple clock "master_device:inst5|lpm_counter0:inst13|lpm_counter:lpm_counter_component|cntr_coi:auto_generated|safe_q[3]" as buffer
    Info: Detected ripple clock "master_device:inst5|lpm_counter0:inst13|lpm_counter:lpm_counter_component|cntr_coi:auto_generated|safe_q[7]" as buffer
    Info: Detected ripple clock "master_device:inst5|lpm_counter0:inst13|lpm_counter:lpm_counter_component|cntr_coi:auto_generated|safe_q[4]" as buffer
    Info: Detected ripple clock "master_device:inst5|lpm_counter0:inst13|lpm_counter:lpm_counter_component|cntr_coi:auto_generated|safe_q[5]" as buffer
    Info: Detected ripple clock "master_device:inst5|lpm_counter0:inst13|lpm_counter:lpm_counter_component|cntr_coi:auto_generated|safe_q[6]" as buffer
    Info: Detected ripple clock "master_device:inst2|lpm_counter0:inst13|lpm_counter:lpm_counter_component|cntr_coi:auto_generated|safe_q[5]" as buffer
    Info: Detected ripple clock "master_device:inst2|lpm_counter0:inst13|lpm_counter:lpm_counter_component|cntr_coi:auto_generated|safe_q[6]" as buffer
    Info: Detected ripple clock "master_device:inst2|lpm_counter0:inst13|lpm_counter:lpm_counter_component|cntr_coi:auto_generated|safe_q[4]" as buffer
    Info: Detected ripple clock "master_device:inst2|lpm_counter0:inst13|lpm_counter:lpm_counter_component|cntr_coi:auto_generated|safe_q[7]" as buffer
    Info: Detected ripple clock "master_device:inst2|lpm_counter0:inst13|lpm_counter:lpm_counter_component|cntr_coi:auto_generated|safe_q[3]" as buffer
    Info: Detected ripple clock "master_device:inst5|lpm_counter0:inst13|lpm_counter:lpm_counter_component|cntr_coi:auto_generated|safe_q[0]" as buffer
    Info: Detected gated clock "master_device:inst5|lpm_compare0:inst2|lpm_compare:lpm_compare_component|cmpr_fig:auto_generated|aneb_result_wire[0]~0" as buffer
    Info: Detected ripple clock "master_device:inst5|lpm_counter0:inst13|lpm_counter:lpm_counter_component|cntr_coi:auto_generated|safe_q[1]" as buffer
    Info: Detected ripple clock "master_device:inst2|lpm_counter0:inst13|lpm_counter:lpm_counter_component|cntr_coi:auto_generated|safe_q[1]" as buffer
    Info: Detected gated clock "master_device:inst2|lpm_compare0:inst2|lpm_compare:lpm_compare_component|cmpr_fig:auto_generated|aneb_result_wire[0]~0" as buffer
    Info: Detected ripple clock "master_device:inst2|lpm_counter0:inst13|lpm_counter:lpm_counter_component|cntr_coi:auto_generated|safe_q[2]" as buffer
    Info: Detected ripple clock "master_device:inst2|lpm_counter0:inst13|lpm_counter:lpm_counter_component|cntr_coi:auto_generated|safe_q[0]" as buffer
    Info: Detected gated clock "master_device:inst5|lpm_compare0:inst2|lpm_compare:lpm_compare_component|cmpr_fig:auto_generated|aneb_result_wire[0]" as buffer
    Info: Detected gated clock "master_device:inst2|lpm_compare0:inst2|lpm_compare:lpm_compare_component|cmpr_fig:auto_generated|aneb_result_wire[0]" as buffer
    Info: Detected gated clock "master_device:inst5|inst16" as buffer
    Info: Detected gated clock "master_device:inst2|inst16" as buffer
    Info: Detected gated clock "master_device:inst5|inst26" as buffer
    Info: Detected ripple clock "master_device:inst5|inst14" as buffer
    Info: Detected ripple clock "master_device:inst2|inst14" as buffer
    Info: Detected ripple clock "master_device:inst5|inst22" as buffer
    Info: Detected ripple clock "master_device:inst4|inst24" as buffer
    Info: Detected gated clock "master_device:inst2|inst26" as buffer
    Info: Detected gated clock "master_device:inst2|inst3" as buffer
    Info: Detected gated clock "master_device:inst5|inst3~0" as buffer
    Info: Detected ripple clock "master_device:inst2|inst22" as buffer
    Info: Detected gated clock "master_device:inst4|inst26" as buffer
    Info: Detected ripple clock "master_device:inst4|lpm_counter0:inst13|lpm_counter:lpm_counter_component|cntr_coi:auto_generated|safe_q[5]" as buffer
    Info: Detected ripple clock "master_device:inst4|lpm_counter0:inst13|lpm_counter:lpm_counter_component|cntr_coi:auto_generated|safe_q[4]" as buffer
    Info: Detected ripple clock "master_device:inst4|lpm_counter0:inst13|lpm_counter:lpm_counter_component|cntr_coi:auto_generated|safe_q[6]" as buffer
    Info: Detected ripple clock "master_device:inst4|lpm_counter0:inst13|lpm_counter:lpm_counter_component|cntr_coi:auto_generated|safe_q[7]" as buffer
    Info: Detected ripple clock "master_device:inst4|inst22" as buffer
    Info: Detected ripple clock "arbitr:inst|inst" as buffer
    Info: Detected ripple clock "master_device:inst2|inst24" as buffer
    Info: Detected ripple clock "master_device:inst4|lpm_counter0:inst13|lpm_counter:lpm_counter_component|cntr_coi:auto_generated|safe_q[3]" as buffer
    Info: Detected ripple clock "master_device:inst4|lpm_counter0:inst13|lpm_counter:lpm_counter_component|cntr_coi:auto_generated|safe_q[2]" as buffer
    Info: Detected ripple clock "master_device:inst4|lpm_counter0:inst13|lpm_counter:lpm_counter_component|cntr_coi:auto_generated|safe_q[1]" as buffer
    Info: Detected gated clock "master_device:inst4|lpm_compare0:inst2|lpm_compare:lpm_compare_component|cmpr_fig:auto_generated|aneb_result_wire[0]~0" as buffer
    Info: Detected gated clock "master_device:inst4|inst3~0" as buffer
    Info: Detected gated clock "master_device:inst4|lpm_compare0:inst2|lpm_compare:lpm_compare_component|cmpr_fig:auto_generated|aneb_result_wire[0]" as buffer
    Info: Detected gated clock "master_device:inst4|inst16" as buffer
    Info: Detected ripple clock "master_device:inst4|inst14" as buffer
    Info: Detected ripple clock "master_device:inst4|lpm_counter0:inst13|lpm_counter:lpm_counter_component|cntr_coi:auto_generated|safe_q[0]" as buffer
Info: Clock "cllk" has Internal fmax of 146.33 MHz between source register "master_device:inst5|inst22" and destination register "arbitr:inst|inst" (period= 6.834 ns)
    Info: + Longest register to register delay is 2.136 ns
        Info: 1: + IC(0.000 ns) + CELL(0.000 ns) = 0.000 ns; Loc. = LCFF_X14_Y16_N21; Fanout = 2; REG Node = 'master_device:inst5|inst22'
        Info: 2: + IC(1.131 ns) + CELL(0.378 ns) = 1.509 ns; Loc. = LCCOMB_X14_Y16_N14; Fanout = 2; COMB Node = 'inst16'
        Info: 3: + IC(0.244 ns) + CELL(0.228 ns) = 1.981 ns; Loc. = LCCOMB_X14_Y16_N2; Fanout = 1; COMB Node = 'arbitr:inst|inst4'
        Info: 4: + IC(0.000 ns) + CELL(0.155 ns) = 2.136 ns; Loc. = LCFF_X14_Y16_N3; Fanout = 4; REG Node = 'arbitr:inst|inst'
        Info: Total cell delay = 0.761 ns ( 35.63 % )
        Info: Total interconnect delay = 1.375 ns ( 64.37 % )
    Info: - Smallest clock skew is -4.514 ns
        Info: + Shortest clock path from clock "cllk" to destination register is 2.590 ns
            Info: 1: + IC(0.000 ns) + CELL(0.864 ns) = 0.864 ns; Loc. = PIN_L20; Fanout = 41; CLK Node = 'cllk'
            Info: 2: + IC(1.108 ns) + CELL(0.618 ns) = 2.590 ns; Loc. = LCFF_X14_Y16_N3; Fanout = 4; REG Node = 'arbitr:inst|inst'
            Info: Total cell delay = 1.482 ns ( 57.22 % )
            Info: Total interconnect delay = 1.108 ns ( 42.78 % )
        Info: - Longest clock path from clock "cllk" to source register is 7.104 ns
            Info: 1: + IC(0.000 ns) + CELL(0.864 ns) = 0.864 ns; Loc. = PIN_L20; Fanout = 41; CLK Node = 'cllk'
            Info: 2: + IC(1.204 ns) + CELL(0.712 ns) = 2.780 ns; Loc. = LCFF_X13_Y12_N13; Fanout = 3; REG Node = 'master_device:inst5|lpm_counter0:inst13|lpm_counter:lpm_counter_component|cntr_coi:auto_generated|safe_q[6]'
            Info: 3: + IC(0.271 ns) + CELL(0.378 ns) = 3.429 ns; Loc. = LCCOMB_X13_Y12_N24; Fanout = 5; COMB Node = 'master_device:inst5|lpm_compare0:inst2|lpm_compare:lpm_compare_component|cmpr_fig:auto_generated|aneb_result_wire[0]~0'
            Info: 4: + IC(0.308 ns) + CELL(0.225 ns) = 3.962 ns; Loc. = LCCOMB_X14_Y12_N30; Fanout = 5; COMB Node = 'master_device:inst5|lpm_compare0:inst2|lpm_compare:lpm_compare_component|cmpr_fig:auto_generated|aneb_result_wire[0]'
            Info: 5: + IC(0.685 ns) + CELL(0.228 ns) = 4.875 ns; Loc. = LCCOMB_X14_Y16_N8; Fanout = 1; COMB Node = 'master_device:inst5|inst16'
            Info: 6: + IC(0.308 ns) + CELL(0.712 ns) = 5.895 ns; Loc. = LCFF_X13_Y16_N29; Fanout = 12; REG Node = 'master_device:inst5|inst14'
            Info: 7: + IC(0.325 ns) + CELL(0.053 ns) = 6.273 ns; Loc. = LCCOMB_X14_Y16_N20; Fanout = 1; COMB Node = 'master_device:inst5|inst26'
            Info: 8: + IC(0.213 ns) + CELL(0.618 ns) = 7.104 ns; Loc. = LCFF_X14_Y16_N21; Fanout = 2; REG Node = 'master_device:inst5|inst22'
            Info: Total cell delay = 3.790 ns ( 53.35 % )
            Info: Total interconnect delay = 3.314 ns ( 46.65 % )
    Info: + Micro clock to output delay of source is 0.094 ns
    Info: + Micro setup delay of destination is 0.090 ns
Info: Clock "REQ[0]" has Internal fmax of 360.23 MHz between source register "master_device:inst2|inst22" and destination register "master_device:inst2|inst14" (period= 2.776 ns)
    Info: + Longest register to register delay is 0.694 ns
        Info: 1: + IC(0.000 ns) + CELL(0.000 ns) = 0.000 ns; Loc. = LCFF_X13_Y15_N21; Fanout = 3; REG Node = 'master_device:inst2|inst22'
        Info: 2: + IC(0.211 ns) + CELL(0.053 ns) = 0.264 ns; Loc. = LCCOMB_X13_Y15_N26; Fanout = 4; COMB Node = 'master_device:inst2|inst3'
        Info: 3: + IC(0.222 ns) + CELL(0.053 ns) = 0.539 ns; Loc. = LCCOMB_X13_Y15_N8; Fanout = 1; COMB Node = 'master_device:inst2|inst14~feeder'
        Info: 4: + IC(0.000 ns) + CELL(0.155 ns) = 0.694 ns; Loc. = LCFF_X13_Y15_N9; Fanout = 12; REG Node = 'master_device:inst2|inst14'
        Info: Total cell delay = 0.261 ns ( 37.61 % )
        Info: Total interconnect delay = 0.433 ns ( 62.39 % )
    Info: - Smallest clock skew is -1.898 ns
        Info: + Shortest clock path from clock "REQ[0]" to destination register is 4.566 ns
            Info: 1: + IC(0.000 ns) + CELL(0.857 ns) = 0.857 ns; Loc. = PIN_A15; Fanout = 5; CLK Node = 'REQ[0]'
            Info: 2: + IC(1.218 ns) + CELL(0.272 ns) = 2.347 ns; Loc. = LCCOMB_X13_Y15_N26; Fanout = 4; COMB Node = 'master_device:inst2|inst3'
            Info: 3: + IC(0.824 ns) + CELL(0.225 ns) = 3.396 ns; Loc. = LCCOMB_X14_Y13_N20; Fanout = 1; COMB Node = 'master_device:inst2|inst16'
            Info: 4: + IC(0.552 ns) + CELL(0.618 ns) = 4.566 ns; Loc. = LCFF_X13_Y15_N9; Fanout = 12; REG Node = 'master_device:inst2|inst14'
            Info: Total cell delay = 1.972 ns ( 43.19 % )
            Info: Total interconnect delay = 2.594 ns ( 56.81 % )
        Info: - Longest clock path from clock "REQ[0]" to source register is 6.464 ns
            Info: 1: + IC(0.000 ns) + CELL(0.857 ns) = 0.857 ns; Loc. = PIN_A15; Fanout = 5; CLK Node = 'REQ[0]'
            Info: 2: + IC(1.218 ns) + CELL(0.272 ns) = 2.347 ns; Loc. = LCCOMB_X13_Y15_N26; Fanout = 4; COMB Node = 'master_device:inst2|inst3'
            Info: 3: + IC(0.824 ns) + CELL(0.225 ns) = 3.396 ns; Loc. = LCCOMB_X14_Y13_N20; Fanout = 1; COMB Node = 'master_device:inst2|inst16'
            Info: 4: + IC(0.552 ns) + CELL(0.712 ns) = 4.660 ns; Loc. = LCFF_X13_Y15_N9; Fanout = 12; REG Node = 'master_device:inst2|inst14'
            Info: 5: + IC(0.606 ns) + CELL(0.053 ns) = 5.319 ns; Loc. = LCCOMB_X14_Y16_N18; Fanout = 1; COMB Node = 'master_device:inst2|inst26'
            Info: 6: + IC(0.527 ns) + CELL(0.618 ns) = 6.464 ns; Loc. = LCFF_X13_Y15_N21; Fanout = 3; REG Node = 'master_device:inst2|inst22'
            Info: Total cell delay = 2.737 ns ( 42.34 % )
            Info: Total interconnect delay = 3.727 ns ( 57.66 % )
    Info: + Micro clock to output delay of source is 0.094 ns
    Info: + Micro setup delay of destination is 0.090 ns
Info: Clock "REQ[2]" has Internal fmax of 443.07 MHz between source register "master_device:inst5|inst22" and destination register "master_device:inst5|inst14" (period= 2.257 ns)
    Info: + Longest register to register delay is 0.770 ns
        Info: 1: + IC(0.000 ns) + CELL(0.000 ns) = 0.000 ns; Loc. = LCFF_X14_Y16_N21; Fanout = 2; REG Node = 'master_device:inst5|inst22'
        Info: 2: + IC(0.292 ns) + CELL(0.053 ns) = 0.345 ns; Loc. = LCCOMB_X13_Y16_N10; Fanout = 4; COMB Node = 'master_device:inst5|inst3~0'
        Info: 3: + IC(0.217 ns) + CELL(0.053 ns) = 0.615 ns; Loc. = LCCOMB_X13_Y16_N28; Fanout = 1; COMB Node = 'master_device:inst5|inst14~feeder'
        Info: 4: + IC(0.000 ns) + CELL(0.155 ns) = 0.770 ns; Loc. = LCFF_X13_Y16_N29; Fanout = 12; REG Node = 'master_device:inst5|inst14'
        Info: Total cell delay = 0.261 ns ( 33.90 % )
        Info: Total interconnect delay = 0.509 ns ( 66.10 % )
    Info: - Smallest clock skew is -1.303 ns
        Info: + Shortest clock path from clock "REQ[2]" to destination register is 3.765 ns
            Info: 1: + IC(0.000 ns) + CELL(0.847 ns) = 0.847 ns; Loc. = PIN_B16; Fanout = 4; CLK Node = 'REQ[2]'
            Info: 2: + IC(1.171 ns) + CELL(0.272 ns) = 2.290 ns; Loc. = LCCOMB_X13_Y16_N10; Fanout = 4; COMB Node = 'master_device:inst5|inst3~0'
            Info: 3: + IC(0.324 ns) + CELL(0.225 ns) = 2.839 ns; Loc. = LCCOMB_X14_Y16_N8; Fanout = 1; COMB Node = 'master_device:inst5|inst16'
            Info: 4: + IC(0.308 ns) + CELL(0.618 ns) = 3.765 ns; Loc. = LCFF_X13_Y16_N29; Fanout = 12; REG Node = 'master_device:inst5|inst14'
            Info: Total cell delay = 1.962 ns ( 52.11 % )
            Info: Total interconnect delay = 1.803 ns ( 47.89 % )
        Info: - Longest clock path from clock "REQ[2]" to source register is 5.068 ns
            Info: 1: + IC(0.000 ns) + CELL(0.847 ns) = 0.847 ns; Loc. = PIN_B16; Fanout = 4; CLK Node = 'REQ[2]'
            Info: 2: + IC(1.171 ns) + CELL(0.272 ns) = 2.290 ns; Loc. = LCCOMB_X13_Y16_N10; Fanout = 4; COMB Node = 'master_device:inst5|inst3~0'
            Info: 3: + IC(0.324 ns) + CELL(0.225 ns) = 2.839 ns; Loc. = LCCOMB_X14_Y16_N8; Fanout = 1; COMB Node = 'master_device:inst5|inst16'
            Info: 4: + IC(0.308 ns) + CELL(0.712 ns) = 3.859 ns; Loc. = LCFF_X13_Y16_N29; Fanout = 12; REG Node = 'master_device:inst5|inst14'
            Info: 5: + IC(0.325 ns) + CELL(0.053 ns) = 4.237 ns; Loc. = LCCOMB_X14_Y16_N20; Fanout = 1; COMB Node = 'master_device:inst5|inst26'
            Info: 6: + IC(0.213 ns) + CELL(0.618 ns) = 5.068 ns; Loc. = LCFF_X14_Y16_N21; Fanout = 2; REG Node = 'master_device:inst5|inst22'
            Info: Total cell delay = 2.727 ns ( 53.81 % )
            Info: Total interconnect delay = 2.341 ns ( 46.19 % )
    Info: + Micro clock to output delay of source is 0.094 ns
    Info: + Micro setup delay of destination is 0.090 ns
Warning: Circuit may not operate. Detected 201 non-operational path(s) clocked by clock "cllk" with clock skew larger than data delay. See Compilation Report for details.
Info: Found hold time violation between source  pin or register "master_device:inst2|lpm_counter0:inst13|lpm_counter:lpm_counter_component|cntr_coi:auto_generated|safe_q[5]" and destination pin or register "slave_device:inst14|lpm_dff1:inst|lpm_ff:lpm_ff_component|dffs[1]" for clock "cllk" (Hold time is 6.713 ns)
    Info: + Largest clock skew is 7.693 ns
        Info: + Longest clock path from clock "cllk" to destination register is 10.390 ns
            Info: 1: + IC(0.000 ns) + CELL(0.864 ns) = 0.864 ns; Loc. = PIN_L20; Fanout = 41; CLK Node = 'cllk'
            Info: 2: + IC(1.109 ns) + CELL(0.712 ns) = 2.685 ns; Loc. = LCFF_X15_Y16_N31; Fanout = 2; REG Node = 'master_device:inst4|lpm_counter0:inst13|lpm_counter:lpm_counter_component|cntr_coi:auto_generated|safe_q[7]'
            Info: 3: + IC(0.362 ns) + CELL(0.366 ns) = 3.413 ns; Loc. = LCCOMB_X14_Y16_N6; Fanout = 2; COMB Node = 'master_device:inst4|lpm_compare0:inst2|lpm_compare:lpm_compare_component|cmpr_fig:auto_generated|aneb_result_wire[0]~0'
            Info: 4: + IC(0.272 ns) + CELL(0.366 ns) = 4.051 ns; Loc. = LCCOMB_X14_Y16_N24; Fanout = 5; COMB Node = 'master_device:inst4|lpm_compare0:inst2|lpm_compare:lpm_compare_component|cmpr_fig:auto_generated|aneb_result_wire[0]'
            Info: 5: + IC(0.628 ns) + CELL(0.712 ns) = 5.391 ns; Loc. = LCFF_X15_Y13_N1; Fanout = 4; REG Node = 'master_device:inst4|lpm_counter5:inst10|lpm_counter:lpm_counter_component|cntr_vvi:auto_generated|safe_q[0]'
            Info: 6: + IC(0.558 ns) + CELL(0.228 ns) = 6.177 ns; Loc. = LCCOMB_X14_Y13_N24; Fanout = 6; COMB Node = 'master_device:inst4|lpm_bustri1:inst9|lpm_bustri:lpm_bustri_component|dout[0]~9'
            Info: 7: + IC(0.856 ns) + CELL(0.228 ns) = 7.261 ns; Loc. = LCCOMB_X15_Y16_N12; Fanout = 1; COMB Node = 'slave_device:inst14|inst7'
            Info: 8: + IC(1.835 ns) + CELL(0.000 ns) = 9.096 ns; Loc. = CLKCTRL_G7; Fanout = 8; COMB Node = 'slave_device:inst14|inst7~clkctrl'
            Info: 9: + IC(0.676 ns) + CELL(0.618 ns) = 10.390 ns; Loc. = LCFF_X11_Y13_N9; Fanout = 1; REG Node = 'slave_device:inst14|lpm_dff1:inst|lpm_ff:lpm_ff_component|dffs[1]'
            Info: Total cell delay = 4.094 ns ( 39.40 % )
            Info: Total interconnect delay = 6.296 ns ( 60.60 % )
        Info: - Shortest clock path from clock "cllk" to source register is 2.697 ns
            Info: 1: + IC(0.000 ns) + CELL(0.864 ns) = 0.864 ns; Loc. = PIN_L20; Fanout = 41; CLK Node = 'cllk'
            Info: 2: + IC(1.215 ns) + CELL(0.618 ns) = 2.697 ns; Loc. = LCFF_X11_Y13_N27; Fanout = 3; REG Node = 'master_device:inst2|lpm_counter0:inst13|lpm_counter:lpm_counter_component|cntr_coi:auto_generated|safe_q[5]'
            Info: Total cell delay = 1.482 ns ( 54.95 % )
            Info: Total interconnect delay = 1.215 ns ( 45.05 % )
    Info: - Micro clock to output delay of source is 0.094 ns
    Info: - Shortest register to register delay is 1.035 ns
        Info: 1: + IC(0.000 ns) + CELL(0.000 ns) = 0.000 ns; Loc. = LCFF_X11_Y13_N27; Fanout = 3; REG Node = 'master_device:inst2|lpm_counter0:inst13|lpm_counter:lpm_counter_component|cntr_coi:auto_generated|safe_q[5]'
        Info: 2: + IC(0.206 ns) + CELL(0.053 ns) = 0.259 ns; Loc. = LCCOMB_X11_Y13_N12; Fanout = 2; COMB Node = 'master_device:inst2|lpm_compare0:inst2|lpm_compare:lpm_compare_component|cmpr_fig:auto_generated|aneb_result_wire[0]~0'
        Info: 3: + IC(0.467 ns) + CELL(0.154 ns) = 0.880 ns; Loc. = LCCOMB_X11_Y13_N8; Fanout = 10; COMB Node = 'master_device:inst2|lpm_compare0:inst6|lpm_compare:lpm_compare_component|cmpr_fig:auto_generated|aneb_result_wire[0]'
        Info: 4: + IC(0.000 ns) + CELL(0.155 ns) = 1.035 ns; Loc. = LCFF_X11_Y13_N9; Fanout = 1; REG Node = 'slave_device:inst14|lpm_dff1:inst|lpm_ff:lpm_ff_component|dffs[1]'
        Info: Total cell delay = 0.362 ns ( 34.98 % )
        Info: Total interconnect delay = 0.673 ns ( 65.02 % )
    Info: + Micro hold delay of destination is 0.149 ns
Warning: Circuit may not operate. Detected 1 non-operational path(s) clocked by clock "REQ[1]" with clock skew larger than data delay. See Compilation Report for details.
Info: Found hold time violation between source  pin or register "master_device:inst4|inst22" and destination pin or register "master_device:inst4|inst14" for clock "REQ[1]" (Hold time is 1.422 ns)
    Info: + Largest clock skew is 2.053 ns
        Info: + Longest clock path from clock "REQ[1]" to destination register is 5.250 ns
            Info: 1: + IC(0.000 ns) + CELL(0.867 ns) = 0.867 ns; Loc. = PIN_A16; Fanout = 5; CLK Node = 'REQ[1]'
            Info: 2: + IC(1.167 ns) + CELL(0.053 ns) = 2.087 ns; Loc. = LCCOMB_X14_Y16_N16; Fanout = 1; COMB Node = 'master_device:inst4|inst26'
            Info: 3: + IC(0.492 ns) + CELL(0.712 ns) = 3.291 ns; Loc. = LCFF_X11_Y16_N27; Fanout = 3; REG Node = 'master_device:inst4|inst22'
            Info: 4: + IC(0.213 ns) + CELL(0.053 ns) = 3.557 ns; Loc. = LCCOMB_X11_Y16_N0; Fanout = 4; COMB Node = 'master_device:inst4|inst3~0'
            Info: 5: + IC(0.530 ns) + CELL(0.053 ns) = 4.140 ns; Loc. = LCCOMB_X14_Y16_N10; Fanout = 1; COMB Node = 'master_device:inst4|inst16'
            Info: 6: + IC(0.492 ns) + CELL(0.618 ns) = 5.250 ns; Loc. = LCFF_X11_Y16_N17; Fanout = 12; REG Node = 'master_device:inst4|inst14'
            Info: Total cell delay = 2.356 ns ( 44.88 % )
            Info: Total interconnect delay = 2.894 ns ( 55.12 % )
        Info: - Shortest clock path from clock "REQ[1]" to source register is 3.197 ns
            Info: 1: + IC(0.000 ns) + CELL(0.867 ns) = 0.867 ns; Loc. = PIN_A16; Fanout = 5; CLK Node = 'REQ[1]'
            Info: 2: + IC(1.167 ns) + CELL(0.053 ns) = 2.087 ns; Loc. = LCCOMB_X14_Y16_N16; Fanout = 1; COMB Node = 'master_device:inst4|inst26'
            Info: 3: + IC(0.492 ns) + CELL(0.618 ns) = 3.197 ns; Loc. = LCFF_X11_Y16_N27; Fanout = 3; REG Node = 'master_device:inst4|inst22'
            Info: Total cell delay = 1.538 ns ( 48.11 % )
            Info: Total interconnect delay = 1.659 ns ( 51.89 % )
    Info: - Micro clock to output delay of source is 0.094 ns
    Info: - Shortest register to register delay is 0.686 ns
        Info: 1: + IC(0.000 ns) + CELL(0.000 ns) = 0.000 ns; Loc. = LCFF_X11_Y16_N27; Fanout = 3; REG Node = 'master_device:inst4|inst22'
        Info: 2: + IC(0.213 ns) + CELL(0.053 ns) = 0.266 ns; Loc. = LCCOMB_X11_Y16_N0; Fanout = 4; COMB Node = 'master_device:inst4|inst3~0'
        Info: 3: + IC(0.212 ns) + CELL(0.053 ns) = 0.531 ns; Loc. = LCCOMB_X11_Y16_N16; Fanout = 1; COMB Node = 'master_device:inst4|inst14~feeder'
        Info: 4: + IC(0.000 ns) + CELL(0.155 ns) = 0.686 ns; Loc. = LCFF_X11_Y16_N17; Fanout = 12; REG Node = 'master_device:inst4|inst14'
        Info: Total cell delay = 0.261 ns ( 38.05 % )
        Info: Total interconnect delay = 0.425 ns ( 61.95 % )
    Info: + Micro hold delay of destination is 0.149 ns
Warning: Circuit may not operate. Detected 1 non-operational path(s) clocked by clock "REQ[0]" with clock skew larger than data delay. See Compilation Report for details.
Info: Found hold time violation between source  pin or register "master_device:inst2|inst22" and destination pin or register "master_device:inst2|inst14" for clock "REQ[0]" (Hold time is 522 ps)
    Info: + Largest clock skew is 1.161 ns
        Info: + Longest clock path from clock "REQ[0]" to destination register is 4.566 ns
            Info: 1: + IC(0.000 ns) + CELL(0.857 ns) = 0.857 ns; Loc. = PIN_A15; Fanout = 5; CLK Node = 'REQ[0]'
            Info: 2: + IC(1.218 ns) + CELL(0.272 ns) = 2.347 ns; Loc. = LCCOMB_X13_Y15_N26; Fanout = 4; COMB Node = 'master_device:inst2|inst3'
            Info: 3: + IC(0.824 ns) + CELL(0.225 ns) = 3.396 ns; Loc. = LCCOMB_X14_Y13_N20; Fanout = 1; COMB Node = 'master_device:inst2|inst16'
            Info: 4: + IC(0.552 ns) + CELL(0.618 ns) = 4.566 ns; Loc. = LCFF_X13_Y15_N9; Fanout = 12; REG Node = 'master_device:inst2|inst14'
            Info: Total cell delay = 1.972 ns ( 43.19 % )
            Info: Total interconnect delay = 2.594 ns ( 56.81 % )
        Info: - Shortest clock path from clock "REQ[0]" to source register is 3.405 ns
            Info: 1: + IC(0.000 ns) + CELL(0.857 ns) = 0.857 ns; Loc. = PIN_A15; Fanout = 5; CLK Node = 'REQ[0]'
            Info: 2: + IC(1.178 ns) + CELL(0.225 ns) = 2.260 ns; Loc. = LCCOMB_X14_Y16_N18; Fanout = 1; COMB Node = 'master_device:inst2|inst26'
            Info: 3: + IC(0.527 ns) + CELL(0.618 ns) = 3.405 ns; Loc. = LCFF_X13_Y15_N21; Fanout = 3; REG Node = 'master_device:inst2|inst22'
            Info: Total cell delay = 1.700 ns ( 49.93 % )
            Info: Total interconnect delay = 1.705 ns ( 50.07 % )
    Info: - Micro clock to output delay of source is 0.094 ns
    Info: - Shortest register to register delay is 0.694 ns
        Info: 1: + IC(0.000 ns) + CELL(0.000 ns) = 0.000 ns; Loc. = LCFF_X13_Y15_N21; Fanout = 3; REG Node = 'master_device:inst2|inst22'
        Info: 2: + IC(0.211 ns) + CELL(0.053 ns) = 0.264 ns; Loc. = LCCOMB_X13_Y15_N26; Fanout = 4; COMB Node = 'master_device:inst2|inst3'
        Info: 3: + IC(0.222 ns) + CELL(0.053 ns) = 0.539 ns; Loc. = LCCOMB_X13_Y15_N8; Fanout = 1; COMB Node = 'master_device:inst2|inst14~feeder'
        Info: 4: + IC(0.000 ns) + CELL(0.155 ns) = 0.694 ns; Loc. = LCFF_X13_Y15_N9; Fanout = 12; REG Node = 'master_device:inst2|inst14'
        Info: Total cell delay = 0.261 ns ( 37.61 % )
        Info: Total interconnect delay = 0.433 ns ( 62.39 % )
    Info: + Micro hold delay of destination is 0.149 ns
Info: tsu for register "arbitr:inst|inst" (data pin = "REQ[1]", clock pin = "cllk") is 3.461 ns
    Info: + Longest pin to register delay is 5.961 ns
        Info: 1: + IC(0.000 ns) + CELL(0.867 ns) = 0.867 ns; Loc. = PIN_A16; Fanout = 5; CLK Node = 'REQ[1]'
        Info: 2: + IC(4.195 ns) + CELL(0.272 ns) = 5.334 ns; Loc. = LCCOMB_X14_Y16_N14; Fanout = 2; COMB Node = 'inst16'
        Info: 3: + IC(0.244 ns) + CELL(0.228 ns) = 5.806 ns; Loc. = LCCOMB_X14_Y16_N2; Fanout = 1; COMB Node = 'arbitr:inst|inst4'
        Info: 4: + IC(0.000 ns) + CELL(0.155 ns) = 5.961 ns; Loc. = LCFF_X14_Y16_N3; Fanout = 4; REG Node = 'arbitr:inst|inst'
        Info: Total cell delay = 1.522 ns ( 25.53 % )
        Info: Total interconnect delay = 4.439 ns ( 74.47 % )
    Info: + Micro setup delay of destination is 0.090 ns
    Info: - Shortest clock path from clock "cllk" to destination register is 2.590 ns
        Info: 1: + IC(0.000 ns) + CELL(0.864 ns) = 0.864 ns; Loc. = PIN_L20; Fanout = 41; CLK Node = 'cllk'
        Info: 2: + IC(1.108 ns) + CELL(0.618 ns) = 2.590 ns; Loc. = LCFF_X14_Y16_N3; Fanout = 4; REG Node = 'arbitr:inst|inst'
        Info: Total cell delay = 1.482 ns ( 57.22 % )
        Info: Total interconnect delay = 1.108 ns ( 42.78 % )
Info: tco from clock "cllk" to destination pin "Data_slave4[0]" through register "slave_device:inst14|lpm_dff1:inst|lpm_ff:lpm_ff_component|dffs[0]" is 14.842 ns
    Info: + Longest clock path from clock "cllk" to source register is 10.353 ns
        Info: 1: + IC(0.000 ns) + CELL(0.864 ns) = 0.864 ns; Loc. = PIN_L20; Fanout = 41; CLK Node = 'cllk'
        Info: 2: + IC(1.109 ns) + CELL(0.712 ns) = 2.685 ns; Loc. = LCFF_X15_Y16_N31; Fanout = 2; REG Node = 'master_device:inst4|lpm_counter0:inst13|lpm_counter:lpm_counter_component|cntr_coi:auto_generated|safe_q[7]'
        Info: 3: + IC(0.362 ns) + CELL(0.366 ns) = 3.413 ns; Loc. = LCCOMB_X14_Y16_N6; Fanout = 2; COMB Node = 'master_device:inst4|lpm_compare0:inst2|lpm_compare:lpm_compare_component|cmpr_fig:auto_generated|aneb_result_wire[0]~0'
        Info: 4: + IC(0.272 ns) + CELL(0.366 ns) = 4.051 ns; Loc. = LCCOMB_X14_Y16_N24; Fanout = 5; COMB Node = 'master_device:inst4|lpm_compare0:inst2|lpm_compare:lpm_compare_component|cmpr_fig:auto_generated|aneb_result_wire[0]'
        Info: 5: + IC(0.628 ns) + CELL(0.712 ns) = 5.391 ns; Loc. = LCFF_X15_Y13_N1; Fanout = 4; REG Node = 'master_device:inst4|lpm_counter5:inst10|lpm_counter:lpm_counter_component|cntr_vvi:auto_generated|safe_q[0]'
        Info: 6: + IC(0.558 ns) + CELL(0.228 ns) = 6.177 ns; Loc. = LCCOMB_X14_Y13_N24; Fanout = 6; COMB Node = 'master_device:inst4|lpm_bustri1:inst9|lpm_bustri:lpm_bustri_component|dout[0]~9'
        Info: 7: + IC(0.856 ns) + CELL(0.228 ns) = 7.261 ns; Loc. = LCCOMB_X15_Y16_N12; Fanout = 1; COMB Node = 'slave_device:inst14|inst7'
        Info: 8: + IC(1.835 ns) + CELL(0.000 ns) = 9.096 ns; Loc. = CLKCTRL_G7; Fanout = 8; COMB Node = 'slave_device:inst14|inst7~clkctrl'
        Info: 9: + IC(0.639 ns) + CELL(0.618 ns) = 10.353 ns; Loc. = LCFF_X15_Y16_N11; Fanout = 1; REG Node = 'slave_device:inst14|lpm_dff1:inst|lpm_ff:lpm_ff_component|dffs[0]'
        Info: Total cell delay = 4.094 ns ( 39.54 % )
        Info: Total interconnect delay = 6.259 ns ( 60.46 % )
    Info: + Micro clock to output delay of source is 0.094 ns
    Info: + Longest register to pin delay is 4.395 ns
        Info: 1: + IC(0.000 ns) + CELL(0.000 ns) = 0.000 ns; Loc. = LCFF_X15_Y16_N11; Fanout = 1; REG Node = 'slave_device:inst14|lpm_dff1:inst|lpm_ff:lpm_ff_component|dffs[0]'
        Info: 2: + IC(2.271 ns) + CELL(2.124 ns) = 4.395 ns; Loc. = PIN_P6; Fanout = 0; PIN Node = 'Data_slave4[0]'
        Info: Total cell delay = 2.124 ns ( 48.33 % )
        Info: Total interconnect delay = 2.271 ns ( 51.67 % )
Info: Longest tpd from source pin "REQ[1]" to destination pin "bus_req" is 8.800 ns
    Info: 1: + IC(0.000 ns) + CELL(0.867 ns) = 0.867 ns; Loc. = PIN_A16; Fanout = 5; CLK Node = 'REQ[1]'
    Info: 2: + IC(4.195 ns) + CELL(0.272 ns) = 5.334 ns; Loc. = LCCOMB_X14_Y16_N14; Fanout = 2; COMB Node = 'inst16'
    Info: 3: + IC(1.464 ns) + CELL(2.002 ns) = 8.800 ns; Loc. = PIN_A18; Fanout = 0; PIN Node = 'bus_req'
    Info: Total cell delay = 3.141 ns ( 35.69 % )
    Info: Total interconnect delay = 5.659 ns ( 64.31 % )
Info: th for register "master_device:inst2|inst14" (data pin = "cllk", clock pin = "cllk") is 3.327 ns
    Info: + Longest clock path from clock "cllk" to destination register is 5.789 ns
        Info: 1: + IC(0.000 ns) + CELL(0.864 ns) = 0.864 ns; Loc. = PIN_L20; Fanout = 41; CLK Node = 'cllk'
        Info: 2: + IC(1.108 ns) + CELL(0.712 ns) = 2.684 ns; Loc. = LCFF_X14_Y16_N3; Fanout = 4; REG Node = 'arbitr:inst|inst'
        Info: 3: + IC(0.614 ns) + CELL(0.272 ns) = 3.570 ns; Loc. = LCCOMB_X13_Y15_N26; Fanout = 4; COMB Node = 'master_device:inst2|inst3'
        Info: 4: + IC(0.824 ns) + CELL(0.225 ns) = 4.619 ns; Loc. = LCCOMB_X14_Y13_N20; Fanout = 1; COMB Node = 'master_device:inst2|inst16'
        Info: 5: + IC(0.552 ns) + CELL(0.618 ns) = 5.789 ns; Loc. = LCFF_X13_Y15_N9; Fanout = 12; REG Node = 'master_device:inst2|inst14'
        Info: Total cell delay = 2.691 ns ( 46.48 % )
        Info: Total interconnect delay = 3.098 ns ( 53.52 % )
    Info: + Micro hold delay of destination is 0.149 ns
    Info: - Shortest pin to register delay is 2.611 ns
        Info: 1: + IC(0.000 ns) + CELL(0.864 ns) = 0.864 ns; Loc. = PIN_L20; Fanout = 41; CLK Node = 'cllk'
        Info: 2: + IC(1.163 ns) + CELL(0.154 ns) = 2.181 ns; Loc. = LCCOMB_X13_Y15_N26; Fanout = 4; COMB Node = 'master_device:inst2|inst3'
        Info: 3: + IC(0.222 ns) + CELL(0.053 ns) = 2.456 ns; Loc. = LCCOMB_X13_Y15_N8; Fanout = 1; COMB Node = 'master_device:inst2|inst14~feeder'
        Info: 4: + IC(0.000 ns) + CELL(0.155 ns) = 2.611 ns; Loc. = LCFF_X13_Y15_N9; Fanout = 12; REG Node = 'master_device:inst2|inst14'
        Info: Total cell delay = 1.226 ns ( 46.96 % )
        Info: Total interconnect delay = 1.385 ns ( 53.04 % )
Info: Quartus II Classic Timing Analyzer was successful. 0 errors, 5 warnings
    Info: Peak virtual memory: 190 megabytes
    Info: Processing ended: Tue Mar 11 02:45:53 2025
    Info: Elapsed time: 00:00:00
    Info: Total CPU time (on all processors): 00:00:01


